{
  "optimization_settings": {
    "method": "brute_force_sobol",
    "num_coils": 7,
    "n_samples": 262144,
    "omega": 1e-07,
    "dist_th": 5.0,
    "reg_in": 1e-05,
    "rfil": 0.01
  },
  "best_cost": 0.02634732639128419,
  "best_flux_err": 0.026346048196294727,
  "n_evals": 262144,
  "time": 994.0833551883698,
  "parameters": {
    "thetas": [
      168.4306725859642,
      10.456868708133698,
      149.07083600759506,
      131.46898075938225,
      41.463415920734406,
      12.22177118062973,
      15.699899345636368
    ],
    "radials": [
      0.2988636875525117,
      0.0398626858368516,
      0.8341310294345021,
      0.9168707951903343,
      0.27032794896513224,
      0.410139836370945,
      0.060361472889781
    ]
  },
  "coil_positions_top": [
    [
      0.8962085353565319,
      0.3617513975473716
    ],
    [
      2.4563495213603233,
      0.33099341275641275
    ],
    [
      0.853273894155887,
      0.9070229377737073
    ],
    [
      0.8515718918482424,
      1.2376793318792119
    ],
    [
      2.168319059332286,
      1.1383068463255257
    ],
    [
      2.65506725752411,
      0.40485556579520865
    ],
    [
      2.4341533490575897,
      0.49069144784135127
    ]
  ],
  "coil_currents": [
    -2453.407220124873,
    -1148.5321668234426,
    3692.5224647745,
    4671.81561774186,
    891.0861466053722,
    2254.5233359664426,
    785.4563532646274,
    1586.9326942277457,
    837.3669031173591,
    -2393.8224251582023,
    2955.897325274059,
    3708.65918486859,
    2777.8581650992764,
    4662.824749878288
  ]
}