{"method": "L-BFGS", "n_evals": 55, "elapsed": 2764.5740978717804, "best_cost": 1.0038739838523776, "best_flux_err": 0.20757516902949474, "best_fb_cost": 9.230821092309855, "initial_fixed_cost": 0.20760270419716353, "initial_fb_cost": 9.231691719566504, "best_norm_fixed": 0.9998673660452774, "best_norm_fb": 0.9999056914720404, "best_params": [34.874488010625655, 104.19959451164439, 107.20513374817271, 0.2425084771190339, 0.8456897474922288, 0.262633027799037]}