{
  "optimization_settings": {
    "method": "brute_force_sobol",
    "num_coils": 7,
    "n_samples": 262144,
    "omega": 1e-07,
    "dist_th": 5.0,
    "reg_in": 5e-06,
    "rfil": 0.01
  },
  "best_cost": 0.014476086977021265,
  "best_flux_err": 0.014475299529395516,
  "n_evals": 262144,
  "time": 14101.460801124573,
  "parameters": {
    "thetas": [
      40.575589686632156,
      152.0593385398388,
      116.36238932609558,
      14.501737505197525,
      86.37478172779083,
      12.307887226343155,
      169.96584698557854
    ],
    "radials": [
      0.030684633180499077,
      0.4799992013722658,
      0.7615938177332282,
      0.16987869143486023,
      0.7200420536100864,
      0.02046342846006155,
      0.7529423460364342
    ]
  },
  "coil_positions_top": [
    [
      2.08936127685426,
      1.0869203664369491
    ],
    [
      0.8816485709254218,
      0.8102645843113543
    ],
    [
      0.908085176030031,
      1.4222874715565368
    ],
    [
      2.5039855738097336,
      0.4619905060301248
    ],
    [
      1.3063579202722646,
      1.5697327309188456
    ],
    [
      2.4351260296504957,
      0.38668069619667444
    ],
    [
      0.8598769627271963,
      0.32981011786457687
    ]
  ],
  "coil_currents": [
    -1427.112729094094,
    -4599.792181854273,
    3172.431417664209,
    5754.328211637879,
    1829.566236712682,
    2987.138821438416,
    4113.728098008401,
    7031.975548138011,
    2236.224692178094,
    3097.026762773368,
    5312.10857950526,
    6165.8141088772645,
    -5852.030638209733,
    -4828.749988666272
  ]
}