{"optimization_settings": {"num_coils": 3, "max_evals": 262144, "max_time": 259200.0, "convergence_threshold": 0.01, "omega": 0.01, "dist_th": 5.0, "reg_in": 1e-06, "rfil": 0.01, "alpha": 0.75, "weight_fb": 0.1, "maxiter": null, "maxfun": null}, "method": "Bayesian", "stopping": "in_progress", "n_evals": 168, "current_start": 0, "elapsed": 8475.281239748001, "best_cost": 0.9190121685399347, "best_flux_err": 0.005758052057317696, "best_fb_cost": 2.1766052839290846, "initial_fixed_cost": 0.013629383081820204, "initial_fb_cost": 2.0069662872088725, "best_norm_fixed": 0.42247341811077105, "best_norm_fb": 1.084525085349656, "best_params": [135.59307192112803, 37.5766742169634, 20.842394131472965, 0.3733748047334831, 0.31517057073766114, 0.4958505466804568], "fb_failures": 2, "starts_completed": 0, "convergence_window": null, "random_state": null, "parameters": {"thetas": [135.59307192112803, 37.5766742169634, 20.842394131472965], "radials": [0.3733748047334831, 0.31517057073766114, 0.4958505466804568]}, "coil_positions_top": [[0.8918831666914929, 1.115172578006952], [2.2631151144335906, 1.0715275792219978], [2.619135445777493, 0.6765064190492268]], "coil_currents": [32003.6627697716, 33824.3085104245, -12285.678290809952, -14680.485581018735, 20050.194181070474, 24614.11636234345], "start_boundaries": [], "start_costs": [], "convergence_history": [0.9190122444574591, 0.9190122402348061, 0.9190122402348061, 0.9190122402348061, 0.9190122402348061, 0.9190122402348061, 0.9190122402348061, 0.9190122402348061, 0.9190122402348061, 0.9190122402348061, 0.9190122402348061, 0.9190122402348061, 0.9190122402348061, 0.9190122402348061, 0.9190122402348061, 0.9190122402348061, 0.9190122402348061, 0.9190122402348061, 0.9190122402348061, 0.9190122402348061, 0.9190122402348061, 0.9190122402348061, 0.9190122402348061, 0.9190122402348061, 0.9190122402348061, 0.9190122402348061, 0.9190122402348061, 0.9190122402348061, 0.9190122402348061, 0.9190122402348061, 0.9190122402348061, 0.9190122402348061, 0.9190122402348061, 0.9190122402348061, 0.9190122402348061, 0.9190122402348061, 0.9190122402348061, 0.9190122402348061, 0.9190122402348061, 0.9190122402348061, 0.9190122402348061, 0.9190122402348061, 0.9190122402348061, 0.9190122402348061, 0.9190122402348061, 0.9190122402348061, 0.9190122402348061, 0.9190122402348061, 0.9190122402348061, 0.9190122402348061, 0.9190122402348061, 0.9190122402348061, 0.9190122402348061, 0.9190122402348061, 0.9190122402348061, 0.9190122402348061, 0.9190122402348061, 0.9190122402348061, 0.9190122402348061, 0.9190122402348061, 0.9190122402348061, 0.9190122402348061, 0.9190122402348061, 0.9190122402348061, 0.9190122402348061, 0.9190122402348061, 0.9190122402348061, 0.9190122402348061, 0.9190122402348061, 0.9190122402348061, 0.9190122402348061, 0.9190122402348061, 0.9190122402348061, 0.9190122402348061, 0.9190122402348061, 0.9190122402348061, 0.9190122402348061, 0.9190122402348061, 0.9190122402348061, 0.9190122402348061, 0.9190122402348061, 0.9190122402348061, 0.9190122402348061, 0.9190122402348061, 0.9190122402348061, 0.9190122402348061, 0.9190122402348061, 0.9190122402348061, 0.9190122402348061, 0.9190122402348061, 0.9190122402348061, 0.9190122402348061, 0.9190122402348061, 0.9190122402348061, 0.9190122402348061, 0.9190122402348061, 0.9190122402348061, 0.9190122402348061, 0.9190122402348061, 0.9190122402348061, 0.9190122402348061, 0.9190122402348061, 0.9190122402348061, 0.9190122402348061, 0.9190122402348061, 0.9190122402348061, 0.9190122402348061, 0.9190122402348061, 0.9190122402348061, 0.9190122402348061, 0.9190122402348061, 0.9190122402348061, 0.9190122402348061, 0.9190122402348061, 0.9190122402348061, 0.9190122402348061, 0.9190122402348061, 0.9190122402348061, 0.9190122402348061, 0.9190122402348061, 0.9190122402348061, 0.9190122402348061, 0.9190122402348061, 0.9190122402348061, 0.9190122402348061, 0.9190122402348061, 0.9190122402348061, 0.9190122402348061, 0.9190122402348061, 0.9190122402348061, 0.9190122402348061, 0.9190122402348061, 0.9190122402348061, 0.9190122402348061, 0.9190122402348061, 0.9190122402348061, 0.9190121685399347, 0.9190121685399347, 0.9190121685399347, 0.9190121685399347, 0.9190121685399347, 0.9190121685399347, 0.9190121685399347, 0.9190121685399347, 0.9190121685399347, 0.9190121685399347, 0.9190121685399347], "cost_history": [1.0, 10.623880071436709, 3.5152680982376574, 5.018411220049587, 1.3795401300787387, 2.802685825414824, 11.792080218805296, 8.541225589643016, 10.278735109019461, 3.175890160772446, 1.8321545832688226, 11.240721523879397, 0.9419584715643121, 7.3316651310717775, 12.03312525153078, 10.632687276275483, 2.2330700203969744, 4.149220263442483, 4.10015431242184, 2.931731188188197, 1.3257397840329954, 0.9190122444574591, 0.9190122402348061, 0.9190122444176089, 0.9190214713814718, 0.9190122545081503, 0.9190122446532154, 0.9190151707780978, 1.7756169948271976, 1.7756169982929362, 1.775616998282477, 1.775787288272329, 1.7756170376715423, 1.775616998109733, 1.775616184147859, 0.9255852317148383, 0.9255852333579622, 0.9255852316746492, 0.9255850009689455, 0.925585232039886, 0.9255852319029843, 0.9255781761635238, 0.9209590272488227, 0.9209590272260006, 0.9209590249475668, 0.9209667627245617, 0.9209590275755383, 0.920958998253397, 0.9209603197296261, 0.9194437809726598, 0.9194438805949192, 0.9194437809327867, 0.919451592022273, 0.9194438274541223, 0.9194437808416898, 0.9194517198286296, 0.9191082719125062, 0.919108313279071, 0.9191092197048439, 0.919108880882709, 0.9191082722380106, 0.9191082721080969, 0.9191164841513206, 0.9190434601162613, 0.9190434587563736, 0.9190434587393308, 0.919045135151678, 0.9190434659428088, 0.9190434589748868, 0.91904534385776, 0.9190240589176616, 0.9190240576041878, 0.919024057540731, 0.9190230806033849, 0.9190240579511462, 0.9190240578227379, 0.9190213618664297, 0.9190173167958076, 0.9190173168194723, 0.9190173167559567, 0.9190165954051047, 0.9190173171677937, 0.9190173183286374, 0.9190233783658575, 0.919022561112132, 0.9190225610893226, 0.9190216813355966, 0.9190137959715892, 0.9190225614376438, 0.9190216530145854, 0.9190137538419937, 0.9190134318054145, 0.9190134283278779, 0.9190130198473311, 0.9190210723195649, 0.9190134250948153, 0.9190134333382483, 0.9190225188865621, 0.9190207073791241, 0.9190207073590391, 0.9190206153927218, 0.9190141576492536, 0.919020707704636, 0.9190208551132732, 0.9190209193402397, 0.9190198451678748, 0.919019846482145, 0.9190198286943071, 0.9190208581370901, 0.9190198290173406, 0.9190198118932427, 0.9190122605323355, 0.9190135488527494, 0.9190134707824315, 0.9190135467768833, 0.9190139386840604, 0.919013465142891, 0.9190134629756979, 0.919019520946469, 0.9190202419022154, 0.9190202432164853, 0.9190202418637871, 0.9190132293993152, 0.919020242229149, 0.9190202421444466, 0.9190132474515232, 0.91901314495301, 0.9190131449302003, 0.9190131449131604, 0.9190131187064645, 0.9190131117191577, 0.9190131451487664, 0.9190129935718407, 0.9190130962412656, 0.9190131114799751, 0.9190130962014152, 0.9190214428470935, 0.9190130965667775, 0.9190130967630041, 0.9190207940006248, 0.9190142501566646, 0.9190142501338547, 0.9190146409870223, 0.9190208450242997, 0.9190142504821764, 0.9190142283041689, 0.919014721144302, 0.9190122987514047, 0.9190122987258111, 0.91901229584879, 0.9190133228539333, 0.9190122990769168, 0.9190122995788729, 0.9190154584516798, 0.9190213298374559, 0.9190213344419897, 0.9190213297990276, 0.9190121685399347, 0.919021330162968, 0.9190213513908304, 0.9190129704962334, 0.9190131732645654, 0.9190131565845259, 0.9190129950187328, 0.9190204780680865, 0.9190131542320596, 0.9190132381381999, 0.9190132181574051],