2026-06-14 15:29:30,153 pid=671301 weight_fb=1.00e-03 params=[1.6437e+02 1.1751e+02 1.5322e+02 1.1003e+02 4.2851e-01 7.0680e-01
 4.8307e-01 9.1448e-02]
Traceback (most recent call last):
  File "/home/nl2951/alfven/PF_location_optimization/opt_comp_combined_boundary.py", line 213, in _free_boundary_cost
    mygs.solve()
  File "/home/nl2951/OpenFUSIONToolkit/install_release/python/OpenFUSIONToolkit/TokaMaker/_core.py", line 695, in solve
    raise ValueError("Error in solve: {0}".format(error_string.value.decode()))
ValueError: Error in solve: Exceeded "maxits"                       

2026-06-14 15:35:06,509 pid=671301 weight_fb=1.00e-03 params=[1.1437e+02 8.7509e+01 1.2322e+02 1.4003e+02 4.9101e-01 3.9430e-01
 4.5573e-02 5.2895e-01]
Traceback (most recent call last):
  File "/home/nl2951/alfven/PF_location_optimization/opt_comp_combined_boundary.py", line 213, in _free_boundary_cost
    mygs.solve()
  File "/home/nl2951/OpenFUSIONToolkit/install_release/python/OpenFUSIONToolkit/TokaMaker/_core.py", line 695, in solve
    raise ValueError("Error in solve: {0}".format(error_string.value.decode()))
ValueError: Error in solve: Exceeded "maxits"                       

2026-06-14 15:37:28,696 pid=671301 weight_fb=1.00e-03 params=[1.5437e+02 1.2751e+02 8.3217e+01 1.0003e+02 7.4101e-01 1.4430e-01
 2.9557e-01 7.7895e-01]
Traceback (most recent call last):
  File "/home/nl2951/alfven/PF_location_optimization/opt_comp_combined_boundary.py", line 213, in _free_boundary_cost
    mygs.solve()
  File "/home/nl2951/OpenFUSIONToolkit/install_release/python/OpenFUSIONToolkit/TokaMaker/_core.py", line 695, in solve
    raise ValueError("Error in solve: {0}".format(error_string.value.decode()))
ValueError: Error in solve: Exceeded "maxits"                       

2026-06-14 15:39:33,240 pid=671301 weight_fb=1.00e-03 params=[ 14.3697 107.5093 103.2171 160.0314   0.616    0.7693   0.9206   0.6539]
Traceback (most recent call last):
  File "/home/nl2951/alfven/PF_location_optimization/opt_comp_combined_boundary.py", line 185, in _free_boundary_cost
    make_mesh(scan_geom, mesh_file, lim)
  File "/home/nl2951/alfven/PF_location_optimization/opt_comp_combined_boundary.py", line 165, in make_mesh
    mesh_pts, mesh_lc, mesh_reg = gs_mesh.build_mesh()
                                  ^^^^^^^^^^^^^^^^^^^^
  File "/home/nl2951/OpenFUSIONToolkit/install_release/python/OpenFUSIONToolkit/TokaMaker/meshing.py", line 628, in build_mesh
    raise ValueError('Meshing error: unclaimed region detected!')
ValueError: Meshing error: unclaimed region detected!

2026-06-14 15:40:52,126 pid=671301 weight_fb=1.00e-03 params=[ 99.3697 112.5093  48.2171  95.0314   0.2098   0.5506   0.5143   0.4352]
Traceback (most recent call last):
  File "/home/nl2951/alfven/PF_location_optimization/opt_comp_combined_boundary.py", line 185, in _free_boundary_cost
    make_mesh(scan_geom, mesh_file, lim)
  File "/home/nl2951/alfven/PF_location_optimization/opt_comp_combined_boundary.py", line 165, in make_mesh
    mesh_pts, mesh_lc, mesh_reg = gs_mesh.build_mesh()
                                  ^^^^^^^^^^^^^^^^^^^^
  File "/home/nl2951/OpenFUSIONToolkit/install_release/python/OpenFUSIONToolkit/TokaMaker/meshing.py", line 628, in build_mesh
    raise ValueError('Meshing error: unclaimed region detected!')
ValueError: Meshing error: unclaimed region detected!

2026-06-14 15:43:00,600 pid=671301 weight_fb=1.00e-03 params=[139.3697 152.5093 168.2171 135.0314   0.9598   0.8006   0.7643   0.6852]
Traceback (most recent call last):
  File "/home/nl2951/alfven/PF_location_optimization/opt_comp_combined_boundary.py", line 185, in _free_boundary_cost
    make_mesh(scan_geom, mesh_file, lim)
  File "/home/nl2951/alfven/PF_location_optimization/opt_comp_combined_boundary.py", line 165, in make_mesh
    mesh_pts, mesh_lc, mesh_reg = gs_mesh.build_mesh()
                                  ^^^^^^^^^^^^^^^^^^^^
  File "/home/nl2951/OpenFUSIONToolkit/install_release/python/OpenFUSIONToolkit/TokaMaker/meshing.py", line 628, in build_mesh
    raise ValueError('Meshing error: unclaimed region detected!')
ValueError: Meshing error: unclaimed region detected!

2026-06-14 15:44:33,425 pid=671301 weight_fb=1.00e-03 params=[7.9370e+01 1.3251e+02 6.8217e+01 1.5503e+02 8.4756e-02 4.2555e-01
 1.3932e-01 5.6020e-01]
Traceback (most recent call last):
  File "/home/nl2951/alfven/PF_location_optimization/opt_comp_combined_boundary.py", line 213, in _free_boundary_cost
    mygs.solve()
  File "/home/nl2951/OpenFUSIONToolkit/install_release/python/OpenFUSIONToolkit/TokaMaker/_core.py", line 695, in solve
    raise ValueError("Error in solve: {0}".format(error_string.value.decode()))
ValueError: Error in solve: Exceeded "maxits"                       

2026-06-14 15:45:51,928 pid=671301 weight_fb=1.00e-03 params=[119.3697  12.5093 108.2171 115.0314   0.8348   0.6756   0.8893   0.3102]
Traceback (most recent call last):
  File "/home/nl2951/alfven/PF_location_optimization/opt_comp_combined_boundary.py", line 185, in _free_boundary_cost
    make_mesh(scan_geom, mesh_file, lim)
  File "/home/nl2951/alfven/PF_location_optimization/opt_comp_combined_boundary.py", line 165, in make_mesh
    mesh_pts, mesh_lc, mesh_reg = gs_mesh.build_mesh()
                                  ^^^^^^^^^^^^^^^^^^^^
  File "/home/nl2951/OpenFUSIONToolkit/install_release/python/OpenFUSIONToolkit/TokaMaker/meshing.py", line 628, in build_mesh
    raise ValueError('Meshing error: unclaimed region detected!')
ValueError: Meshing error: unclaimed region detected!

2026-06-14 15:47:24,906 pid=671301 weight_fb=1.00e-03 params=[2.9370e+01 1.4251e+02 7.8217e+01 8.5031e+01 2.7226e-01 1.1305e-01
 7.6823e-02 2.4770e-01]
Traceback (most recent call last):
  File "/home/nl2951/alfven/PF_location_optimization/opt_comp_combined_boundary.py", line 213, in _free_boundary_cost
    mygs.solve()
  File "/home/nl2951/OpenFUSIONToolkit/install_release/python/OpenFUSIONToolkit/TokaMaker/_core.py", line 695, in solve
    raise ValueError("Error in solve: {0}".format(error_string.value.decode()))
ValueError: Error in solve: Exceeded "maxits"                       

2026-06-14 15:52:08,590 pid=671301 weight_fb=1.00e-03 params=[ 89.3697 122.5093 138.2171  65.0314   0.3973   0.4881   0.9518   0.8727]
Traceback (most recent call last):
  File "/home/nl2951/alfven/PF_location_optimization/opt_comp_combined_boundary.py", line 213, in _free_boundary_cost
    mygs.solve()
  File "/home/nl2951/OpenFUSIONToolkit/install_release/python/OpenFUSIONToolkit/TokaMaker/_core.py", line 695, in solve
    raise ValueError("Error in solve: {0}".format(error_string.value.decode()))
ValueError: Error in solve: Exceeded "maxits"                       

2026-06-14 15:56:04,341 pid=671301 weight_fb=1.00e-03 params=[151.8697  60.0093 110.7171 142.5314   0.2566   0.4724   0.3737   0.6383]
Traceback (most recent call last):
  File "/home/nl2951/alfven/PF_location_optimization/opt_comp_combined_boundary.py", line 213, in _free_boundary_cost
    mygs.solve()
  File "/home/nl2951/OpenFUSIONToolkit/install_release/python/OpenFUSIONToolkit/TokaMaker/_core.py", line 695, in solve
    raise ValueError("Error in solve: {0}".format(error_string.value.decode()))
ValueError: Error in solve: Exceeded "maxits"                       

2026-06-14 15:59:20,514 pid=671301 weight_fb=1.00e-03 params=[1.2187e+02 5.0009e+01 4.0717e+01 5.2531e+01 6.9131e-02 7.8493e-01
 3.1120e-01 9.5082e-01]
Traceback (most recent call last):
  File "/home/nl2951/alfven/PF_location_optimization/opt_comp_combined_boundary.py", line 213, in _free_boundary_cost
    mygs.solve()
  File "/home/nl2951/OpenFUSIONToolkit/install_release/python/OpenFUSIONToolkit/TokaMaker/_core.py", line 695, in solve
    raise ValueError("Error in solve: {0}".format(error_string.value.decode()))
ValueError: Error in solve: Exceeded "maxits"                       

2026-06-14 15:59:51,364 pid=671301 weight_fb=1.00e-03 params=[ 41.8697 130.0093 120.7171 132.5314   0.5691   0.2849   0.8112   0.4508]
Traceback (most recent call last):
  File "/home/nl2951/alfven/PF_location_optimization/opt_comp_combined_boundary.py", line 185, in _free_boundary_cost
    make_mesh(scan_geom, mesh_file, lim)
  File "/home/nl2951/alfven/PF_location_optimization/opt_comp_combined_boundary.py", line 165, in make_mesh
    mesh_pts, mesh_lc, mesh_reg = gs_mesh.build_mesh()
                                  ^^^^^^^^^^^^^^^^^^^^
  File "/home/nl2951/OpenFUSIONToolkit/install_release/python/OpenFUSIONToolkit/TokaMaker/meshing.py", line 628, in build_mesh
    raise ValueError('Meshing error: unclaimed region detected!')
ValueError: Meshing error: unclaimed region detected!

2026-06-14 16:00:22,055 pid=671301 weight_fb=1.00e-03 params=[8.1870e+01 9.0009e+01 8.0717e+01 9.2531e+01 8.1913e-01 3.4929e-02
 5.6120e-01 7.0082e-01]
Traceback (most recent call last):
  File "/home/nl2951/alfven/PF_location_optimization/opt_comp_combined_boundary.py", line 185, in _free_boundary_cost
    make_mesh(scan_geom, mesh_file, lim)
  File "/home/nl2951/alfven/PF_location_optimization/opt_comp_combined_boundary.py", line 165, in make_mesh
    mesh_pts, mesh_lc, mesh_reg = gs_mesh.build_mesh()
                                  ^^^^^^^^^^^^^^^^^^^^
  File "/home/nl2951/OpenFUSIONToolkit/install_release/python/OpenFUSIONToolkit/TokaMaker/meshing.py", line 628, in build_mesh
    raise ValueError('Meshing error: unclaimed region detected!')
ValueError: Meshing error: unclaimed region detected!

2026-06-14 16:00:52,740 pid=671301 weight_fb=1.00e-03 params=[1.6187e+02 1.0009e+01 1.6072e+02 1.2531e+01 3.1913e-01 5.3493e-01
 6.1198e-02 2.0082e-01]
Traceback (most recent call last):
  File "/home/nl2951/alfven/PF_location_optimization/opt_comp_combined_boundary.py", line 185, in _free_boundary_cost
    make_mesh(scan_geom, mesh_file, lim)
  File "/home/nl2951/alfven/PF_location_optimization/opt_comp_combined_boundary.py", line 165, in make_mesh
    mesh_pts, mesh_lc, mesh_reg = gs_mesh.build_mesh()
                                  ^^^^^^^^^^^^^^^^^^^^
  File "/home/nl2951/OpenFUSIONToolkit/install_release/python/OpenFUSIONToolkit/TokaMaker/meshing.py", line 628, in build_mesh
    raise ValueError('Meshing error: unclaimed region detected!')
ValueError: Meshing error: unclaimed region detected!

2026-06-14 16:01:23,717 pid=671301 weight_fb=1.00e-03 params=[141.8697 110.0093 140.7171  32.5314   0.6941   0.6599   0.4362   0.5758]
Traceback (most recent call last):
  File "/home/nl2951/alfven/PF_location_optimization/opt_comp_combined_boundary.py", line 185, in _free_boundary_cost
    make_mesh(scan_geom, mesh_file, lim)
  File "/home/nl2951/alfven/PF_location_optimization/opt_comp_combined_boundary.py", line 165, in make_mesh
    mesh_pts, mesh_lc, mesh_reg = gs_mesh.build_mesh()
                                  ^^^^^^^^^^^^^^^^^^^^
  File "/home/nl2951/OpenFUSIONToolkit/install_release/python/OpenFUSIONToolkit/TokaMaker/meshing.py", line 628, in build_mesh
    raise ValueError('Meshing error: unclaimed region detected!')
ValueError: Meshing error: unclaimed region detected!

2026-06-14 16:03:31,104 pid=671301 weight_fb=1.00e-03 params=[101.8697 150.0093 100.7171 152.5314   0.4441   0.9099   0.1862   0.8258]
Traceback (most recent call last):
  File "/home/nl2951/alfven/PF_location_optimization/opt_comp_combined_boundary.py", line 185, in _free_boundary_cost
    make_mesh(scan_geom, mesh_file, lim)
  File "/home/nl2951/alfven/PF_location_optimization/opt_comp_combined_boundary.py", line 165, in make_mesh
    mesh_pts, mesh_lc, mesh_reg = gs_mesh.build_mesh()
                                  ^^^^^^^^^^^^^^^^^^^^
  File "/home/nl2951/OpenFUSIONToolkit/install_release/python/OpenFUSIONToolkit/TokaMaker/meshing.py", line 628, in build_mesh
    raise ValueError('Meshing error: unclaimed region detected!')
ValueError: Meshing error: unclaimed region detected!

2026-06-14 16:10:25,662 pid=671301 weight_fb=1.00e-03 params=[1.0687e+02 1.0501e+02 8.5717e+01 7.7531e+01 3.5038e-01 3.6793e-03
 8.4245e-01 1.0707e-01]
Traceback (most recent call last):
  File "/home/nl2951/alfven/PF_location_optimization/opt_comp_combined_boundary.py", line 185, in _free_boundary_cost
    make_mesh(scan_geom, mesh_file, lim)
  File "/home/nl2951/alfven/PF_location_optimization/opt_comp_combined_boundary.py", line 165, in make_mesh
    mesh_pts, mesh_lc, mesh_reg = gs_mesh.build_mesh()
                                  ^^^^^^^^^^^^^^^^^^^^
  File "/home/nl2951/OpenFUSIONToolkit/install_release/python/OpenFUSIONToolkit/TokaMaker/meshing.py", line 628, in build_mesh
    raise ValueError('Meshing error: unclaimed region detected!')
ValueError: Meshing error: unclaimed region detected!

2026-06-14 16:12:31,886 pid=671301 weight_fb=1.00e-03 params=[1.4687e+02 1.4501e+02 1.2572e+02 1.1753e+02 1.0038e-01 2.5368e-01
 5.9245e-01 8.5707e-01]
Traceback (most recent call last):
  File "/home/nl2951/alfven/PF_location_optimization/opt_comp_combined_boundary.py", line 185, in _free_boundary_cost
    make_mesh(scan_geom, mesh_file, lim)
  File "/home/nl2951/alfven/PF_location_optimization/opt_comp_combined_boundary.py", line 165, in make_mesh
    mesh_pts, mesh_lc, mesh_reg = gs_mesh.build_mesh()
                                  ^^^^^^^^^^^^^^^^^^^^
  File "/home/nl2951/OpenFUSIONToolkit/install_release/python/OpenFUSIONToolkit/TokaMaker/meshing.py", line 628, in build_mesh
    raise ValueError('Meshing error: unclaimed region detected!')
ValueError: Meshing error: unclaimed region detected!

2026-06-14 16:16:30,256 pid=671301 weight_fb=1.00e-03 params=[8.8120e+01 1.0126e+02 1.4447e+02 1.5878e+02 1.3944e-01 7.3992e-02
 3.8151e-01 2.8676e-01]
Traceback (most recent call last):
  File "/home/nl2951/alfven/PF_location_optimization/opt_comp_combined_boundary.py", line 213, in _free_boundary_cost
    mygs.solve()
  File "/home/nl2951/OpenFUSIONToolkit/install_release/python/OpenFUSIONToolkit/TokaMaker/_core.py", line 695, in solve
    raise ValueError("Error in solve: {0}".format(error_string.value.decode()))
ValueError: Error in solve: Exceeded "maxits"                       

2026-06-14 16:18:54,342 pid=671301 weight_fb=1.00e-03 params=[1.2812e+02 1.4126e+02 1.0447e+02 3.8781e+01 3.8944e-01 3.2399e-01
 1.3151e-01 3.6761e-02]
Traceback (most recent call last):
  File "/home/nl2951/alfven/PF_location_optimization/opt_comp_combined_boundary.py", line 213, in _free_boundary_cost
    mygs.solve()
  File "/home/nl2951/OpenFUSIONToolkit/install_release/python/OpenFUSIONToolkit/TokaMaker/_core.py", line 695, in solve
    raise ValueError("Error in solve: {0}".format(error_string.value.decode()))
ValueError: Error in solve: Exceeded "maxits"                       

2026-06-14 16:20:30,767 pid=671301 weight_fb=1.00e-03 params=[ 68.1197 121.2593 124.4671  98.7814   0.2644   0.949    0.7565   0.1618]
Traceback (most recent call last):
  File "/home/nl2951/alfven/PF_location_optimization/opt_comp_combined_boundary.py", line 213, in _free_boundary_cost
    mygs.solve()
  File "/home/nl2951/OpenFUSIONToolkit/install_release/python/OpenFUSIONToolkit/TokaMaker/_core.py", line 695, in solve
    raise ValueError("Error in solve: {0}".format(error_string.value.decode()))
ValueError: Error in solve: Exceeded "maxits"                       

2026-06-14 16:24:29,142 pid=671301 weight_fb=1.00e-03 params=[ 78.1197 111.2593  54.4671  68.7814   0.3269   0.8865   0.694    0.5993]
Traceback (most recent call last):
  File "/home/nl2951/alfven/PF_location_optimization/opt_comp_combined_boundary.py", line 213, in _free_boundary_cost
    mygs.solve()
  File "/home/nl2951/OpenFUSIONToolkit/install_release/python/OpenFUSIONToolkit/TokaMaker/_core.py", line 695, in solve
    raise ValueError("Error in solve: {0}".format(error_string.value.decode()))
ValueError: Error in solve: Exceeded "maxits"                       

2026-06-14 16:25:16,352 pid=671301 weight_fb=1.00e-03 params=[1.5812e+02 3.1259e+01 1.3447e+02 1.4878e+02 8.2694e-01 3.8649e-01
 1.9401e-01 9.9261e-02]
Traceback (most recent call last):
  File "/home/nl2951/alfven/PF_location_optimization/opt_comp_combined_boundary.py", line 213, in _free_boundary_cost
    mygs.solve()
  File "/home/nl2951/OpenFUSIONToolkit/install_release/python/OpenFUSIONToolkit/TokaMaker/_core.py", line 695, in solve
    raise ValueError("Error in solve: {0}".format(error_string.value.decode()))
ValueError: Error in solve: Exceeded "maxits"                       

2026-06-14 16:25:47,137 pid=671301 weight_fb=1.00e-03 params=[138.1197  91.2593 154.4671  88.7814   0.2019   0.2615   0.319    0.4743]
Traceback (most recent call last):
  File "/home/nl2951/alfven/PF_location_optimization/opt_comp_combined_boundary.py", line 185, in _free_boundary_cost
    make_mesh(scan_geom, mesh_file, lim)
  File "/home/nl2951/alfven/PF_location_optimization/opt_comp_combined_boundary.py", line 165, in make_mesh
    mesh_pts, mesh_lc, mesh_reg = gs_mesh.build_mesh()
                                  ^^^^^^^^^^^^^^^^^^^^
  File "/home/nl2951/OpenFUSIONToolkit/install_release/python/OpenFUSIONToolkit/TokaMaker/meshing.py", line 628, in build_mesh
    raise ValueError('Meshing error: unclaimed region detected!')
ValueError: Meshing error: unclaimed region detected!

2026-06-14 16:28:13,649 pid=671301 weight_fb=1.00e-03 params=[9.8120e+01 1.3126e+02 3.4467e+01 1.2878e+02 9.5194e-01 1.1492e-02
 6.9010e-02 7.2426e-01]
Traceback (most recent call last):
  File "/home/nl2951/alfven/PF_location_optimization/opt_comp_combined_boundary.py", line 213, in _free_boundary_cost
    mygs.solve()
  File "/home/nl2951/OpenFUSIONToolkit/install_release/python/OpenFUSIONToolkit/TokaMaker/_core.py", line 695, in solve
    raise ValueError("Error in solve: {0}".format(error_string.value.decode()))
ValueError: Error in solve: Exceeded "maxits"                       

2026-06-14 16:32:04,381 pid=671301 weight_fb=1.00e-03 params=[163.1197 116.2593  79.4671 113.7814   0.5457   0.6052   0.7878   0.3805]
Traceback (most recent call last):
  File "/home/nl2951/alfven/PF_location_optimization/opt_comp_combined_boundary.py", line 185, in _free_boundary_cost
    make_mesh(scan_geom, mesh_file, lim)
  File "/home/nl2951/alfven/PF_location_optimization/opt_comp_combined_boundary.py", line 165, in make_mesh
    mesh_pts, mesh_lc, mesh_reg = gs_mesh.build_mesh()
                                  ^^^^^^^^^^^^^^^^^^^^
  File "/home/nl2951/OpenFUSIONToolkit/install_release/python/OpenFUSIONToolkit/TokaMaker/meshing.py", line 628, in build_mesh
    raise ValueError('Meshing error: unclaimed region detected!')
ValueError: Meshing error: unclaimed region detected!

2026-06-14 16:34:09,571 pid=671301 weight_fb=1.00e-03 params=[123.1197 156.2593 119.4671  73.7814   0.7957   0.8552   0.5378   0.6305]
Traceback (most recent call last):
  File "/home/nl2951/alfven/PF_location_optimization/opt_comp_combined_boundary.py", line 185, in _free_boundary_cost
    make_mesh(scan_geom, mesh_file, lim)
  File "/home/nl2951/alfven/PF_location_optimization/opt_comp_combined_boundary.py", line 165, in make_mesh
    mesh_pts, mesh_lc, mesh_reg = gs_mesh.build_mesh()
                                  ^^^^^^^^^^^^^^^^^^^^
  File "/home/nl2951/OpenFUSIONToolkit/install_release/python/OpenFUSIONToolkit/TokaMaker/meshing.py", line 628, in build_mesh
    raise ValueError('Meshing error: unclaimed region detected!')
ValueError: Meshing error: unclaimed region detected!

2026-06-14 16:37:19,697 pid=671301 weight_fb=1.00e-03 params=[153.1197 126.2593  29.4671 163.7814   0.6082   0.6677   0.7253   0.943 ]
Traceback (most recent call last):
  File "/home/nl2951/alfven/PF_location_optimization/opt_comp_combined_boundary.py", line 213, in _free_boundary_cost
    mygs.solve()
  File "/home/nl2951/OpenFUSIONToolkit/install_release/python/OpenFUSIONToolkit/TokaMaker/_core.py", line 695, in solve
    raise ValueError("Error in solve: {0}".format(error_string.value.decode()))
ValueError: Error in solve: Exceeded "maxits"                       

2026-06-14 16:37:50,695 pid=671301 weight_fb=1.00e-03 params=[133.1197  66.2593 129.4671  63.7814   0.9832   0.5427   0.8503   0.818 ]
Traceback (most recent call last):
  File "/home/nl2951/alfven/PF_location_optimization/opt_comp_combined_boundary.py", line 185, in _free_boundary_cost
    make_mesh(scan_geom, mesh_file, lim)
  File "/home/nl2951/alfven/PF_location_optimization/opt_comp_combined_boundary.py", line 165, in make_mesh
    mesh_pts, mesh_lc, mesh_reg = gs_mesh.build_mesh()
                                  ^^^^^^^^^^^^^^^^^^^^
  File "/home/nl2951/OpenFUSIONToolkit/install_release/python/OpenFUSIONToolkit/TokaMaker/meshing.py", line 628, in build_mesh
    raise ValueError('Meshing error: unclaimed region detected!')
ValueError: Meshing error: unclaimed region detected!

2026-06-14 16:39:08,353 pid=671301 weight_fb=1.00e-03 params=[1.3120e+01 1.0626e+02 1.6947e+02 1.0378e+02 7.3319e-01 2.9274e-01
 1.0026e-01 6.8011e-02]
Traceback (most recent call last):
  File "/home/nl2951/alfven/PF_location_optimization/opt_comp_combined_boundary.py", line 185, in _free_boundary_cost
    make_mesh(scan_geom, mesh_file, lim)
  File "/home/nl2951/alfven/PF_location_optimization/opt_comp_combined_boundary.py", line 165, in make_mesh
    mesh_pts, mesh_lc, mesh_reg = gs_mesh.build_mesh()
                                  ^^^^^^^^^^^^^^^^^^^^
  File "/home/nl2951/OpenFUSIONToolkit/install_release/python/OpenFUSIONToolkit/TokaMaker/meshing.py", line 628, in build_mesh
    raise ValueError('Meshing error: unclaimed region detected!')
ValueError: Meshing error: unclaimed region detected!

2026-06-14 16:41:15,225 pid=671301 weight_fb=1.00e-03 params=[ 10.6197 138.7593 141.9671 166.2814   0.9363   0.1834   0.6159   0.2086]
Traceback (most recent call last):
  File "/home/nl2951/alfven/PF_location_optimization/opt_comp_combined_boundary.py", line 185, in _free_boundary_cost
    make_mesh(scan_geom, mesh_file, lim)
  File "/home/nl2951/alfven/PF_location_optimization/opt_comp_combined_boundary.py", line 165, in make_mesh
    mesh_pts, mesh_lc, mesh_reg = gs_mesh.build_mesh()
                                  ^^^^^^^^^^^^^^^^^^^^
  File "/home/nl2951/OpenFUSIONToolkit/install_release/python/OpenFUSIONToolkit/TokaMaker/meshing.py", line 628, in build_mesh
    raise ValueError('Meshing error: unclaimed region detected!')
ValueError: Meshing error: unclaimed region detected!

2026-06-14 16:42:32,784 pid=671301 weight_fb=1.00e-03 params=[130.6197  18.7593  21.9671 126.2814   0.6863   0.9334   0.3659   0.4586]
Traceback (most recent call last):
  File "/home/nl2951/alfven/PF_location_optimization/opt_comp_combined_boundary.py", line 185, in _free_boundary_cost
    make_mesh(scan_geom, mesh_file, lim)
  File "/home/nl2951/alfven/PF_location_optimization/opt_comp_combined_boundary.py", line 165, in make_mesh
    mesh_pts, mesh_lc, mesh_reg = gs_mesh.build_mesh()
                                  ^^^^^^^^^^^^^^^^^^^^
  File "/home/nl2951/OpenFUSIONToolkit/install_release/python/OpenFUSIONToolkit/TokaMaker/meshing.py", line 628, in build_mesh
    raise ValueError('Meshing error: unclaimed region detected!')
ValueError: Meshing error: unclaimed region detected!

2026-06-14 17:22:54,825 pid=671301 weight_fb=1.00e-03 params=[1.0000e+01 5.6345e+01 1.5145e+02 1.0000e+01 5.0113e-01 5.9451e-01
 1.3097e-01 5.4092e-01]
Traceback (most recent call last):
  File "/home/nl2951/alfven/PF_location_optimization/opt_comp_combined_boundary.py", line 185, in _free_boundary_cost
    make_mesh(scan_geom, mesh_file, lim)
  File "/home/nl2951/alfven/PF_location_optimization/opt_comp_combined_boundary.py", line 165, in make_mesh
    mesh_pts, mesh_lc, mesh_reg = gs_mesh.build_mesh()
                                  ^^^^^^^^^^^^^^^^^^^^
  File "/home/nl2951/OpenFUSIONToolkit/install_release/python/OpenFUSIONToolkit/TokaMaker/meshing.py", line 628, in build_mesh
    raise ValueError('Meshing error: unclaimed region detected!')
ValueError: Meshing error: unclaimed region detected!

2026-06-14 17:23:26,858 pid=671301 weight_fb=1.00e-03 params=[ 66.0991  10.     138.4067  10.       0.5548   0.9874   0.5434   0.8835]
Traceback (most recent call last):
  File "/home/nl2951/alfven/PF_location_optimization/opt_comp_combined_boundary.py", line 185, in _free_boundary_cost
    make_mesh(scan_geom, mesh_file, lim)
  File "/home/nl2951/alfven/PF_location_optimization/opt_comp_combined_boundary.py", line 165, in make_mesh
    mesh_pts, mesh_lc, mesh_reg = gs_mesh.build_mesh()
                                  ^^^^^^^^^^^^^^^^^^^^
  File "/home/nl2951/OpenFUSIONToolkit/install_release/python/OpenFUSIONToolkit/TokaMaker/meshing.py", line 628, in build_mesh
    raise ValueError('Meshing error: unclaimed region detected!')
ValueError: Meshing error: unclaimed region detected!

2026-06-14 17:28:41,803 pid=671301 weight_fb=1.00e-03 params=[ 69.8823  10.     134.8651  10.       0.5434   1.       0.5483   0.6917]
Traceback (most recent call last):
  File "/home/nl2951/alfven/PF_location_optimization/opt_comp_combined_boundary.py", line 213, in _free_boundary_cost
    mygs.solve()
  File "/home/nl2951/OpenFUSIONToolkit/install_release/python/OpenFUSIONToolkit/TokaMaker/_core.py", line 695, in solve
    raise ValueError("Error in solve: {0}".format(error_string.value.decode()))
ValueError: Error in solve: Matrix solve failed for targets         

2026-06-14 17:29:14,051 pid=671301 weight_fb=1.00e-03 params=[ 70.2231  10.     135.9382  10.       0.5429   0.9038   0.5363   0.9704]
Traceback (most recent call last):
  File "/home/nl2951/alfven/PF_location_optimization/opt_comp_combined_boundary.py", line 185, in _free_boundary_cost
    make_mesh(scan_geom, mesh_file, lim)
  File "/home/nl2951/alfven/PF_location_optimization/opt_comp_combined_boundary.py", line 165, in make_mesh
    mesh_pts, mesh_lc, mesh_reg = gs_mesh.build_mesh()
                                  ^^^^^^^^^^^^^^^^^^^^
  File "/home/nl2951/OpenFUSIONToolkit/install_release/python/OpenFUSIONToolkit/TokaMaker/meshing.py", line 628, in build_mesh
    raise ValueError('Meshing error: unclaimed region detected!')
ValueError: Meshing error: unclaimed region detected!

2026-06-14 17:29:46,926 pid=671301 weight_fb=1.00e-03 params=[ 69.3767  10.     137.1627  10.       0.5512   0.8266   0.5201   0.8379]
Traceback (most recent call last):
  File "/home/nl2951/alfven/PF_location_optimization/opt_comp_combined_boundary.py", line 185, in _free_boundary_cost
    make_mesh(scan_geom, mesh_file, lim)
  File "/home/nl2951/alfven/PF_location_optimization/opt_comp_combined_boundary.py", line 165, in make_mesh
    mesh_pts, mesh_lc, mesh_reg = gs_mesh.build_mesh()
                                  ^^^^^^^^^^^^^^^^^^^^
  File "/home/nl2951/OpenFUSIONToolkit/install_release/python/OpenFUSIONToolkit/TokaMaker/meshing.py", line 628, in build_mesh
    raise ValueError('Meshing error: unclaimed region detected!')
ValueError: Meshing error: unclaimed region detected!

2026-06-14 17:46:57,178 pid=671301 weight_fb=1.00e-03 params=[6.9666e+01 1.4663e+02 1.0000e+01 1.0000e+01 7.2481e-01 6.1270e-02
 8.6086e-01 9.5432e-01]
Traceback (most recent call last):
  File "/home/nl2951/alfven/PF_location_optimization/opt_comp_combined_boundary.py", line 185, in _free_boundary_cost
    make_mesh(scan_geom, mesh_file, lim)
  File "/home/nl2951/alfven/PF_location_optimization/opt_comp_combined_boundary.py", line 165, in make_mesh
    mesh_pts, mesh_lc, mesh_reg = gs_mesh.build_mesh()
                                  ^^^^^^^^^^^^^^^^^^^^
  File "/home/nl2951/OpenFUSIONToolkit/install_release/python/OpenFUSIONToolkit/TokaMaker/meshing.py", line 628, in build_mesh
    raise ValueError('Meshing error: unclaimed region detected!')
ValueError: Meshing error: unclaimed region detected!

2026-06-14 18:35:52,328 pid=671301 weight_fb=1.00e-03 params=[129.2857  65.0808 157.0444 101.3297   0.       1.       0.9938   0.9873]
Traceback (most recent call last):
  File "/home/nl2951/alfven/PF_location_optimization/opt_comp_combined_boundary.py", line 213, in _free_boundary_cost
    mygs.solve()
  File "/home/nl2951/OpenFUSIONToolkit/install_release/python/OpenFUSIONToolkit/TokaMaker/_core.py", line 695, in solve
    raise ValueError("Error in solve: {0}".format(error_string.value.decode()))
ValueError: Error in solve: Exceeded "maxits"                       

2026-06-14 18:36:42,582 pid=671301 weight_fb=1.00e-03 params=[129.5633  64.219  159.3216  98.9355   0.       1.       0.9846   0.9811]
Traceback (most recent call last):
  File "/home/nl2951/alfven/PF_location_optimization/opt_comp_combined_boundary.py", line 213, in _free_boundary_cost
    mygs.solve()
  File "/home/nl2951/OpenFUSIONToolkit/install_release/python/OpenFUSIONToolkit/TokaMaker/_core.py", line 695, in solve
    raise ValueError("Error in solve: {0}".format(error_string.value.decode()))
ValueError: Error in solve: Exceeded "maxits"                       

2026-06-14 18:37:32,731 pid=671301 weight_fb=1.00e-03 params=[131.0794  62.8624 158.0496  99.7035   0.       1.       0.9747   1.    ]
Traceback (most recent call last):
  File "/home/nl2951/alfven/PF_location_optimization/opt_comp_combined_boundary.py", line 213, in _free_boundary_cost
    mygs.solve()
  File "/home/nl2951/OpenFUSIONToolkit/install_release/python/OpenFUSIONToolkit/TokaMaker/_core.py", line 695, in solve
    raise ValueError("Error in solve: {0}".format(error_string.value.decode()))
ValueError: Error in solve: Exceeded "maxits"                       

2026-06-14 18:39:13,541 pid=671301 weight_fb=1.00e-03 params=[138.1033  64.8551 158.9556  98.8767   0.       1.       0.9366   1.    ]
Traceback (most recent call last):
  File "/home/nl2951/alfven/PF_location_optimization/opt_comp_combined_boundary.py", line 213, in _free_boundary_cost
    mygs.solve()
  File "/home/nl2951/OpenFUSIONToolkit/install_release/python/OpenFUSIONToolkit/TokaMaker/_core.py", line 695, in solve
    raise ValueError("Error in solve: {0}".format(error_string.value.decode()))
ValueError: Error in solve: Exceeded "maxits"                       

2026-06-14 19:59:52,463 pid=671301 weight_fb=1.00e-03 params=[9.9172e+01 9.2670e+01 1.0000e+01 1.2450e+02 9.6899e-02 2.7591e-01
 1.0000e+00 4.4790e-01]
Traceback (most recent call last):
  File "/home/nl2951/alfven/PF_location_optimization/opt_comp_combined_boundary.py", line 213, in _free_boundary_cost
    mygs.solve()
  File "/home/nl2951/OpenFUSIONToolkit/install_release/python/OpenFUSIONToolkit/TokaMaker/_core.py", line 695, in solve
    raise ValueError("Error in solve: {0}".format(error_string.value.decode()))
ValueError: Error in solve: Exceeded "maxits"                       

2026-06-14 20:00:51,654 pid=671301 weight_fb=1.00e-03 params=[9.8781e+01 9.2708e+01 1.0000e+01 1.2447e+02 9.9291e-02 2.9414e-01
 1.0000e+00 4.4501e-01]
Traceback (most recent call last):
  File "/home/nl2951/alfven/PF_location_optimization/opt_comp_combined_boundary.py", line 213, in _free_boundary_cost
    mygs.solve()
  File "/home/nl2951/OpenFUSIONToolkit/install_release/python/OpenFUSIONToolkit/TokaMaker/_core.py", line 695, in solve
    raise ValueError("Error in solve: {0}".format(error_string.value.decode()))
ValueError: Error in solve: Exceeded "maxits"                       

2026-06-14 20:15:10,067 pid=671301 weight_fb=1.00e-03 params=[ 10.      66.1037  61.6073 170.       0.9004   1.       0.8406   0.3163]
Traceback (most recent call last):
  File "/home/nl2951/alfven/PF_location_optimization/opt_comp_combined_boundary.py", line 213, in _free_boundary_cost
    mygs.solve()
  File "/home/nl2951/OpenFUSIONToolkit/install_release/python/OpenFUSIONToolkit/TokaMaker/_core.py", line 695, in solve
    raise ValueError("Error in solve: {0}".format(error_string.value.decode()))
ValueError: Error in solve: Exceeded "maxits"                       

2026-06-14 20:15:50,435 pid=671301 weight_fb=1.00e-03 params=[119.1078  28.9222 115.0047  10.       0.5709   0.7292   0.3966   0.    ]
Traceback (most recent call last):
  File "/home/nl2951/alfven/PF_location_optimization/opt_comp_combined_boundary.py", line 185, in _free_boundary_cost
    make_mesh(scan_geom, mesh_file, lim)
  File "/home/nl2951/alfven/PF_location_optimization/opt_comp_combined_boundary.py", line 165, in make_mesh
    mesh_pts, mesh_lc, mesh_reg = gs_mesh.build_mesh()
                                  ^^^^^^^^^^^^^^^^^^^^
  File "/home/nl2951/OpenFUSIONToolkit/install_release/python/OpenFUSIONToolkit/TokaMaker/meshing.py", line 628, in build_mesh
    raise ValueError('Meshing error: unclaimed region detected!')
ValueError: Meshing error: unclaimed region detected!

2026-06-14 20:16:51,106 pid=671301 weight_fb=1.00e-03 params=[ 87.2242 109.9122  81.2518  10.       0.       0.       0.2407   1.    ]
Traceback (most recent call last):
  File "/home/nl2951/alfven/PF_location_optimization/opt_comp_combined_boundary.py", line 213, in _free_boundary_cost
    mygs.solve()
  File "/home/nl2951/OpenFUSIONToolkit/install_release/python/OpenFUSIONToolkit/TokaMaker/_core.py", line 695, in solve
    raise ValueError("Error in solve: {0}".format(error_string.value.decode()))
ValueError: Error in solve: Exceeded "maxits"                       

2026-06-14 20:24:21,329 pid=671301 weight_fb=1.00e-03 params=[118.2355  29.2107 120.6139  10.       0.3916   0.7244   0.3486   0.    ]
Traceback (most recent call last):
  File "/home/nl2951/alfven/PF_location_optimization/opt_comp_combined_boundary.py", line 185, in _free_boundary_cost
    make_mesh(scan_geom, mesh_file, lim)
  File "/home/nl2951/alfven/PF_location_optimization/opt_comp_combined_boundary.py", line 165, in make_mesh
    mesh_pts, mesh_lc, mesh_reg = gs_mesh.build_mesh()
                                  ^^^^^^^^^^^^^^^^^^^^
  File "/home/nl2951/OpenFUSIONToolkit/install_release/python/OpenFUSIONToolkit/TokaMaker/meshing.py", line 628, in build_mesh
    raise ValueError('Meshing error: unclaimed region detected!')
ValueError: Meshing error: unclaimed region detected!

2026-06-14 20:30:06,751 pid=671301 weight_fb=1.00e-03 params=[8.9535e+01 8.4465e+01 1.0000e+01 1.0003e+02 3.6997e-01 1.1169e-01
 8.4751e-02 1.2014e-01]
Traceback (most recent call last):
  File "/home/nl2951/alfven/PF_location_optimization/opt_comp_combined_boundary.py", line 185, in _free_boundary_cost
    make_mesh(scan_geom, mesh_file, lim)
  File "/home/nl2951/alfven/PF_location_optimization/opt_comp_combined_boundary.py", line 165, in make_mesh
    mesh_pts, mesh_lc, mesh_reg = gs_mesh.build_mesh()
                                  ^^^^^^^^^^^^^^^^^^^^
  File "/home/nl2951/OpenFUSIONToolkit/install_release/python/OpenFUSIONToolkit/TokaMaker/meshing.py", line 628, in build_mesh
    raise ValueError('Meshing error: unclaimed region detected!')
ValueError: Meshing error: unclaimed region detected!

2026-06-14 20:39:06,457 pid=671301 weight_fb=1.00e-03 params=[ 10.     103.6755  66.4476  88.0556   0.2545   0.5453   0.       0.    ]
Traceback (most recent call last):
  File "/home/nl2951/alfven/PF_location_optimization/opt_comp_combined_boundary.py", line 213, in _free_boundary_cost
    mygs.solve()
  File "/home/nl2951/OpenFUSIONToolkit/install_release/python/OpenFUSIONToolkit/TokaMaker/_core.py", line 695, in solve
    raise ValueError("Error in solve: {0}".format(error_string.value.decode()))
ValueError: Error in solve: Exceeded "maxits"                       

2026-06-14 20:44:52,334 pid=671301 weight_fb=1.00e-03 params=[118.249   28.4418 112.2601  10.       0.4445   0.7019   0.3545   0.    ]
Traceback (most recent call last):
  File "/home/nl2951/alfven/PF_location_optimization/opt_comp_combined_boundary.py", line 185, in _free_boundary_cost
    make_mesh(scan_geom, mesh_file, lim)
  File "/home/nl2951/alfven/PF_location_optimization/opt_comp_combined_boundary.py", line 165, in make_mesh
    mesh_pts, mesh_lc, mesh_reg = gs_mesh.build_mesh()
                                  ^^^^^^^^^^^^^^^^^^^^
  File "/home/nl2951/OpenFUSIONToolkit/install_release/python/OpenFUSIONToolkit/TokaMaker/meshing.py", line 628, in build_mesh
    raise ValueError('Meshing error: unclaimed region detected!')
ValueError: Meshing error: unclaimed region detected!

2026-06-14 22:02:58,348 pid=671301 weight_fb=1.00e-03 params=[1.0000e+01 1.2761e+02 1.0000e+01 1.0854e+02 1.0473e-01 0.0000e+00
 1.4342e-01 0.0000e+00]
Traceback (most recent call last):
  File "/home/nl2951/alfven/PF_location_optimization/opt_comp_combined_boundary.py", line 185, in _free_boundary_cost
    make_mesh(scan_geom, mesh_file, lim)
  File "/home/nl2951/alfven/PF_location_optimization/opt_comp_combined_boundary.py", line 165, in make_mesh
    mesh_pts, mesh_lc, mesh_reg = gs_mesh.build_mesh()
                                  ^^^^^^^^^^^^^^^^^^^^
  File "/home/nl2951/OpenFUSIONToolkit/install_release/python/OpenFUSIONToolkit/TokaMaker/meshing.py", line 628, in build_mesh
    raise ValueError('Meshing error: unclaimed region detected!')
ValueError: Meshing error: unclaimed region detected!

2026-06-14 22:19:42,335 pid=671301 weight_fb=1.00e-03 params=[1.0000e+01 1.2374e+02 1.3076e+02 8.0008e+01 8.5284e-03 0.0000e+00
 5.5267e-01 0.0000e+00]
Traceback (most recent call last):
  File "/home/nl2951/alfven/PF_location_optimization/opt_comp_combined_boundary.py", line 185, in _free_boundary_cost
    make_mesh(scan_geom, mesh_file, lim)
  File "/home/nl2951/alfven/PF_location_optimization/opt_comp_combined_boundary.py", line 165, in make_mesh
    mesh_pts, mesh_lc, mesh_reg = gs_mesh.build_mesh()
                                  ^^^^^^^^^^^^^^^^^^^^
  File "/home/nl2951/OpenFUSIONToolkit/install_release/python/OpenFUSIONToolkit/TokaMaker/meshing.py", line 628, in build_mesh
    raise ValueError('Meshing error: unclaimed region detected!')
ValueError: Meshing error: unclaimed region detected!

2026-06-14 22:23:43,830 pid=671301 weight_fb=1.00e-03 params=[ 10.     123.7301 133.4177  80.1014   0.       0.       0.5538   0.    ]
Traceback (most recent call last):
  File "/home/nl2951/alfven/PF_location_optimization/opt_comp_combined_boundary.py", line 185, in _free_boundary_cost
    make_mesh(scan_geom, mesh_file, lim)
  File "/home/nl2951/alfven/PF_location_optimization/opt_comp_combined_boundary.py", line 165, in make_mesh
    mesh_pts, mesh_lc, mesh_reg = gs_mesh.build_mesh()
                                  ^^^^^^^^^^^^^^^^^^^^
  File "/home/nl2951/OpenFUSIONToolkit/install_release/python/OpenFUSIONToolkit/TokaMaker/meshing.py", line 628, in build_mesh
    raise ValueError('Meshing error: unclaimed region detected!')
ValueError: Meshing error: unclaimed region detected!

2026-06-14 22:26:44,655 pid=671301 weight_fb=1.00e-03 params=[1.5411e+02 1.3413e+01 5.3462e+01 1.5162e+01 0.0000e+00 0.0000e+00
 5.4803e-01 1.0393e-03]
Traceback (most recent call last):
  File "/home/nl2951/alfven/PF_location_optimization/opt_comp_combined_boundary.py", line 185, in _free_boundary_cost
    make_mesh(scan_geom, mesh_file, lim)
  File "/home/nl2951/alfven/PF_location_optimization/opt_comp_combined_boundary.py", line 165, in make_mesh
    mesh_pts, mesh_lc, mesh_reg = gs_mesh.build_mesh()
                                  ^^^^^^^^^^^^^^^^^^^^
  File "/home/nl2951/OpenFUSIONToolkit/install_release/python/OpenFUSIONToolkit/TokaMaker/meshing.py", line 628, in build_mesh
    raise ValueError('Meshing error: unclaimed region detected!')
ValueError: Meshing error: unclaimed region detected!

2026-06-14 22:27:52,794 pid=671301 weight_fb=1.00e-03 params=[170.      16.0881  24.077   21.3899   0.       0.       0.2528   0.    ]
Traceback (most recent call last):
  File "/home/nl2951/alfven/PF_location_optimization/opt_comp_combined_boundary.py", line 213, in _free_boundary_cost
    mygs.solve()
  File "/home/nl2951/OpenFUSIONToolkit/install_release/python/OpenFUSIONToolkit/TokaMaker/_core.py", line 695, in solve
    raise ValueError("Error in solve: {0}".format(error_string.value.decode()))
ValueError: Error in solve: Exceeded "maxits"                       

2026-06-14 22:34:19,420 pid=671301 weight_fb=1.00e-03 params=[ 10.      98.1783 144.0669 100.7428   0.       0.7569   0.       0.5696]
Traceback (most recent call last):
  File "/home/nl2951/alfven/PF_location_optimization/opt_comp_combined_boundary.py", line 185, in _free_boundary_cost
    make_mesh(scan_geom, mesh_file, lim)
  File "/home/nl2951/alfven/PF_location_optimization/opt_comp_combined_boundary.py", line 165, in make_mesh
    mesh_pts, mesh_lc, mesh_reg = gs_mesh.build_mesh()
                                  ^^^^^^^^^^^^^^^^^^^^
  File "/home/nl2951/OpenFUSIONToolkit/install_release/python/OpenFUSIONToolkit/TokaMaker/meshing.py", line 628, in build_mesh
    raise ValueError('Meshing error: unclaimed region detected!')
ValueError: Meshing error: unclaimed region detected!

2026-06-14 22:39:04,241 pid=671301 weight_fb=1.00e-03 params=[130.8753  10.      98.0108  77.4221   0.       0.       0.2127   1.    ]
Traceback (most recent call last):
  File "/home/nl2951/alfven/PF_location_optimization/opt_comp_combined_boundary.py", line 213, in _free_boundary_cost
    mygs.solve()
  File "/home/nl2951/OpenFUSIONToolkit/install_release/python/OpenFUSIONToolkit/TokaMaker/_core.py", line 695, in solve
    raise ValueError("Error in solve: {0}".format(error_string.value.decode()))
ValueError: Error in solve: Exceeded "maxits"                       

2026-06-14 22:44:16,048 pid=671301 weight_fb=1.00e-03 params=[1.0000e+01 8.2516e+01 1.0000e+01 1.4774e+02 6.4916e-02 8.3232e-01
 0.0000e+00 0.0000e+00]
Traceback (most recent call last):
  File "/home/nl2951/alfven/PF_location_optimization/opt_comp_combined_boundary.py", line 185, in _free_boundary_cost
    make_mesh(scan_geom, mesh_file, lim)
  File "/home/nl2951/alfven/PF_location_optimization/opt_comp_combined_boundary.py", line 165, in make_mesh
    mesh_pts, mesh_lc, mesh_reg = gs_mesh.build_mesh()
                                  ^^^^^^^^^^^^^^^^^^^^
  File "/home/nl2951/OpenFUSIONToolkit/install_release/python/OpenFUSIONToolkit/TokaMaker/meshing.py", line 628, in build_mesh
    raise ValueError('Meshing error: unclaimed region detected!')
ValueError: Meshing error: unclaimed region detected!

2026-06-14 22:45:06,485 pid=671301 weight_fb=1.00e-03 params=[1.0000e+01 8.2842e+01 1.0000e+01 1.4838e+02 6.2440e-02 8.2332e-01
 0.0000e+00 0.0000e+00]
Traceback (most recent call last):
  File "/home/nl2951/alfven/PF_location_optimization/opt_comp_combined_boundary.py", line 185, in _free_boundary_cost
    make_mesh(scan_geom, mesh_file, lim)
  File "/home/nl2951/alfven/PF_location_optimization/opt_comp_combined_boundary.py", line 165, in make_mesh
    mesh_pts, mesh_lc, mesh_reg = gs_mesh.build_mesh()
                                  ^^^^^^^^^^^^^^^^^^^^
  File "/home/nl2951/OpenFUSIONToolkit/install_release/python/OpenFUSIONToolkit/TokaMaker/meshing.py", line 628, in build_mesh
    raise ValueError('Meshing error: unclaimed region detected!')
ValueError: Meshing error: unclaimed region detected!

2026-06-14 22:52:05,278 pid=671301 weight_fb=1.00e-03 params=[1.0000e+01 8.2710e+01 1.0000e+01 1.5085e+02 7.0011e-02 7.8060e-01
 0.0000e+00 0.0000e+00]
Traceback (most recent call last):
  File "/home/nl2951/alfven/PF_location_optimization/opt_comp_combined_boundary.py", line 185, in _free_boundary_cost
    make_mesh(scan_geom, mesh_file, lim)
  File "/home/nl2951/alfven/PF_location_optimization/opt_comp_combined_boundary.py", line 165, in make_mesh
    mesh_pts, mesh_lc, mesh_reg = gs_mesh.build_mesh()
                                  ^^^^^^^^^^^^^^^^^^^^
  File "/home/nl2951/OpenFUSIONToolkit/install_release/python/OpenFUSIONToolkit/TokaMaker/meshing.py", line 628, in build_mesh
    raise ValueError('Meshing error: unclaimed region detected!')
ValueError: Meshing error: unclaimed region detected!

2026-06-14 22:52:57,662 pid=671301 weight_fb=1.00e-03 params=[1.0000e+01 8.2818e+01 1.0000e+01 1.5090e+02 7.2235e-02 7.9955e-01
 0.0000e+00 0.0000e+00]
Traceback (most recent call last):
  File "/home/nl2951/alfven/PF_location_optimization/opt_comp_combined_boundary.py", line 185, in _free_boundary_cost
    make_mesh(scan_geom, mesh_file, lim)
  File "/home/nl2951/alfven/PF_location_optimization/opt_comp_combined_boundary.py", line 165, in make_mesh
    mesh_pts, mesh_lc, mesh_reg = gs_mesh.build_mesh()
                                  ^^^^^^^^^^^^^^^^^^^^
  File "/home/nl2951/OpenFUSIONToolkit/install_release/python/OpenFUSIONToolkit/TokaMaker/meshing.py", line 628, in build_mesh
    raise ValueError('Meshing error: unclaimed region detected!')
ValueError: Meshing error: unclaimed region detected!

2026-06-14 22:53:54,179 pid=671301 weight_fb=1.00e-03 params=[ 93.7082 156.9001  10.     155.0918   0.       0.3556   0.       0.2673]
Traceback (most recent call last):
  File "/home/nl2951/alfven/PF_location_optimization/opt_comp_combined_boundary.py", line 185, in _free_boundary_cost
    make_mesh(scan_geom, mesh_file, lim)
  File "/home/nl2951/alfven/PF_location_optimization/opt_comp_combined_boundary.py", line 165, in make_mesh
    mesh_pts, mesh_lc, mesh_reg = gs_mesh.build_mesh()
                                  ^^^^^^^^^^^^^^^^^^^^
  File "/home/nl2951/OpenFUSIONToolkit/install_release/python/OpenFUSIONToolkit/TokaMaker/meshing.py", line 628, in build_mesh
    raise ValueError('Meshing error: unclaimed region detected!')
ValueError: Meshing error: unclaimed region detected!

2026-06-14 22:57:01,691 pid=671301 weight_fb=1.00e-03 params=[ 93.6979 157.163   10.     154.5851   0.       0.3833   0.       0.2754]
Traceback (most recent call last):
  File "/home/nl2951/alfven/PF_location_optimization/opt_comp_combined_boundary.py", line 185, in _free_boundary_cost
    make_mesh(scan_geom, mesh_file, lim)
  File "/home/nl2951/alfven/PF_location_optimization/opt_comp_combined_boundary.py", line 165, in make_mesh
    mesh_pts, mesh_lc, mesh_reg = gs_mesh.build_mesh()
                                  ^^^^^^^^^^^^^^^^^^^^
  File "/home/nl2951/OpenFUSIONToolkit/install_release/python/OpenFUSIONToolkit/TokaMaker/meshing.py", line 628, in build_mesh
    raise ValueError('Meshing error: unclaimed region detected!')
ValueError: Meshing error: unclaimed region detected!

2026-06-14 23:06:06,103 pid=671301 weight_fb=1.00e-03 params=[1.0000e+01 8.3062e+01 1.1047e+01 1.5556e+02 8.0115e-02 8.1312e-01
 0.0000e+00 0.0000e+00]
Traceback (most recent call last):
  File "/home/nl2951/alfven/PF_location_optimization/opt_comp_combined_boundary.py", line 185, in _free_boundary_cost
    make_mesh(scan_geom, mesh_file, lim)
  File "/home/nl2951/alfven/PF_location_optimization/opt_comp_combined_boundary.py", line 165, in make_mesh
    mesh_pts, mesh_lc, mesh_reg = gs_mesh.build_mesh()
                                  ^^^^^^^^^^^^^^^^^^^^
  File "/home/nl2951/OpenFUSIONToolkit/install_release/python/OpenFUSIONToolkit/TokaMaker/meshing.py", line 628, in build_mesh
    raise ValueError('Meshing error: unclaimed region detected!')
ValueError: Meshing error: unclaimed region detected!

2026-06-15 00:06:59,046 pid=671301 weight_fb=1.00e-03 params=[1.0550e+02 1.1756e+02 1.3735e+02 1.0000e+01 0.0000e+00 1.1912e-01
 1.0000e+00 8.2462e-01]
Traceback (most recent call last):
  File "/home/nl2951/alfven/PF_location_optimization/opt_comp_combined_boundary.py", line 213, in _free_boundary_cost
    mygs.solve()
  File "/home/nl2951/OpenFUSIONToolkit/install_release/python/OpenFUSIONToolkit/TokaMaker/_core.py", line 695, in solve
    raise ValueError("Error in solve: {0}".format(error_string.value.decode()))
ValueError: Error in solve: Exceeded "maxits"                       

2026-06-15 00:18:47,073 pid=671301 weight_fb=1.00e-03 params=[105.595  119.3444 131.1386  10.       0.       0.       1.       0.3531]
Traceback (most recent call last):
  File "/home/nl2951/alfven/PF_location_optimization/opt_comp_combined_boundary.py", line 213, in _free_boundary_cost
    mygs.solve()
  File "/home/nl2951/OpenFUSIONToolkit/install_release/python/OpenFUSIONToolkit/TokaMaker/_core.py", line 695, in solve
    raise ValueError("Error in solve: {0}".format(error_string.value.decode()))
ValueError: Error in solve: Exceeded "maxits"                       

2026-06-15 00:19:56,932 pid=671301 weight_fb=1.00e-03 params=[3.4425e+01 1.3590e+02 4.0101e+01 1.0000e+01 7.2112e-01 0.0000e+00
 0.0000e+00 9.1932e-02]
Traceback (most recent call last):
  File "/home/nl2951/alfven/PF_location_optimization/opt_comp_combined_boundary.py", line 213, in _free_boundary_cost
    mygs.solve()
  File "/home/nl2951/OpenFUSIONToolkit/install_release/python/OpenFUSIONToolkit/TokaMaker/_core.py", line 695, in solve
    raise ValueError("Error in solve: {0}".format(error_string.value.decode()))
ValueError: Error in solve: Matrix solve failed for targets         

2026-06-15 00:23:39,605 pid=671301 weight_fb=1.00e-03 params=[ 95.477   10.     149.4428  91.9605   0.9979   0.       0.       0.6662]
Traceback (most recent call last):
  File "/home/nl2951/alfven/PF_location_optimization/opt_comp_combined_boundary.py", line 185, in _free_boundary_cost
    make_mesh(scan_geom, mesh_file, lim)
  File "/home/nl2951/alfven/PF_location_optimization/opt_comp_combined_boundary.py", line 165, in make_mesh
    mesh_pts, mesh_lc, mesh_reg = gs_mesh.build_mesh()
                                  ^^^^^^^^^^^^^^^^^^^^
  File "/home/nl2951/OpenFUSIONToolkit/install_release/python/OpenFUSIONToolkit/TokaMaker/meshing.py", line 628, in build_mesh
    raise ValueError('Meshing error: unclaimed region detected!')
ValueError: Meshing error: unclaimed region detected!

2026-06-15 00:52:47,639 pid=671301 weight_fb=1.00e-03 params=[1.5661e+02 1.0000e+01 1.5511e+02 1.4296e+02 7.9189e-01 0.0000e+00
 1.5092e-01 1.0000e+00]
Traceback (most recent call last):
  File "/home/nl2951/alfven/PF_location_optimization/opt_comp_combined_boundary.py", line 185, in _free_boundary_cost
    make_mesh(scan_geom, mesh_file, lim)
  File "/home/nl2951/alfven/PF_location_optimization/opt_comp_combined_boundary.py", line 165, in make_mesh
    mesh_pts, mesh_lc, mesh_reg = gs_mesh.build_mesh()
                                  ^^^^^^^^^^^^^^^^^^^^
  File "/home/nl2951/OpenFUSIONToolkit/install_release/python/OpenFUSIONToolkit/TokaMaker/meshing.py", line 628, in build_mesh
    raise ValueError('Meshing error: unclaimed region detected!')
ValueError: Meshing error: unclaimed region detected!

2026-06-15 02:50:28,662 pid=671301 weight_fb=1.00e-03 params=[ 10.     143.4469  55.6417  57.8566   0.4701   0.       0.       0.2166]
Traceback (most recent call last):
  File "/home/nl2951/alfven/PF_location_optimization/opt_comp_combined_boundary.py", line 185, in _free_boundary_cost
    make_mesh(scan_geom, mesh_file, lim)
  File "/home/nl2951/alfven/PF_location_optimization/opt_comp_combined_boundary.py", line 165, in make_mesh
    mesh_pts, mesh_lc, mesh_reg = gs_mesh.build_mesh()
                                  ^^^^^^^^^^^^^^^^^^^^
  File "/home/nl2951/OpenFUSIONToolkit/install_release/python/OpenFUSIONToolkit/TokaMaker/meshing.py", line 628, in build_mesh
    raise ValueError('Meshing error: unclaimed region detected!')
ValueError: Meshing error: unclaimed region detected!

2026-06-15 03:43:57,943 pid=671301 weight_fb=1.00e-03 params=[1.0000e+01 5.8093e+01 5.5566e+01 1.7000e+02 1.0462e-01 1.0000e+00
 8.1933e-01 0.0000e+00]
Traceback (most recent call last):
  File "/home/nl2951/alfven/PF_location_optimization/opt_comp_combined_boundary.py", line 185, in _free_boundary_cost
    make_mesh(scan_geom, mesh_file, lim)
  File "/home/nl2951/alfven/PF_location_optimization/opt_comp_combined_boundary.py", line 165, in make_mesh
    mesh_pts, mesh_lc, mesh_reg = gs_mesh.build_mesh()
                                  ^^^^^^^^^^^^^^^^^^^^
  File "/home/nl2951/OpenFUSIONToolkit/install_release/python/OpenFUSIONToolkit/TokaMaker/meshing.py", line 628, in build_mesh
    raise ValueError('Meshing error: unclaimed region detected!')
ValueError: Meshing error: unclaimed region detected!

2026-06-15 03:45:17,014 pid=671301 weight_fb=1.00e-03 params=[ 10.      58.0614  55.6402 170.       0.9193   1.       0.8212   0.    ]
Traceback (most recent call last):
  File "/home/nl2951/alfven/PF_location_optimization/opt_comp_combined_boundary.py", line 185, in _free_boundary_cost
    make_mesh(scan_geom, mesh_file, lim)
  File "/home/nl2951/alfven/PF_location_optimization/opt_comp_combined_boundary.py", line 165, in make_mesh
    mesh_pts, mesh_lc, mesh_reg = gs_mesh.build_mesh()
                                  ^^^^^^^^^^^^^^^^^^^^
  File "/home/nl2951/OpenFUSIONToolkit/install_release/python/OpenFUSIONToolkit/TokaMaker/meshing.py", line 628, in build_mesh
    raise ValueError('Meshing error: unclaimed region detected!')
ValueError: Meshing error: unclaimed region detected!

2026-06-15 03:46:37,826 pid=671301 weight_fb=1.00e-03 params=[ 10.     144.0176  48.4898  49.4028   0.3463   0.       0.       0.    ]
Traceback (most recent call last):
  File "/home/nl2951/alfven/PF_location_optimization/opt_comp_combined_boundary.py", line 185, in _free_boundary_cost
    make_mesh(scan_geom, mesh_file, lim)
  File "/home/nl2951/alfven/PF_location_optimization/opt_comp_combined_boundary.py", line 165, in make_mesh
    mesh_pts, mesh_lc, mesh_reg = gs_mesh.build_mesh()
                                  ^^^^^^^^^^^^^^^^^^^^
  File "/home/nl2951/OpenFUSIONToolkit/install_release/python/OpenFUSIONToolkit/TokaMaker/meshing.py", line 628, in build_mesh
    raise ValueError('Meshing error: unclaimed region detected!')
ValueError: Meshing error: unclaimed region detected!

2026-06-15 03:48:14,438 pid=671301 weight_fb=1.00e-03 params=[ 96.9881 108.7171  41.5952 155.0166   0.7311   1.       1.       0.9658]
Traceback (most recent call last):
  File "/home/nl2951/alfven/PF_location_optimization/opt_comp_combined_boundary.py", line 213, in _free_boundary_cost
    mygs.solve()
  File "/home/nl2951/OpenFUSIONToolkit/install_release/python/OpenFUSIONToolkit/TokaMaker/_core.py", line 695, in solve
    raise ValueError("Error in solve: {0}".format(error_string.value.decode()))
ValueError: Error in solve: Exceeded "maxits"                       

2026-06-15 03:51:20,617 pid=671301 weight_fb=1.00e-03 params=[ 97.8463 108.9978  42.8409 151.1681   0.7719   1.       1.       0.805 ]
Traceback (most recent call last):
  File "/home/nl2951/alfven/PF_location_optimization/opt_comp_combined_boundary.py", line 213, in _free_boundary_cost
    mygs.solve()
  File "/home/nl2951/OpenFUSIONToolkit/install_release/python/OpenFUSIONToolkit/TokaMaker/_core.py", line 695, in solve
    raise ValueError("Error in solve: {0}".format(error_string.value.decode()))
ValueError: Error in solve: Exceeded "maxits"                       

2026-06-15 03:54:34,402 pid=671301 weight_fb=1.00e-03 params=[ 96.3148 108.4873  40.7579 153.4688   0.7682   1.       1.       0.5693]
Traceback (most recent call last):
  File "/home/nl2951/alfven/PF_location_optimization/opt_comp_combined_boundary.py", line 213, in _free_boundary_cost
    mygs.solve()
  File "/home/nl2951/OpenFUSIONToolkit/install_release/python/OpenFUSIONToolkit/TokaMaker/_core.py", line 695, in solve
    raise ValueError("Error in solve: {0}".format(error_string.value.decode()))
ValueError: Error in solve: Exceeded "maxits"                       

2026-06-15 03:55:48,807 pid=671301 weight_fb=1.00e-03 params=[ 10.     143.3054  48.4114  50.2113   0.8549   0.       0.       0.    ]
Traceback (most recent call last):
  File "/home/nl2951/alfven/PF_location_optimization/opt_comp_combined_boundary.py", line 185, in _free_boundary_cost
    make_mesh(scan_geom, mesh_file, lim)
  File "/home/nl2951/alfven/PF_location_optimization/opt_comp_combined_boundary.py", line 165, in make_mesh
    mesh_pts, mesh_lc, mesh_reg = gs_mesh.build_mesh()
                                  ^^^^^^^^^^^^^^^^^^^^
  File "/home/nl2951/OpenFUSIONToolkit/install_release/python/OpenFUSIONToolkit/TokaMaker/meshing.py", line 628, in build_mesh
    raise ValueError('Meshing error: unclaimed region detected!')
ValueError: Meshing error: unclaimed region detected!

2026-06-15 03:57:12,606 pid=671301 weight_fb=1.00e-03 params=[ 10.     144.086   49.1828  49.7121   0.7508   0.       0.       0.    ]
Traceback (most recent call last):
  File "/home/nl2951/alfven/PF_location_optimization/opt_comp_combined_boundary.py", line 185, in _free_boundary_cost
    make_mesh(scan_geom, mesh_file, lim)
  File "/home/nl2951/alfven/PF_location_optimization/opt_comp_combined_boundary.py", line 165, in make_mesh
    mesh_pts, mesh_lc, mesh_reg = gs_mesh.build_mesh()
                                  ^^^^^^^^^^^^^^^^^^^^
  File "/home/nl2951/OpenFUSIONToolkit/install_release/python/OpenFUSIONToolkit/TokaMaker/meshing.py", line 628, in build_mesh
    raise ValueError('Meshing error: unclaimed region detected!')
ValueError: Meshing error: unclaimed region detected!

2026-06-15 03:58:51,754 pid=671301 weight_fb=1.00e-03 params=[ 97.0396 108.6814  41.8982 152.5731   0.8878   1.       1.       1.    ]
Traceback (most recent call last):
  File "/home/nl2951/alfven/PF_location_optimization/opt_comp_combined_boundary.py", line 213, in _free_boundary_cost
    mygs.solve()
  File "/home/nl2951/OpenFUSIONToolkit/install_release/python/OpenFUSIONToolkit/TokaMaker/_core.py", line 695, in solve
    raise ValueError("Error in solve: {0}".format(error_string.value.decode()))
ValueError: Error in solve: Exceeded "maxits"                       

2026-06-15 04:00:30,805 pid=671301 weight_fb=1.00e-03 params=[ 97.0539 108.6965  41.9804 152.5892   0.6152   1.       1.       1.    ]
Traceback (most recent call last):
  File "/home/nl2951/alfven/PF_location_optimization/opt_comp_combined_boundary.py", line 213, in _free_boundary_cost
    mygs.solve()
  File "/home/nl2951/OpenFUSIONToolkit/install_release/python/OpenFUSIONToolkit/TokaMaker/_core.py", line 695, in solve
    raise ValueError("Error in solve: {0}".format(error_string.value.decode()))
ValueError: Error in solve: Exceeded "maxits"                       

2026-06-15 04:05:28,500 pid=671301 weight_fb=1.00e-03 params=[ 94.3921 107.8685  36.1415 158.2623   0.5187   1.       1.       1.    ]
Traceback (most recent call last):
  File "/home/nl2951/alfven/PF_location_optimization/opt_comp_combined_boundary.py", line 213, in _free_boundary_cost
    mygs.solve()
  File "/home/nl2951/OpenFUSIONToolkit/install_release/python/OpenFUSIONToolkit/TokaMaker/_core.py", line 695, in solve
    raise ValueError("Error in solve: {0}".format(error_string.value.decode()))
ValueError: Error in solve: Exceeded "maxits"                       

2026-06-15 04:10:09,644 pid=671301 weight_fb=1.00e-03 params=[138.3756 130.099  167.2103 142.0182   0.       1.       1.       0.187 ]
Traceback (most recent call last):
  File "/home/nl2951/alfven/PF_location_optimization/opt_comp_combined_boundary.py", line 185, in _free_boundary_cost
    make_mesh(scan_geom, mesh_file, lim)
  File "/home/nl2951/alfven/PF_location_optimization/opt_comp_combined_boundary.py", line 165, in make_mesh
    mesh_pts, mesh_lc, mesh_reg = gs_mesh.build_mesh()
                                  ^^^^^^^^^^^^^^^^^^^^
  File "/home/nl2951/OpenFUSIONToolkit/install_release/python/OpenFUSIONToolkit/TokaMaker/meshing.py", line 628, in build_mesh
    raise ValueError('Meshing error: unclaimed region detected!')
ValueError: Meshing error: unclaimed region detected!

2026-06-15 04:11:56,508 pid=671301 weight_fb=1.00e-03 params=[138.0411 131.494  159.9817 144.1965   0.       1.       1.       0.2344]
Traceback (most recent call last):
  File "/home/nl2951/alfven/PF_location_optimization/opt_comp_combined_boundary.py", line 213, in _free_boundary_cost
    mygs.solve()
  File "/home/nl2951/OpenFUSIONToolkit/install_release/python/OpenFUSIONToolkit/TokaMaker/_core.py", line 695, in solve
    raise ValueError("Error in solve: {0}".format(error_string.value.decode()))
ValueError: Error in solve: Exceeded "maxits"                       

2026-06-15 04:13:38,897 pid=671301 weight_fb=1.00e-03 params=[141.1891 134.7323 160.3487 137.2432   0.       1.       1.       0.    ]
Traceback (most recent call last):
  File "/home/nl2951/alfven/PF_location_optimization/opt_comp_combined_boundary.py", line 213, in _free_boundary_cost
    mygs.solve()
  File "/home/nl2951/OpenFUSIONToolkit/install_release/python/OpenFUSIONToolkit/TokaMaker/_core.py", line 695, in solve
    raise ValueError("Error in solve: {0}".format(error_string.value.decode()))
ValueError: Error in solve: Exceeded "maxits"                       

2026-06-15 04:36:03,246 pid=671301 weight_fb=1.00e-03 params=[ 98.6662 110.1857  42.5304 151.0117   0.8285   1.       1.       0.9366]
Traceback (most recent call last):
  File "/home/nl2951/alfven/PF_location_optimization/opt_comp_combined_boundary.py", line 213, in _free_boundary_cost
    mygs.solve()
  File "/home/nl2951/OpenFUSIONToolkit/install_release/python/OpenFUSIONToolkit/TokaMaker/_core.py", line 695, in solve
    raise ValueError("Error in solve: {0}".format(error_string.value.decode()))
ValueError: Error in solve: Exceeded "maxits"                       

2026-06-15 04:37:42,230 pid=671301 weight_fb=1.00e-03 params=[ 97.5919 109.5951  41.3113 152.734    0.4454   1.       1.       1.    ]
Traceback (most recent call last):
  File "/home/nl2951/alfven/PF_location_optimization/opt_comp_combined_boundary.py", line 213, in _free_boundary_cost
    mygs.solve()
  File "/home/nl2951/OpenFUSIONToolkit/install_release/python/OpenFUSIONToolkit/TokaMaker/_core.py", line 695, in solve
    raise ValueError("Error in solve: {0}".format(error_string.value.decode()))
ValueError: Error in solve: Exceeded "maxits"                       

2026-06-15 22:14:45,285 pid=671301 weight_fb=1.00e-03 params=[140.3939  10.      54.2827  25.993    0.6032   0.       0.1731   0.    ]
Traceback (most recent call last):
  File "/home/nl2951/alfven/PF_location_optimization/opt_comp_combined_boundary.py", line 213, in _free_boundary_cost
    mygs.solve()
  File "/home/nl2951/OpenFUSIONToolkit/install_release/python/OpenFUSIONToolkit/TokaMaker/_core.py", line 695, in solve
    raise ValueError("Error in solve: {0}".format(error_string.value.decode()))
ValueError: Error in solve: Matrix solve failed for targets         

2026-06-15 22:15:29,953 pid=671301 weight_fb=1.00e-03 params=[140.3939  10.      54.2827  25.993    0.6032   0.       0.1731   0.    ]
Traceback (most recent call last):
  File "/home/nl2951/alfven/PF_location_optimization/opt_comp_combined_boundary.py", line 213, in _free_boundary_cost
    mygs.solve()
  File "/home/nl2951/OpenFUSIONToolkit/install_release/python/OpenFUSIONToolkit/TokaMaker/_core.py", line 695, in solve
    raise ValueError("Error in solve: {0}".format(error_string.value.decode()))
ValueError: Error in solve: Matrix solve failed for targets         

2026-06-15 22:16:58,526 pid=671301 weight_fb=1.00e-03 params=[140.3939  10.      54.2827  25.993    0.6032   0.       0.1731   0.    ]
Traceback (most recent call last):
  File "/home/nl2951/alfven/PF_location_optimization/opt_comp_combined_boundary.py", line 213, in _free_boundary_cost
    mygs.solve()
  File "/home/nl2951/OpenFUSIONToolkit/install_release/python/OpenFUSIONToolkit/TokaMaker/_core.py", line 695, in solve
    raise ValueError("Error in solve: {0}".format(error_string.value.decode()))
ValueError: Error in solve: Matrix solve failed for targets         

2026-06-15 22:17:42,605 pid=671301 weight_fb=1.00e-03 params=[140.3939  10.      54.2827  25.993    0.6032   0.       0.1731   0.    ]
Traceback (most recent call last):
  File "/home/nl2951/alfven/PF_location_optimization/opt_comp_combined_boundary.py", line 213, in _free_boundary_cost
    mygs.solve()
  File "/home/nl2951/OpenFUSIONToolkit/install_release/python/OpenFUSIONToolkit/TokaMaker/_core.py", line 695, in solve
    raise ValueError("Error in solve: {0}".format(error_string.value.decode()))
ValueError: Error in solve: Matrix solve failed for targets         

2026-06-15 22:18:26,589 pid=671301 weight_fb=1.00e-03 params=[140.3939  10.      54.2827  25.993    0.6032   0.       0.1731   0.    ]
Traceback (most recent call last):
  File "/home/nl2951/alfven/PF_location_optimization/opt_comp_combined_boundary.py", line 213, in _free_boundary_cost
    mygs.solve()
  File "/home/nl2951/OpenFUSIONToolkit/install_release/python/OpenFUSIONToolkit/TokaMaker/_core.py", line 695, in solve
    raise ValueError("Error in solve: {0}".format(error_string.value.decode()))
ValueError: Error in solve: Matrix solve failed for targets         

2026-06-15 22:19:10,638 pid=671301 weight_fb=1.00e-03 params=[1.4039e+02 1.0000e+01 5.4283e+01 2.5993e+01 6.0319e-01 1.0000e-08
 1.7312e-01 0.0000e+00]
Traceback (most recent call last):
  File "/home/nl2951/alfven/PF_location_optimization/opt_comp_combined_boundary.py", line 213, in _free_boundary_cost
    mygs.solve()
  File "/home/nl2951/OpenFUSIONToolkit/install_release/python/OpenFUSIONToolkit/TokaMaker/_core.py", line 695, in solve
    raise ValueError("Error in solve: {0}".format(error_string.value.decode()))
ValueError: Error in solve: Matrix solve failed for targets         

2026-06-15 22:20:39,611 pid=671301 weight_fb=1.00e-03 params=[1.4039e+02 1.0000e+01 5.4283e+01 2.5993e+01 6.0319e-01 0.0000e+00
 1.7312e-01 1.0000e-08]
Traceback (most recent call last):
  File "/home/nl2951/alfven/PF_location_optimization/opt_comp_combined_boundary.py", line 213, in _free_boundary_cost
    mygs.solve()
  File "/home/nl2951/OpenFUSIONToolkit/install_release/python/OpenFUSIONToolkit/TokaMaker/_core.py", line 695, in solve
    raise ValueError("Error in solve: {0}".format(error_string.value.decode()))
ValueError: Error in solve: Matrix solve failed for targets         

2026-06-15 22:34:32,200 pid=671301 weight_fb=1.00e-03 params=[140.3939  27.7778  54.2827  25.993    0.6032   0.       0.265    0.    ]
Traceback (most recent call last):
  File "/home/nl2951/alfven/PF_location_optimization/opt_comp_combined_boundary.py", line 185, in _free_boundary_cost
    make_mesh(scan_geom, mesh_file, lim)
  File "/home/nl2951/alfven/PF_location_optimization/opt_comp_combined_boundary.py", line 165, in make_mesh
    mesh_pts, mesh_lc, mesh_reg = gs_mesh.build_mesh()
                                  ^^^^^^^^^^^^^^^^^^^^
  File "/home/nl2951/OpenFUSIONToolkit/install_release/python/OpenFUSIONToolkit/TokaMaker/meshing.py", line 628, in build_mesh
    raise ValueError('Meshing error: unclaimed region detected!')
ValueError: Meshing error: unclaimed region detected!

2026-06-15 22:35:01,333 pid=671301 weight_fb=1.00e-03 params=[140.3939  27.7778  54.2827  25.993    0.6032   0.       0.265    0.    ]
Traceback (most recent call last):
  File "/home/nl2951/alfven/PF_location_optimization/opt_comp_combined_boundary.py", line 185, in _free_boundary_cost
    make_mesh(scan_geom, mesh_file, lim)
  File "/home/nl2951/alfven/PF_location_optimization/opt_comp_combined_boundary.py", line 165, in make_mesh
    mesh_pts, mesh_lc, mesh_reg = gs_mesh.build_mesh()
                                  ^^^^^^^^^^^^^^^^^^^^
  File "/home/nl2951/OpenFUSIONToolkit/install_release/python/OpenFUSIONToolkit/TokaMaker/meshing.py", line 628, in build_mesh
    raise ValueError('Meshing error: unclaimed region detected!')
ValueError: Meshing error: unclaimed region detected!

2026-06-15 22:35:30,398 pid=671301 weight_fb=1.00e-03 params=[140.3939  27.7778  54.2827  25.993    0.6032   0.       0.265    0.    ]
Traceback (most recent call last):
  File "/home/nl2951/alfven/PF_location_optimization/opt_comp_combined_boundary.py", line 185, in _free_boundary_cost
    make_mesh(scan_geom, mesh_file, lim)
  File "/home/nl2951/alfven/PF_location_optimization/opt_comp_combined_boundary.py", line 165, in make_mesh
    mesh_pts, mesh_lc, mesh_reg = gs_mesh.build_mesh()
                                  ^^^^^^^^^^^^^^^^^^^^
  File "/home/nl2951/OpenFUSIONToolkit/install_release/python/OpenFUSIONToolkit/TokaMaker/meshing.py", line 628, in build_mesh
    raise ValueError('Meshing error: unclaimed region detected!')
ValueError: Meshing error: unclaimed region detected!

2026-06-15 22:35:59,707 pid=671301 weight_fb=1.00e-03 params=[140.3939  27.7778  54.2827  25.993    0.6032   0.       0.265    0.    ]
Traceback (most recent call last):
  File "/home/nl2951/alfven/PF_location_optimization/opt_comp_combined_boundary.py", line 185, in _free_boundary_cost
    make_mesh(scan_geom, mesh_file, lim)
  File "/home/nl2951/alfven/PF_location_optimization/opt_comp_combined_boundary.py", line 165, in make_mesh
    mesh_pts, mesh_lc, mesh_reg = gs_mesh.build_mesh()
                                  ^^^^^^^^^^^^^^^^^^^^
  File "/home/nl2951/OpenFUSIONToolkit/install_release/python/OpenFUSIONToolkit/TokaMaker/meshing.py", line 628, in build_mesh
    raise ValueError('Meshing error: unclaimed region detected!')
ValueError: Meshing error: unclaimed region detected!

2026-06-15 22:36:29,179 pid=671301 weight_fb=1.00e-03 params=[140.3939  27.7778  54.2827  25.993    0.6032   0.       0.265    0.    ]
Traceback (most recent call last):
  File "/home/nl2951/alfven/PF_location_optimization/opt_comp_combined_boundary.py", line 185, in _free_boundary_cost
    make_mesh(scan_geom, mesh_file, lim)
  File "/home/nl2951/alfven/PF_location_optimization/opt_comp_combined_boundary.py", line 165, in make_mesh
    mesh_pts, mesh_lc, mesh_reg = gs_mesh.build_mesh()
                                  ^^^^^^^^^^^^^^^^^^^^
  File "/home/nl2951/OpenFUSIONToolkit/install_release/python/OpenFUSIONToolkit/TokaMaker/meshing.py", line 628, in build_mesh
    raise ValueError('Meshing error: unclaimed region detected!')
ValueError: Meshing error: unclaimed region detected!

2026-06-15 22:36:58,509 pid=671301 weight_fb=1.00e-03 params=[140.3939  27.7778  54.2827  25.993    0.6032   0.       0.265    0.    ]
Traceback (most recent call last):
  File "/home/nl2951/alfven/PF_location_optimization/opt_comp_combined_boundary.py", line 185, in _free_boundary_cost
    make_mesh(scan_geom, mesh_file, lim)
  File "/home/nl2951/alfven/PF_location_optimization/opt_comp_combined_boundary.py", line 165, in make_mesh
    mesh_pts, mesh_lc, mesh_reg = gs_mesh.build_mesh()
                                  ^^^^^^^^^^^^^^^^^^^^
  File "/home/nl2951/OpenFUSIONToolkit/install_release/python/OpenFUSIONToolkit/TokaMaker/meshing.py", line 628, in build_mesh
    raise ValueError('Meshing error: unclaimed region detected!')
ValueError: Meshing error: unclaimed region detected!

2026-06-15 22:37:27,671 pid=671301 weight_fb=1.00e-03 params=[1.4039e+02 2.7778e+01 5.4283e+01 2.5993e+01 6.0319e-01 1.0000e-08
 2.6499e-01 0.0000e+00]
Traceback (most recent call last):
  File "/home/nl2951/alfven/PF_location_optimization/opt_comp_combined_boundary.py", line 185, in _free_boundary_cost
    make_mesh(scan_geom, mesh_file, lim)
  File "/home/nl2951/alfven/PF_location_optimization/opt_comp_combined_boundary.py", line 165, in make_mesh
    mesh_pts, mesh_lc, mesh_reg = gs_mesh.build_mesh()
                                  ^^^^^^^^^^^^^^^^^^^^
  File "/home/nl2951/OpenFUSIONToolkit/install_release/python/OpenFUSIONToolkit/TokaMaker/meshing.py", line 628, in build_mesh
    raise ValueError('Meshing error: unclaimed region detected!')
ValueError: Meshing error: unclaimed region detected!

2026-06-15 22:37:56,833 pid=671301 weight_fb=1.00e-03 params=[140.3939  27.7778  54.2827  25.993    0.6032   0.       0.265    0.    ]
Traceback (most recent call last):
  File "/home/nl2951/alfven/PF_location_optimization/opt_comp_combined_boundary.py", line 185, in _free_boundary_cost
    make_mesh(scan_geom, mesh_file, lim)
  File "/home/nl2951/alfven/PF_location_optimization/opt_comp_combined_boundary.py", line 165, in make_mesh
    mesh_pts, mesh_lc, mesh_reg = gs_mesh.build_mesh()
                                  ^^^^^^^^^^^^^^^^^^^^
  File "/home/nl2951/OpenFUSIONToolkit/install_release/python/OpenFUSIONToolkit/TokaMaker/meshing.py", line 628, in build_mesh
    raise ValueError('Meshing error: unclaimed region detected!')
ValueError: Meshing error: unclaimed region detected!

2026-06-15 22:38:25,769 pid=671301 weight_fb=1.00e-03 params=[1.4039e+02 2.7778e+01 5.4283e+01 2.5993e+01 6.0319e-01 0.0000e+00
 2.6499e-01 1.0000e-08]
Traceback (most recent call last):
  File "/home/nl2951/alfven/PF_location_optimization/opt_comp_combined_boundary.py", line 185, in _free_boundary_cost
    make_mesh(scan_geom, mesh_file, lim)
  File "/home/nl2951/alfven/PF_location_optimization/opt_comp_combined_boundary.py", line 165, in make_mesh
    mesh_pts, mesh_lc, mesh_reg = gs_mesh.build_mesh()
                                  ^^^^^^^^^^^^^^^^^^^^
  File "/home/nl2951/OpenFUSIONToolkit/install_release/python/OpenFUSIONToolkit/TokaMaker/meshing.py", line 628, in build_mesh
    raise ValueError('Meshing error: unclaimed region detected!')
ValueError: Meshing error: unclaimed region detected!

2026-06-15 22:52:31,144 pid=671301 weight_fb=1.00e-03 params=[140.3939  10.6581  54.2827  25.993    0.6032   0.       0.1765   0.    ]
Traceback (most recent call last):
  File "/home/nl2951/alfven/PF_location_optimization/opt_comp_combined_boundary.py", line 213, in _free_boundary_cost
    mygs.solve()
  File "/home/nl2951/OpenFUSIONToolkit/install_release/python/OpenFUSIONToolkit/TokaMaker/_core.py", line 695, in solve
    raise ValueError("Error in solve: {0}".format(error_string.value.decode()))
ValueError: Error in solve: Matrix solve failed for targets         

2026-06-15 22:53:15,017 pid=671301 weight_fb=1.00e-03 params=[140.3939  10.6581  54.2827  25.993    0.6032   0.       0.1765   0.    ]
Traceback (most recent call last):
  File "/home/nl2951/alfven/PF_location_optimization/opt_comp_combined_boundary.py", line 213, in _free_boundary_cost
    mygs.solve()
  File "/home/nl2951/OpenFUSIONToolkit/install_release/python/OpenFUSIONToolkit/TokaMaker/_core.py", line 695, in solve
    raise ValueError("Error in solve: {0}".format(error_string.value.decode()))
ValueError: Error in solve: Matrix solve failed for targets         

2026-06-15 22:54:42,949 pid=671301 weight_fb=1.00e-03 params=[140.3939  10.6581  54.2827  25.993    0.6032   0.       0.1765   0.    ]
Traceback (most recent call last):
  File "/home/nl2951/alfven/PF_location_optimization/opt_comp_combined_boundary.py", line 213, in _free_boundary_cost
    mygs.solve()
  File "/home/nl2951/OpenFUSIONToolkit/install_release/python/OpenFUSIONToolkit/TokaMaker/_core.py", line 695, in solve
    raise ValueError("Error in solve: {0}".format(error_string.value.decode()))
ValueError: Error in solve: Matrix solve failed for targets         

2026-06-15 22:55:26,924 pid=671301 weight_fb=1.00e-03 params=[140.3939  10.6581  54.2827  25.993    0.6032   0.       0.1765   0.    ]
Traceback (most recent call last):
  File "/home/nl2951/alfven/PF_location_optimization/opt_comp_combined_boundary.py", line 213, in _free_boundary_cost
    mygs.solve()
  File "/home/nl2951/OpenFUSIONToolkit/install_release/python/OpenFUSIONToolkit/TokaMaker/_core.py", line 695, in solve
    raise ValueError("Error in solve: {0}".format(error_string.value.decode()))
ValueError: Error in solve: Matrix solve failed for targets         

2026-06-15 22:56:10,985 pid=671301 weight_fb=1.00e-03 params=[140.3939  10.6581  54.2827  25.993    0.6032   0.       0.1765   0.    ]
Traceback (most recent call last):
  File "/home/nl2951/alfven/PF_location_optimization/opt_comp_combined_boundary.py", line 213, in _free_boundary_cost
    mygs.solve()
  File "/home/nl2951/OpenFUSIONToolkit/install_release/python/OpenFUSIONToolkit/TokaMaker/_core.py", line 695, in solve
    raise ValueError("Error in solve: {0}".format(error_string.value.decode()))
ValueError: Error in solve: Matrix solve failed for targets         

2026-06-15 22:56:54,840 pid=671301 weight_fb=1.00e-03 params=[1.4039e+02 1.0658e+01 5.4283e+01 2.5993e+01 6.0319e-01 1.0000e-08
 1.7652e-01 0.0000e+00]
Traceback (most recent call last):
  File "/home/nl2951/alfven/PF_location_optimization/opt_comp_combined_boundary.py", line 213, in _free_boundary_cost
    mygs.solve()
  File "/home/nl2951/OpenFUSIONToolkit/install_release/python/OpenFUSIONToolkit/TokaMaker/_core.py", line 695, in solve
    raise ValueError("Error in solve: {0}".format(error_string.value.decode()))
ValueError: Error in solve: Matrix solve failed for targets         

2026-06-15 22:57:38,858 pid=671301 weight_fb=1.00e-03 params=[140.3939  10.6581  54.2827  25.993    0.6032   0.       0.1765   0.    ]
Traceback (most recent call last):
  File "/home/nl2951/alfven/PF_location_optimization/opt_comp_combined_boundary.py", line 213, in _free_boundary_cost
    mygs.solve()
  File "/home/nl2951/OpenFUSIONToolkit/install_release/python/OpenFUSIONToolkit/TokaMaker/_core.py", line 695, in solve
    raise ValueError("Error in solve: {0}".format(error_string.value.decode()))
ValueError: Error in solve: Matrix solve failed for targets         

2026-06-15 22:58:22,825 pid=671301 weight_fb=1.00e-03 params=[1.4039e+02 1.0658e+01 5.4283e+01 2.5993e+01 6.0319e-01 0.0000e+00
 1.7652e-01 1.0000e-08]
Traceback (most recent call last):
  File "/home/nl2951/alfven/PF_location_optimization/opt_comp_combined_boundary.py", line 213, in _free_boundary_cost
    mygs.solve()
  File "/home/nl2951/OpenFUSIONToolkit/install_release/python/OpenFUSIONToolkit/TokaMaker/_core.py", line 695, in solve
    raise ValueError("Error in solve: {0}".format(error_string.value.decode()))
ValueError: Error in solve: Matrix solve failed for targets         

2026-06-15 23:00:35,858 pid=671301 weight_fb=1.00e-03 params=[140.3939  10.1369  54.2827  25.993    0.6032   0.       0.1738   0.    ]
Traceback (most recent call last):
  File "/home/nl2951/alfven/PF_location_optimization/opt_comp_combined_boundary.py", line 213, in _free_boundary_cost
    mygs.solve()
  File "/home/nl2951/OpenFUSIONToolkit/install_release/python/OpenFUSIONToolkit/TokaMaker/_core.py", line 695, in solve
    raise ValueError("Error in solve: {0}".format(error_string.value.decode()))
ValueError: Error in solve: Matrix solve failed for targets         

2026-06-15 23:05:47,504 pid=671301 weight_fb=1.00e-03 params=[140.3939  10.0684  54.2827  25.993    0.6032   0.       0.1735   0.    ]
Traceback (most recent call last):
  File "/home/nl2951/alfven/PF_location_optimization/opt_comp_combined_boundary.py", line 213, in _free_boundary_cost
    mygs.solve()
  File "/home/nl2951/OpenFUSIONToolkit/install_release/python/OpenFUSIONToolkit/TokaMaker/_core.py", line 695, in solve
    raise ValueError("Error in solve: {0}".format(error_string.value.decode()))
ValueError: Error in solve: Matrix solve failed for targets         

2026-06-15 23:06:31,286 pid=671301 weight_fb=1.00e-03 params=[140.3939  10.0684  54.2827  25.993    0.6032   0.       0.1735   0.    ]
Traceback (most recent call last):
  File "/home/nl2951/alfven/PF_location_optimization/opt_comp_combined_boundary.py", line 213, in _free_boundary_cost
    mygs.solve()
  File "/home/nl2951/OpenFUSIONToolkit/install_release/python/OpenFUSIONToolkit/TokaMaker/_core.py", line 695, in solve
    raise ValueError("Error in solve: {0}".format(error_string.value.decode()))
ValueError: Error in solve: Matrix solve failed for targets         

2026-06-15 23:07:15,696 pid=671301 weight_fb=1.00e-03 params=[140.3939  10.0684  54.2827  25.993    0.6032   0.       0.1735   0.    ]
Traceback (most recent call last):
  File "/home/nl2951/alfven/PF_location_optimization/opt_comp_combined_boundary.py", line 213, in _free_boundary_cost
    mygs.solve()
  File "/home/nl2951/OpenFUSIONToolkit/install_release/python/OpenFUSIONToolkit/TokaMaker/_core.py", line 695, in solve
    raise ValueError("Error in solve: {0}".format(error_string.value.decode()))
ValueError: Error in solve: Matrix solve failed for targets         

2026-06-15 23:07:59,902 pid=671301 weight_fb=1.00e-03 params=[140.3939  10.0684  54.2827  25.993    0.6032   0.       0.1735   0.    ]
Traceback (most recent call last):
  File "/home/nl2951/alfven/PF_location_optimization/opt_comp_combined_boundary.py", line 213, in _free_boundary_cost
    mygs.solve()
  File "/home/nl2951/OpenFUSIONToolkit/install_release/python/OpenFUSIONToolkit/TokaMaker/_core.py", line 695, in solve
    raise ValueError("Error in solve: {0}".format(error_string.value.decode()))
ValueError: Error in solve: Matrix solve failed for targets         

2026-06-15 23:08:44,365 pid=671301 weight_fb=1.00e-03 params=[140.3939  10.0684  54.2827  25.993    0.6032   0.       0.1735   0.    ]
Traceback (most recent call last):
  File "/home/nl2951/alfven/PF_location_optimization/opt_comp_combined_boundary.py", line 213, in _free_boundary_cost
    mygs.solve()
  File "/home/nl2951/OpenFUSIONToolkit/install_release/python/OpenFUSIONToolkit/TokaMaker/_core.py", line 695, in solve
    raise ValueError("Error in solve: {0}".format(error_string.value.decode()))
ValueError: Error in solve: Matrix solve failed for targets         

2026-06-15 23:09:28,094 pid=671301 weight_fb=1.00e-03 params=[140.3939  10.0684  54.2827  25.993    0.6032   0.       0.1735   0.    ]
Traceback (most recent call last):
  File "/home/nl2951/alfven/PF_location_optimization/opt_comp_combined_boundary.py", line 213, in _free_boundary_cost
    mygs.solve()
  File "/home/nl2951/OpenFUSIONToolkit/install_release/python/OpenFUSIONToolkit/TokaMaker/_core.py", line 695, in solve
    raise ValueError("Error in solve: {0}".format(error_string.value.decode()))
ValueError: Error in solve: Matrix solve failed for targets         

2026-06-15 23:10:11,790 pid=671301 weight_fb=1.00e-03 params=[1.4039e+02 1.0068e+01 5.4283e+01 2.5993e+01 6.0319e-01 1.0000e-08
 1.7347e-01 0.0000e+00]
Traceback (most recent call last):
  File "/home/nl2951/alfven/PF_location_optimization/opt_comp_combined_boundary.py", line 213, in _free_boundary_cost
    mygs.solve()
  File "/home/nl2951/OpenFUSIONToolkit/install_release/python/OpenFUSIONToolkit/TokaMaker/_core.py", line 695, in solve
    raise ValueError("Error in solve: {0}".format(error_string.value.decode()))
ValueError: Error in solve: Matrix solve failed for targets         

2026-06-15 23:10:56,198 pid=671301 weight_fb=1.00e-03 params=[140.3939  10.0684  54.2827  25.993    0.6032   0.       0.1735   0.    ]
Traceback (most recent call last):
  File "/home/nl2951/alfven/PF_location_optimization/opt_comp_combined_boundary.py", line 213, in _free_boundary_cost
    mygs.solve()
  File "/home/nl2951/OpenFUSIONToolkit/install_release/python/OpenFUSIONToolkit/TokaMaker/_core.py", line 695, in solve
    raise ValueError("Error in solve: {0}".format(error_string.value.decode()))
ValueError: Error in solve: Matrix solve failed for targets         

2026-06-15 23:11:39,897 pid=671301 weight_fb=1.00e-03 params=[1.4039e+02 1.0068e+01 5.4283e+01 2.5993e+01 6.0319e-01 0.0000e+00
 1.7347e-01 1.0000e-08]
Traceback (most recent call last):
  File "/home/nl2951/alfven/PF_location_optimization/opt_comp_combined_boundary.py", line 213, in _free_boundary_cost
    mygs.solve()
  File "/home/nl2951/OpenFUSIONToolkit/install_release/python/OpenFUSIONToolkit/TokaMaker/_core.py", line 695, in solve
    raise ValueError("Error in solve: {0}".format(error_string.value.decode()))
ValueError: Error in solve: Matrix solve failed for targets         

2026-06-15 23:12:24,113 pid=671301 weight_fb=1.00e-03 params=[140.3939  10.0228  54.2827  25.993    0.6032   0.       0.1732   0.    ]
Traceback (most recent call last):
  File "/home/nl2951/alfven/PF_location_optimization/opt_comp_combined_boundary.py", line 213, in _free_boundary_cost
    mygs.solve()
  File "/home/nl2951/OpenFUSIONToolkit/install_release/python/OpenFUSIONToolkit/TokaMaker/_core.py", line 695, in solve
    raise ValueError("Error in solve: {0}".format(error_string.value.decode()))
ValueError: Error in solve: Matrix solve failed for targets         

2026-06-15 23:13:07,903 pid=671301 weight_fb=1.00e-03 params=[140.3939  10.0228  54.2827  25.993    0.6032   0.       0.1732   0.    ]
Traceback (most recent call last):
  File "/home/nl2951/alfven/PF_location_optimization/opt_comp_combined_boundary.py", line 213, in _free_boundary_cost
    mygs.solve()
  File "/home/nl2951/OpenFUSIONToolkit/install_release/python/OpenFUSIONToolkit/TokaMaker/_core.py", line 695, in solve
    raise ValueError("Error in solve: {0}".format(error_string.value.decode()))
ValueError: Error in solve: Matrix solve failed for targets         

2026-06-15 23:13:51,627 pid=671301 weight_fb=1.00e-03 params=[140.3939  10.0228  54.2827  25.993    0.6032   0.       0.1732   0.    ]
Traceback (most recent call last):
  File "/home/nl2951/alfven/PF_location_optimization/opt_comp_combined_boundary.py", line 213, in _free_boundary_cost
    mygs.solve()
  File "/home/nl2951/OpenFUSIONToolkit/install_release/python/OpenFUSIONToolkit/TokaMaker/_core.py", line 695, in solve
    raise ValueError("Error in solve: {0}".format(error_string.value.decode()))
ValueError: Error in solve: Matrix solve failed for targets         

2026-06-15 23:14:35,592 pid=671301 weight_fb=1.00e-03 params=[140.3939  10.0228  54.2827  25.993    0.6032   0.       0.1732   0.    ]
Traceback (most recent call last):
  File "/home/nl2951/alfven/PF_location_optimization/opt_comp_combined_boundary.py", line 213, in _free_boundary_cost
    mygs.solve()
  File "/home/nl2951/OpenFUSIONToolkit/install_release/python/OpenFUSIONToolkit/TokaMaker/_core.py", line 695, in solve
    raise ValueError("Error in solve: {0}".format(error_string.value.decode()))
ValueError: Error in solve: Matrix solve failed for targets         

2026-06-15 23:15:19,561 pid=671301 weight_fb=1.00e-03 params=[140.3939  10.0228  54.2827  25.993    0.6032   0.       0.1732   0.    ]
Traceback (most recent call last):
  File "/home/nl2951/alfven/PF_location_optimization/opt_comp_combined_boundary.py", line 213, in _free_boundary_cost
    mygs.solve()
  File "/home/nl2951/OpenFUSIONToolkit/install_release/python/OpenFUSIONToolkit/TokaMaker/_core.py", line 695, in solve
    raise ValueError("Error in solve: {0}".format(error_string.value.decode()))
ValueError: Error in solve: Matrix solve failed for targets         

2026-06-15 23:16:03,527 pid=671301 weight_fb=1.00e-03 params=[140.3939  10.0228  54.2827  25.993    0.6032   0.       0.1732   0.    ]
Traceback (most recent call last):
  File "/home/nl2951/alfven/PF_location_optimization/opt_comp_combined_boundary.py", line 213, in _free_boundary_cost
    mygs.solve()
  File "/home/nl2951/OpenFUSIONToolkit/install_release/python/OpenFUSIONToolkit/TokaMaker/_core.py", line 695, in solve
    raise ValueError("Error in solve: {0}".format(error_string.value.decode()))
ValueError: Error in solve: Matrix solve failed for targets         

2026-06-15 23:16:47,427 pid=671301 weight_fb=1.00e-03 params=[1.4039e+02 1.0023e+01 5.4283e+01 2.5993e+01 6.0319e-01 1.0000e-08
 1.7323e-01 0.0000e+00]
Traceback (most recent call last):
  File "/home/nl2951/alfven/PF_location_optimization/opt_comp_combined_boundary.py", line 213, in _free_boundary_cost
    mygs.solve()
  File "/home/nl2951/OpenFUSIONToolkit/install_release/python/OpenFUSIONToolkit/TokaMaker/_core.py", line 695, in solve
    raise ValueError("Error in solve: {0}".format(error_string.value.decode()))
ValueError: Error in solve: Matrix solve failed for targets         

2026-06-15 23:17:31,065 pid=671301 weight_fb=1.00e-03 params=[140.3939  10.0228  54.2827  25.993    0.6032   0.       0.1732   0.    ]
Traceback (most recent call last):
  File "/home/nl2951/alfven/PF_location_optimization/opt_comp_combined_boundary.py", line 213, in _free_boundary_cost
    mygs.solve()
  File "/home/nl2951/OpenFUSIONToolkit/install_release/python/OpenFUSIONToolkit/TokaMaker/_core.py", line 695, in solve
    raise ValueError("Error in solve: {0}".format(error_string.value.decode()))
ValueError: Error in solve: Matrix solve failed for targets         

2026-06-15 23:18:15,179 pid=671301 weight_fb=1.00e-03 params=[1.4039e+02 1.0023e+01 5.4283e+01 2.5993e+01 6.0319e-01 0.0000e+00
 1.7323e-01 1.0000e-08]
Traceback (most recent call last):
  File "/home/nl2951/alfven/PF_location_optimization/opt_comp_combined_boundary.py", line 213, in _free_boundary_cost
    mygs.solve()
  File "/home/nl2951/OpenFUSIONToolkit/install_release/python/OpenFUSIONToolkit/TokaMaker/_core.py", line 695, in solve
    raise ValueError("Error in solve: {0}".format(error_string.value.decode()))
ValueError: Error in solve: Matrix solve failed for targets         

2026-06-15 23:18:59,187 pid=671301 weight_fb=1.00e-03 params=[140.3939  10.0076  54.2827  25.993    0.6032   0.       0.1732   0.    ]
Traceback (most recent call last):
  File "/home/nl2951/alfven/PF_location_optimization/opt_comp_combined_boundary.py", line 213, in _free_boundary_cost
    mygs.solve()
  File "/home/nl2951/OpenFUSIONToolkit/install_release/python/OpenFUSIONToolkit/TokaMaker/_core.py", line 695, in solve
    raise ValueError("Error in solve: {0}".format(error_string.value.decode()))
ValueError: Error in solve: Matrix solve failed for targets         

2026-06-15 23:19:43,128 pid=671301 weight_fb=1.00e-03 params=[140.3939  10.0076  54.2827  25.993    0.6032   0.       0.1732   0.    ]
Traceback (most recent call last):
  File "/home/nl2951/alfven/PF_location_optimization/opt_comp_combined_boundary.py", line 213, in _free_boundary_cost
    mygs.solve()
  File "/home/nl2951/OpenFUSIONToolkit/install_release/python/OpenFUSIONToolkit/TokaMaker/_core.py", line 695, in solve
    raise ValueError("Error in solve: {0}".format(error_string.value.decode()))
ValueError: Error in solve: Matrix solve failed for targets         

2026-06-15 23:21:10,873 pid=671301 weight_fb=1.00e-03 params=[140.3939  10.0076  54.2827  25.993    0.6032   0.       0.1732   0.    ]
Traceback (most recent call last):
  File "/home/nl2951/alfven/PF_location_optimization/opt_comp_combined_boundary.py", line 213, in _free_boundary_cost
    mygs.solve()
  File "/home/nl2951/OpenFUSIONToolkit/install_release/python/OpenFUSIONToolkit/TokaMaker/_core.py", line 695, in solve
    raise ValueError("Error in solve: {0}".format(error_string.value.decode()))
ValueError: Error in solve: Matrix solve failed for targets         

2026-06-15 23:21:55,073 pid=671301 weight_fb=1.00e-03 params=[140.3939  10.0076  54.2827  25.993    0.6032   0.       0.1732   0.    ]
Traceback (most recent call last):
  File "/home/nl2951/alfven/PF_location_optimization/opt_comp_combined_boundary.py", line 213, in _free_boundary_cost
    mygs.solve()
  File "/home/nl2951/OpenFUSIONToolkit/install_release/python/OpenFUSIONToolkit/TokaMaker/_core.py", line 695, in solve
    raise ValueError("Error in solve: {0}".format(error_string.value.decode()))
ValueError: Error in solve: Matrix solve failed for targets         

2026-06-15 23:22:39,300 pid=671301 weight_fb=1.00e-03 params=[140.3939  10.0076  54.2827  25.993    0.6032   0.       0.1732   0.    ]
Traceback (most recent call last):
  File "/home/nl2951/alfven/PF_location_optimization/opt_comp_combined_boundary.py", line 213, in _free_boundary_cost
    mygs.solve()
  File "/home/nl2951/OpenFUSIONToolkit/install_release/python/OpenFUSIONToolkit/TokaMaker/_core.py", line 695, in solve
    raise ValueError("Error in solve: {0}".format(error_string.value.decode()))
ValueError: Error in solve: Matrix solve failed for targets         

2026-06-15 23:23:23,001 pid=671301 weight_fb=1.00e-03 params=[1.4039e+02 1.0008e+01 5.4283e+01 2.5993e+01 6.0319e-01 1.0000e-08
 1.7316e-01 0.0000e+00]
Traceback (most recent call last):
  File "/home/nl2951/alfven/PF_location_optimization/opt_comp_combined_boundary.py", line 213, in _free_boundary_cost
    mygs.solve()
  File "/home/nl2951/OpenFUSIONToolkit/install_release/python/OpenFUSIONToolkit/TokaMaker/_core.py", line 695, in solve
    raise ValueError("Error in solve: {0}".format(error_string.value.decode()))
ValueError: Error in solve: Matrix solve failed for targets         

2026-06-15 23:24:06,883 pid=671301 weight_fb=1.00e-03 params=[140.3939  10.0076  54.2827  25.993    0.6032   0.       0.1732   0.    ]
Traceback (most recent call last):
  File "/home/nl2951/alfven/PF_location_optimization/opt_comp_combined_boundary.py", line 213, in _free_boundary_cost
    mygs.solve()
  File "/home/nl2951/OpenFUSIONToolkit/install_release/python/OpenFUSIONToolkit/TokaMaker/_core.py", line 695, in solve
    raise ValueError("Error in solve: {0}".format(error_string.value.decode()))
ValueError: Error in solve: Matrix solve failed for targets         

2026-06-15 23:24:50,835 pid=671301 weight_fb=1.00e-03 params=[1.4039e+02 1.0008e+01 5.4283e+01 2.5993e+01 6.0319e-01 0.0000e+00
 1.7316e-01 1.0000e-08]
Traceback (most recent call last):
  File "/home/nl2951/alfven/PF_location_optimization/opt_comp_combined_boundary.py", line 213, in _free_boundary_cost
    mygs.solve()
  File "/home/nl2951/OpenFUSIONToolkit/install_release/python/OpenFUSIONToolkit/TokaMaker/_core.py", line 695, in solve
    raise ValueError("Error in solve: {0}".format(error_string.value.decode()))
ValueError: Error in solve: Matrix solve failed for targets         

2026-06-15 23:25:35,270 pid=671301 weight_fb=1.00e-03 params=[140.3939  10.0016  54.2827  25.993    0.6032   0.       0.1731   0.    ]
Traceback (most recent call last):
  File "/home/nl2951/alfven/PF_location_optimization/opt_comp_combined_boundary.py", line 213, in _free_boundary_cost
    mygs.solve()
  File "/home/nl2951/OpenFUSIONToolkit/install_release/python/OpenFUSIONToolkit/TokaMaker/_core.py", line 695, in solve
    raise ValueError("Error in solve: {0}".format(error_string.value.decode()))
ValueError: Error in solve: Matrix solve failed for targets         

2026-06-15 23:26:19,730 pid=671301 weight_fb=1.00e-03 params=[140.3939  10.0016  54.2827  25.993    0.6032   0.       0.1731   0.    ]
Traceback (most recent call last):
  File "/home/nl2951/alfven/PF_location_optimization/opt_comp_combined_boundary.py", line 213, in _free_boundary_cost
    mygs.solve()
  File "/home/nl2951/OpenFUSIONToolkit/install_release/python/OpenFUSIONToolkit/TokaMaker/_core.py", line 695, in solve
    raise ValueError("Error in solve: {0}".format(error_string.value.decode()))
ValueError: Error in solve: Matrix solve failed for targets         

2026-06-15 23:27:48,329 pid=671301 weight_fb=1.00e-03 params=[140.3939  10.0016  54.2827  25.993    0.6032   0.       0.1731   0.    ]
Traceback (most recent call last):
  File "/home/nl2951/alfven/PF_location_optimization/opt_comp_combined_boundary.py", line 213, in _free_boundary_cost
    mygs.solve()
  File "/home/nl2951/OpenFUSIONToolkit/install_release/python/OpenFUSIONToolkit/TokaMaker/_core.py", line 695, in solve
    raise ValueError("Error in solve: {0}".format(error_string.value.decode()))
ValueError: Error in solve: Matrix solve failed for targets         

2026-06-15 23:28:32,105 pid=671301 weight_fb=1.00e-03 params=[140.3939  10.0016  54.2827  25.993    0.6032   0.       0.1731   0.    ]
Traceback (most recent call last):
  File "/home/nl2951/alfven/PF_location_optimization/opt_comp_combined_boundary.py", line 213, in _free_boundary_cost
    mygs.solve()
  File "/home/nl2951/OpenFUSIONToolkit/install_release/python/OpenFUSIONToolkit/TokaMaker/_core.py", line 695, in solve
    raise ValueError("Error in solve: {0}".format(error_string.value.decode()))
ValueError: Error in solve: Matrix solve failed for targets         

2026-06-15 23:29:16,849 pid=671301 weight_fb=1.00e-03 params=[140.3939  10.0016  54.2827  25.993    0.6032   0.       0.1731   0.    ]
Traceback (most recent call last):
  File "/home/nl2951/alfven/PF_location_optimization/opt_comp_combined_boundary.py", line 213, in _free_boundary_cost
    mygs.solve()
  File "/home/nl2951/OpenFUSIONToolkit/install_release/python/OpenFUSIONToolkit/TokaMaker/_core.py", line 695, in solve
    raise ValueError("Error in solve: {0}".format(error_string.value.decode()))
ValueError: Error in solve: Matrix solve failed for targets         

2026-06-15 23:30:46,437 pid=671301 weight_fb=1.00e-03 params=[140.3939  10.0016  54.2827  25.993    0.6032   0.       0.1731   0.    ]
Traceback (most recent call last):
  File "/home/nl2951/alfven/PF_location_optimization/opt_comp_combined_boundary.py", line 213, in _free_boundary_cost
    mygs.solve()
  File "/home/nl2951/OpenFUSIONToolkit/install_release/python/OpenFUSIONToolkit/TokaMaker/_core.py", line 695, in solve
    raise ValueError("Error in solve: {0}".format(error_string.value.decode()))
ValueError: Error in solve: Matrix solve failed for targets         

2026-06-15 23:31:30,825 pid=671301 weight_fb=1.00e-03 params=[1.4039e+02 1.0002e+01 5.4283e+01 2.5993e+01 6.0319e-01 0.0000e+00
 1.7312e-01 1.0000e-08]
Traceback (most recent call last):
  File "/home/nl2951/alfven/PF_location_optimization/opt_comp_combined_boundary.py", line 213, in _free_boundary_cost
    mygs.solve()
  File "/home/nl2951/OpenFUSIONToolkit/install_release/python/OpenFUSIONToolkit/TokaMaker/_core.py", line 695, in solve
    raise ValueError("Error in solve: {0}".format(error_string.value.decode()))
ValueError: Error in solve: Matrix solve failed for targets         

2026-06-15 23:32:14,805 pid=671301 weight_fb=1.00e-03 params=[140.3939  10.0003  54.2827  25.993    0.6032   0.       0.1731   0.    ]
Traceback (most recent call last):
  File "/home/nl2951/alfven/PF_location_optimization/opt_comp_combined_boundary.py", line 213, in _free_boundary_cost
    mygs.solve()
  File "/home/nl2951/OpenFUSIONToolkit/install_release/python/OpenFUSIONToolkit/TokaMaker/_core.py", line 695, in solve
    raise ValueError("Error in solve: {0}".format(error_string.value.decode()))
ValueError: Error in solve: Matrix solve failed for targets         

2026-06-15 23:32:59,164 pid=671301 weight_fb=1.00e-03 params=[140.3939  10.0003  54.2827  25.993    0.6032   0.       0.1731   0.    ]
Traceback (most recent call last):
  File "/home/nl2951/alfven/PF_location_optimization/opt_comp_combined_boundary.py", line 213, in _free_boundary_cost
    mygs.solve()
  File "/home/nl2951/OpenFUSIONToolkit/install_release/python/OpenFUSIONToolkit/TokaMaker/_core.py", line 695, in solve
    raise ValueError("Error in solve: {0}".format(error_string.value.decode()))
ValueError: Error in solve: Matrix solve failed for targets         

2026-06-15 23:34:27,511 pid=671301 weight_fb=1.00e-03 params=[140.3939  10.0003  54.2827  25.993    0.6032   0.       0.1731   0.    ]
Traceback (most recent call last):
  File "/home/nl2951/alfven/PF_location_optimization/opt_comp_combined_boundary.py", line 213, in _free_boundary_cost
    mygs.solve()
  File "/home/nl2951/OpenFUSIONToolkit/install_release/python/OpenFUSIONToolkit/TokaMaker/_core.py", line 695, in solve
    raise ValueError("Error in solve: {0}".format(error_string.value.decode()))
ValueError: Error in solve: Matrix solve failed for targets         

2026-06-15 23:35:11,693 pid=671301 weight_fb=1.00e-03 params=[140.3939  10.0003  54.2827  25.993    0.6032   0.       0.1731   0.    ]
Traceback (most recent call last):
  File "/home/nl2951/alfven/PF_location_optimization/opt_comp_combined_boundary.py", line 213, in _free_boundary_cost
    mygs.solve()
  File "/home/nl2951/OpenFUSIONToolkit/install_release/python/OpenFUSIONToolkit/TokaMaker/_core.py", line 695, in solve
    raise ValueError("Error in solve: {0}".format(error_string.value.decode()))
ValueError: Error in solve: Matrix solve failed for targets         

2026-06-15 23:35:55,712 pid=671301 weight_fb=1.00e-03 params=[140.3939  10.0003  54.2827  25.993    0.6032   0.       0.1731   0.    ]
Traceback (most recent call last):
  File "/home/nl2951/alfven/PF_location_optimization/opt_comp_combined_boundary.py", line 213, in _free_boundary_cost
    mygs.solve()
  File "/home/nl2951/OpenFUSIONToolkit/install_release/python/OpenFUSIONToolkit/TokaMaker/_core.py", line 695, in solve
    raise ValueError("Error in solve: {0}".format(error_string.value.decode()))
ValueError: Error in solve: Matrix solve failed for targets         

2026-06-15 23:37:24,156 pid=671301 weight_fb=1.00e-03 params=[140.3939  10.0003  54.2827  25.993    0.6032   0.       0.1731   0.    ]
Traceback (most recent call last):
  File "/home/nl2951/alfven/PF_location_optimization/opt_comp_combined_boundary.py", line 213, in _free_boundary_cost
    mygs.solve()
  File "/home/nl2951/OpenFUSIONToolkit/install_release/python/OpenFUSIONToolkit/TokaMaker/_core.py", line 695, in solve
    raise ValueError("Error in solve: {0}".format(error_string.value.decode()))
ValueError: Error in solve: Matrix solve failed for targets         

2026-06-15 23:38:08,170 pid=671301 weight_fb=1.00e-03 params=[1.4039e+02 1.0000e+01 5.4283e+01 2.5993e+01 6.0319e-01 0.0000e+00
 1.7312e-01 1.0000e-08]
Traceback (most recent call last):
  File "/home/nl2951/alfven/PF_location_optimization/opt_comp_combined_boundary.py", line 213, in _free_boundary_cost
    mygs.solve()
  File "/home/nl2951/OpenFUSIONToolkit/install_release/python/OpenFUSIONToolkit/TokaMaker/_core.py", line 695, in solve
    raise ValueError("Error in solve: {0}".format(error_string.value.decode()))
ValueError: Error in solve: Matrix solve failed for targets         

2026-06-15 23:38:51,947 pid=671301 weight_fb=1.00e-03 params=[140.3939  10.0001  54.2827  25.993    0.6032   0.       0.1731   0.    ]
Traceback (most recent call last):
  File "/home/nl2951/alfven/PF_location_optimization/opt_comp_combined_boundary.py", line 213, in _free_boundary_cost
    mygs.solve()
  File "/home/nl2951/OpenFUSIONToolkit/install_release/python/OpenFUSIONToolkit/TokaMaker/_core.py", line 695, in solve
    raise ValueError("Error in solve: {0}".format(error_string.value.decode()))
ValueError: Error in solve: Matrix solve failed for targets         

2026-06-15 23:39:36,234 pid=671301 weight_fb=1.00e-03 params=[140.3939  10.0001  54.2827  25.993    0.6032   0.       0.1731   0.    ]
Traceback (most recent call last):
  File "/home/nl2951/alfven/PF_location_optimization/opt_comp_combined_boundary.py", line 213, in _free_boundary_cost
    mygs.solve()
  File "/home/nl2951/OpenFUSIONToolkit/install_release/python/OpenFUSIONToolkit/TokaMaker/_core.py", line 695, in solve
    raise ValueError("Error in solve: {0}".format(error_string.value.decode()))
ValueError: Error in solve: Matrix solve failed for targets         

2026-06-15 23:41:04,542 pid=671301 weight_fb=1.00e-03 params=[140.3939  10.0001  54.2827  25.993    0.6032   0.       0.1731   0.    ]
Traceback (most recent call last):
  File "/home/nl2951/alfven/PF_location_optimization/opt_comp_combined_boundary.py", line 213, in _free_boundary_cost
    mygs.solve()
  File "/home/nl2951/OpenFUSIONToolkit/install_release/python/OpenFUSIONToolkit/TokaMaker/_core.py", line 695, in solve
    raise ValueError("Error in solve: {0}".format(error_string.value.decode()))
ValueError: Error in solve: Matrix solve failed for targets         

2026-06-15 23:41:48,761 pid=671301 weight_fb=1.00e-03 params=[140.3939  10.0001  54.2827  25.993    0.6032   0.       0.1731   0.    ]
Traceback (most recent call last):
  File "/home/nl2951/alfven/PF_location_optimization/opt_comp_combined_boundary.py", line 213, in _free_boundary_cost
    mygs.solve()
  File "/home/nl2951/OpenFUSIONToolkit/install_release/python/OpenFUSIONToolkit/TokaMaker/_core.py", line 695, in solve
    raise ValueError("Error in solve: {0}".format(error_string.value.decode()))
ValueError: Error in solve: Matrix solve failed for targets         

2026-06-15 23:42:33,113 pid=671301 weight_fb=1.00e-03 params=[140.3939  10.0001  54.2827  25.993    0.6032   0.       0.1731   0.    ]
Traceback (most recent call last):
  File "/home/nl2951/alfven/PF_location_optimization/opt_comp_combined_boundary.py", line 213, in _free_boundary_cost
    mygs.solve()
  File "/home/nl2951/OpenFUSIONToolkit/install_release/python/OpenFUSIONToolkit/TokaMaker/_core.py", line 695, in solve
    raise ValueError("Error in solve: {0}".format(error_string.value.decode()))
ValueError: Error in solve: Matrix solve failed for targets         

2026-06-15 23:43:17,119 pid=671301 weight_fb=1.00e-03 params=[1.4039e+02 1.0000e+01 5.4283e+01 2.5993e+01 6.0319e-01 1.0000e-08
 1.7312e-01 0.0000e+00]
Traceback (most recent call last):
  File "/home/nl2951/alfven/PF_location_optimization/opt_comp_combined_boundary.py", line 213, in _free_boundary_cost
    mygs.solve()
  File "/home/nl2951/OpenFUSIONToolkit/install_release/python/OpenFUSIONToolkit/TokaMaker/_core.py", line 695, in solve
    raise ValueError("Error in solve: {0}".format(error_string.value.decode()))
ValueError: Error in solve: Matrix solve failed for targets         

2026-06-15 23:44:00,703 pid=671301 weight_fb=1.00e-03 params=[140.3939  10.0001  54.2827  25.993    0.6032   0.       0.1731   0.    ]
Traceback (most recent call last):
  File "/home/nl2951/alfven/PF_location_optimization/opt_comp_combined_boundary.py", line 213, in _free_boundary_cost
    mygs.solve()
  File "/home/nl2951/OpenFUSIONToolkit/install_release/python/OpenFUSIONToolkit/TokaMaker/_core.py", line 695, in solve
    raise ValueError("Error in solve: {0}".format(error_string.value.decode()))
ValueError: Error in solve: Matrix solve failed for targets         

2026-06-15 23:44:44,235 pid=671301 weight_fb=1.00e-03 params=[1.4039e+02 1.0000e+01 5.4283e+01 2.5993e+01 6.0319e-01 0.0000e+00
 1.7312e-01 1.0000e-08]
Traceback (most recent call last):
  File "/home/nl2951/alfven/PF_location_optimization/opt_comp_combined_boundary.py", line 213, in _free_boundary_cost
    mygs.solve()
  File "/home/nl2951/OpenFUSIONToolkit/install_release/python/OpenFUSIONToolkit/TokaMaker/_core.py", line 695, in solve
    raise ValueError("Error in solve: {0}".format(error_string.value.decode()))
ValueError: Error in solve: Matrix solve failed for targets         

2026-06-15 23:49:54,506 pid=671301 weight_fb=1.00e-03 params=[1.4039e+02 1.0000e+01 5.4283e+01 2.5993e+01 6.0319e-01 1.0000e-08
 1.7312e-01 0.0000e+00]
Traceback (most recent call last):
  File "/home/nl2951/alfven/PF_location_optimization/opt_comp_combined_boundary.py", line 213, in _free_boundary_cost
    mygs.solve()
  File "/home/nl2951/OpenFUSIONToolkit/install_release/python/OpenFUSIONToolkit/TokaMaker/_core.py", line 695, in solve
    raise ValueError("Error in solve: {0}".format(error_string.value.decode()))
ValueError: Error in solve: Matrix solve failed for targets         

2026-06-15 23:53:36,205 pid=671301 weight_fb=1.00e-03 params=[140.3939  10.      54.2827  25.993    0.6032   0.       0.1731   0.    ]
Traceback (most recent call last):
  File "/home/nl2951/alfven/PF_location_optimization/opt_comp_combined_boundary.py", line 213, in _free_boundary_cost
    mygs.solve()
  File "/home/nl2951/OpenFUSIONToolkit/install_release/python/OpenFUSIONToolkit/TokaMaker/_core.py", line 695, in solve
    raise ValueError("Error in solve: {0}".format(error_string.value.decode()))
ValueError: Error in solve: Matrix solve failed for targets         

2026-06-16 00:00:16,553 pid=671301 weight_fb=1.00e-03 params=[140.3939  10.      54.2827  25.993    0.6032   0.       0.1731   0.    ]
Traceback (most recent call last):
  File "/home/nl2951/alfven/PF_location_optimization/opt_comp_combined_boundary.py", line 213, in _free_boundary_cost
    mygs.solve()
  File "/home/nl2951/OpenFUSIONToolkit/install_release/python/OpenFUSIONToolkit/TokaMaker/_core.py", line 695, in solve
    raise ValueError("Error in solve: {0}".format(error_string.value.decode()))
ValueError: Error in solve: Matrix solve failed for targets         

2026-06-16 00:05:28,750 pid=671301 weight_fb=1.00e-03 params=[140.3939  10.      54.2827  25.993    0.6032   0.       0.1731   0.    ]
Traceback (most recent call last):
  File "/home/nl2951/alfven/PF_location_optimization/opt_comp_combined_boundary.py", line 213, in _free_boundary_cost
    mygs.solve()
  File "/home/nl2951/OpenFUSIONToolkit/install_release/python/OpenFUSIONToolkit/TokaMaker/_core.py", line 695, in solve
    raise ValueError("Error in solve: {0}".format(error_string.value.decode()))
ValueError: Error in solve: Matrix solve failed for targets         

2026-06-16 00:06:12,457 pid=671301 weight_fb=1.00e-03 params=[140.3939  10.      54.2827  25.993    0.6032   0.       0.1731   0.    ]
Traceback (most recent call last):
  File "/home/nl2951/alfven/PF_location_optimization/opt_comp_combined_boundary.py", line 213, in _free_boundary_cost
    mygs.solve()
  File "/home/nl2951/OpenFUSIONToolkit/install_release/python/OpenFUSIONToolkit/TokaMaker/_core.py", line 695, in solve
    raise ValueError("Error in solve: {0}".format(error_string.value.decode()))
ValueError: Error in solve: Matrix solve failed for targets         

2026-06-16 00:06:56,521 pid=671301 weight_fb=1.00e-03 params=[140.3939  10.      54.2827  25.993    0.6032   0.       0.1731   0.    ]
Traceback (most recent call last):
  File "/home/nl2951/alfven/PF_location_optimization/opt_comp_combined_boundary.py", line 213, in _free_boundary_cost
    mygs.solve()
  File "/home/nl2951/OpenFUSIONToolkit/install_release/python/OpenFUSIONToolkit/TokaMaker/_core.py", line 695, in solve
    raise ValueError("Error in solve: {0}".format(error_string.value.decode()))
ValueError: Error in solve: Matrix solve failed for targets         

2026-06-16 00:07:40,881 pid=671301 weight_fb=1.00e-03 params=[140.3939  10.      54.2827  25.993    0.6032   0.       0.1731   0.    ]
Traceback (most recent call last):
  File "/home/nl2951/alfven/PF_location_optimization/opt_comp_combined_boundary.py", line 213, in _free_boundary_cost
    mygs.solve()
  File "/home/nl2951/OpenFUSIONToolkit/install_release/python/OpenFUSIONToolkit/TokaMaker/_core.py", line 695, in solve
    raise ValueError("Error in solve: {0}".format(error_string.value.decode()))
ValueError: Error in solve: Matrix solve failed for targets         

2026-06-16 00:08:24,833 pid=671301 weight_fb=1.00e-03 params=[140.3939  10.      54.2827  25.993    0.6032   0.       0.1731   0.    ]
Traceback (most recent call last):
  File "/home/nl2951/alfven/PF_location_optimization/opt_comp_combined_boundary.py", line 213, in _free_boundary_cost
    mygs.solve()
  File "/home/nl2951/OpenFUSIONToolkit/install_release/python/OpenFUSIONToolkit/TokaMaker/_core.py", line 695, in solve
    raise ValueError("Error in solve: {0}".format(error_string.value.decode()))
ValueError: Error in solve: Matrix solve failed for targets         

2026-06-16 00:09:08,860 pid=671301 weight_fb=1.00e-03 params=[140.3939  10.      54.2827  25.993    0.6032   0.       0.1731   0.    ]
Traceback (most recent call last):
  File "/home/nl2951/alfven/PF_location_optimization/opt_comp_combined_boundary.py", line 213, in _free_boundary_cost
    mygs.solve()
  File "/home/nl2951/OpenFUSIONToolkit/install_release/python/OpenFUSIONToolkit/TokaMaker/_core.py", line 695, in solve
    raise ValueError("Error in solve: {0}".format(error_string.value.decode()))
ValueError: Error in solve: Matrix solve failed for targets         

2026-06-16 00:10:38,118 pid=671301 weight_fb=1.00e-03 params=[140.3939  10.      54.2827  25.993    0.6032   0.       0.1731   0.    ]
Traceback (most recent call last):
  File "/home/nl2951/alfven/PF_location_optimization/opt_comp_combined_boundary.py", line 213, in _free_boundary_cost
    mygs.solve()
  File "/home/nl2951/OpenFUSIONToolkit/install_release/python/OpenFUSIONToolkit/TokaMaker/_core.py", line 695, in solve
    raise ValueError("Error in solve: {0}".format(error_string.value.decode()))
ValueError: Error in solve: Matrix solve failed for targets         

2026-06-16 00:11:22,033 pid=671301 weight_fb=1.00e-03 params=[1.4039e+02 1.0000e+01 5.4283e+01 2.5993e+01 6.0319e-01 0.0000e+00
 1.7312e-01 1.0000e-08]
Traceback (most recent call last):
  File "/home/nl2951/alfven/PF_location_optimization/opt_comp_combined_boundary.py", line 213, in _free_boundary_cost
    mygs.solve()
  File "/home/nl2951/OpenFUSIONToolkit/install_release/python/OpenFUSIONToolkit/TokaMaker/_core.py", line 695, in solve
    raise ValueError("Error in solve: {0}".format(error_string.value.decode()))
ValueError: Error in solve: Matrix solve failed for targets         

2026-06-16 00:12:06,390 pid=671301 weight_fb=1.00e-03 params=[140.3939  10.      54.2827  25.993    0.6032   0.       0.1731   0.    ]
Traceback (most recent call last):
  File "/home/nl2951/alfven/PF_location_optimization/opt_comp_combined_boundary.py", line 213, in _free_boundary_cost
    mygs.solve()
  File "/home/nl2951/OpenFUSIONToolkit/install_release/python/OpenFUSIONToolkit/TokaMaker/_core.py", line 695, in solve
    raise ValueError("Error in solve: {0}".format(error_string.value.decode()))
ValueError: Error in solve: Matrix solve failed for targets         

2026-06-16 00:12:50,646 pid=671301 weight_fb=1.00e-03 params=[140.3939  10.      54.2827  25.993    0.6032   0.       0.1731   0.    ]
Traceback (most recent call last):
  File "/home/nl2951/alfven/PF_location_optimization/opt_comp_combined_boundary.py", line 213, in _free_boundary_cost
    mygs.solve()
  File "/home/nl2951/OpenFUSIONToolkit/install_release/python/OpenFUSIONToolkit/TokaMaker/_core.py", line 695, in solve
    raise ValueError("Error in solve: {0}".format(error_string.value.decode()))
ValueError: Error in solve: Matrix solve failed for targets         

2026-06-16 00:14:18,903 pid=671301 weight_fb=1.00e-03 params=[140.3939  10.      54.2827  25.993    0.6032   0.       0.1731   0.    ]
Traceback (most recent call last):
  File "/home/nl2951/alfven/PF_location_optimization/opt_comp_combined_boundary.py", line 213, in _free_boundary_cost
    mygs.solve()
  File "/home/nl2951/OpenFUSIONToolkit/install_release/python/OpenFUSIONToolkit/TokaMaker/_core.py", line 695, in solve
    raise ValueError("Error in solve: {0}".format(error_string.value.decode()))
ValueError: Error in solve: Matrix solve failed for targets         

2026-06-16 00:15:02,436 pid=671301 weight_fb=1.00e-03 params=[140.3939  10.      54.2827  25.993    0.6032   0.       0.1731   0.    ]
Traceback (most recent call last):
  File "/home/nl2951/alfven/PF_location_optimization/opt_comp_combined_boundary.py", line 213, in _free_boundary_cost
    mygs.solve()
  File "/home/nl2951/OpenFUSIONToolkit/install_release/python/OpenFUSIONToolkit/TokaMaker/_core.py", line 695, in solve
    raise ValueError("Error in solve: {0}".format(error_string.value.decode()))
ValueError: Error in solve: Matrix solve failed for targets         

2026-06-16 00:15:46,616 pid=671301 weight_fb=1.00e-03 params=[140.3939  10.      54.2827  25.993    0.6032   0.       0.1731   0.    ]
Traceback (most recent call last):
  File "/home/nl2951/alfven/PF_location_optimization/opt_comp_combined_boundary.py", line 213, in _free_boundary_cost
    mygs.solve()
  File "/home/nl2951/OpenFUSIONToolkit/install_release/python/OpenFUSIONToolkit/TokaMaker/_core.py", line 695, in solve
    raise ValueError("Error in solve: {0}".format(error_string.value.decode()))
ValueError: Error in solve: Matrix solve failed for targets         

2026-06-16 00:16:30,890 pid=671301 weight_fb=1.00e-03 params=[1.4039e+02 1.0000e+01 5.4283e+01 2.5993e+01 6.0319e-01 1.0000e-08
 1.7312e-01 0.0000e+00]
Traceback (most recent call last):
  File "/home/nl2951/alfven/PF_location_optimization/opt_comp_combined_boundary.py", line 213, in _free_boundary_cost
    mygs.solve()
  File "/home/nl2951/OpenFUSIONToolkit/install_release/python/OpenFUSIONToolkit/TokaMaker/_core.py", line 695, in solve
    raise ValueError("Error in solve: {0}".format(error_string.value.decode()))
ValueError: Error in solve: Matrix solve failed for targets         

2026-06-16 00:17:14,587 pid=671301 weight_fb=1.00e-03 params=[140.3939  10.      54.2827  25.993    0.6032   0.       0.1731   0.    ]
Traceback (most recent call last):
  File "/home/nl2951/alfven/PF_location_optimization/opt_comp_combined_boundary.py", line 213, in _free_boundary_cost
    mygs.solve()
  File "/home/nl2951/OpenFUSIONToolkit/install_release/python/OpenFUSIONToolkit/TokaMaker/_core.py", line 695, in solve
    raise ValueError("Error in solve: {0}".format(error_string.value.decode()))
ValueError: Error in solve: Matrix solve failed for targets         

2026-06-16 00:17:58,608 pid=671301 weight_fb=1.00e-03 params=[1.4039e+02 1.0000e+01 5.4283e+01 2.5993e+01 6.0319e-01 0.0000e+00
 1.7312e-01 1.0000e-08]
Traceback (most recent call last):
  File "/home/nl2951/alfven/PF_location_optimization/opt_comp_combined_boundary.py", line 213, in _free_boundary_cost
    mygs.solve()
  File "/home/nl2951/OpenFUSIONToolkit/install_release/python/OpenFUSIONToolkit/TokaMaker/_core.py", line 695, in solve
    raise ValueError("Error in solve: {0}".format(error_string.value.decode()))
ValueError: Error in solve: Matrix solve failed for targets         

2026-06-16 00:20:11,944 pid=671301 weight_fb=1.00e-03 params=[140.3939  10.      54.2827  25.993    0.6032   0.       0.1731   0.    ]
Traceback (most recent call last):
  File "/home/nl2951/alfven/PF_location_optimization/opt_comp_combined_boundary.py", line 213, in _free_boundary_cost
    mygs.solve()
  File "/home/nl2951/OpenFUSIONToolkit/install_release/python/OpenFUSIONToolkit/TokaMaker/_core.py", line 695, in solve
    raise ValueError("Error in solve: {0}".format(error_string.value.decode()))
ValueError: Error in solve: Matrix solve failed for targets         

2026-06-16 00:25:22,285 pid=671301 weight_fb=1.00e-03 params=[140.3939  10.      54.2827  25.993    0.6032   0.       0.1731   0.    ]
Traceback (most recent call last):
  File "/home/nl2951/alfven/PF_location_optimization/opt_comp_combined_boundary.py", line 213, in _free_boundary_cost
    mygs.solve()
  File "/home/nl2951/OpenFUSIONToolkit/install_release/python/OpenFUSIONToolkit/TokaMaker/_core.py", line 695, in solve
    raise ValueError("Error in solve: {0}".format(error_string.value.decode()))
ValueError: Error in solve: Matrix solve failed for targets         

2026-06-16 00:26:06,188 pid=671301 weight_fb=1.00e-03 params=[140.3939  10.      54.2827  25.993    0.6032   0.       0.1731   0.    ]
Traceback (most recent call last):
  File "/home/nl2951/alfven/PF_location_optimization/opt_comp_combined_boundary.py", line 213, in _free_boundary_cost
    mygs.solve()
  File "/home/nl2951/OpenFUSIONToolkit/install_release/python/OpenFUSIONToolkit/TokaMaker/_core.py", line 695, in solve
    raise ValueError("Error in solve: {0}".format(error_string.value.decode()))
ValueError: Error in solve: Matrix solve failed for targets         

2026-06-16 00:27:34,937 pid=671301 weight_fb=1.00e-03 params=[140.3939  10.      54.2827  25.993    0.6032   0.       0.1731   0.    ]
Traceback (most recent call last):
  File "/home/nl2951/alfven/PF_location_optimization/opt_comp_combined_boundary.py", line 213, in _free_boundary_cost
    mygs.solve()
  File "/home/nl2951/OpenFUSIONToolkit/install_release/python/OpenFUSIONToolkit/TokaMaker/_core.py", line 695, in solve
    raise ValueError("Error in solve: {0}".format(error_string.value.decode()))
ValueError: Error in solve: Matrix solve failed for targets         

2026-06-16 00:28:18,346 pid=671301 weight_fb=1.00e-03 params=[140.3939  10.      54.2827  25.993    0.6032   0.       0.1731   0.    ]
Traceback (most recent call last):
  File "/home/nl2951/alfven/PF_location_optimization/opt_comp_combined_boundary.py", line 213, in _free_boundary_cost
    mygs.solve()
  File "/home/nl2951/OpenFUSIONToolkit/install_release/python/OpenFUSIONToolkit/TokaMaker/_core.py", line 695, in solve
    raise ValueError("Error in solve: {0}".format(error_string.value.decode()))
ValueError: Error in solve: Matrix solve failed for targets         

2026-06-16 00:29:02,457 pid=671301 weight_fb=1.00e-03 params=[140.3939  10.      54.2827  25.993    0.6032   0.       0.1731   0.    ]
Traceback (most recent call last):
  File "/home/nl2951/alfven/PF_location_optimization/opt_comp_combined_boundary.py", line 213, in _free_boundary_cost
    mygs.solve()
  File "/home/nl2951/OpenFUSIONToolkit/install_release/python/OpenFUSIONToolkit/TokaMaker/_core.py", line 695, in solve
    raise ValueError("Error in solve: {0}".format(error_string.value.decode()))
ValueError: Error in solve: Matrix solve failed for targets         

2026-06-16 00:29:46,419 pid=671301 weight_fb=1.00e-03 params=[1.4039e+02 1.0000e+01 5.4283e+01 2.5993e+01 6.0319e-01 1.0000e-08
 1.7312e-01 0.0000e+00]
Traceback (most recent call last):
  File "/home/nl2951/alfven/PF_location_optimization/opt_comp_combined_boundary.py", line 213, in _free_boundary_cost
    mygs.solve()
  File "/home/nl2951/OpenFUSIONToolkit/install_release/python/OpenFUSIONToolkit/TokaMaker/_core.py", line 695, in solve
    raise ValueError("Error in solve: {0}".format(error_string.value.decode()))
ValueError: Error in solve: Matrix solve failed for targets         

2026-06-16 00:30:30,619 pid=671301 weight_fb=1.00e-03 params=[140.3939  10.      54.2827  25.993    0.6032   0.       0.1731   0.    ]
Traceback (most recent call last):
  File "/home/nl2951/alfven/PF_location_optimization/opt_comp_combined_boundary.py", line 213, in _free_boundary_cost
    mygs.solve()
  File "/home/nl2951/OpenFUSIONToolkit/install_release/python/OpenFUSIONToolkit/TokaMaker/_core.py", line 695, in solve
    raise ValueError("Error in solve: {0}".format(error_string.value.decode()))
ValueError: Error in solve: Matrix solve failed for targets         

2026-06-16 00:31:14,067 pid=671301 weight_fb=1.00e-03 params=[1.4039e+02 1.0000e+01 5.4283e+01 2.5993e+01 6.0319e-01 0.0000e+00
 1.7312e-01 1.0000e-08]
Traceback (most recent call last):
  File "/home/nl2951/alfven/PF_location_optimization/opt_comp_combined_boundary.py", line 213, in _free_boundary_cost
    mygs.solve()
  File "/home/nl2951/OpenFUSIONToolkit/install_release/python/OpenFUSIONToolkit/TokaMaker/_core.py", line 695, in solve
    raise ValueError("Error in solve: {0}".format(error_string.value.decode()))
ValueError: Error in solve: Matrix solve failed for targets         

2026-06-16 00:31:58,101 pid=671301 weight_fb=1.00e-03 params=[140.3939  10.      54.2827  25.993    0.6032   0.       0.1731   0.    ]
Traceback (most recent call last):
  File "/home/nl2951/alfven/PF_location_optimization/opt_comp_combined_boundary.py", line 213, in _free_boundary_cost
    mygs.solve()
  File "/home/nl2951/OpenFUSIONToolkit/install_release/python/OpenFUSIONToolkit/TokaMaker/_core.py", line 695, in solve
    raise ValueError("Error in solve: {0}".format(error_string.value.decode()))
ValueError: Error in solve: Matrix solve failed for targets         

2026-06-16 00:32:42,600 pid=671301 weight_fb=1.00e-03 params=[140.3939  10.      54.2827  25.993    0.6032   0.       0.1731   0.    ]
Traceback (most recent call last):
  File "/home/nl2951/alfven/PF_location_optimization/opt_comp_combined_boundary.py", line 213, in _free_boundary_cost
    mygs.solve()
  File "/home/nl2951/OpenFUSIONToolkit/install_release/python/OpenFUSIONToolkit/TokaMaker/_core.py", line 695, in solve
    raise ValueError("Error in solve: {0}".format(error_string.value.decode()))
ValueError: Error in solve: Matrix solve failed for targets         

2026-06-16 00:34:10,591 pid=671301 weight_fb=1.00e-03 params=[140.3939  10.      54.2827  25.993    0.6032   0.       0.1731   0.    ]
Traceback (most recent call last):
  File "/home/nl2951/alfven/PF_location_optimization/opt_comp_combined_boundary.py", line 213, in _free_boundary_cost
    mygs.solve()
  File "/home/nl2951/OpenFUSIONToolkit/install_release/python/OpenFUSIONToolkit/TokaMaker/_core.py", line 695, in solve
    raise ValueError("Error in solve: {0}".format(error_string.value.decode()))
ValueError: Error in solve: Matrix solve failed for targets         

2026-06-16 00:34:54,768 pid=671301 weight_fb=1.00e-03 params=[140.3939  10.      54.2827  25.993    0.6032   0.       0.1731   0.    ]
Traceback (most recent call last):
  File "/home/nl2951/alfven/PF_location_optimization/opt_comp_combined_boundary.py", line 213, in _free_boundary_cost
    mygs.solve()
  File "/home/nl2951/OpenFUSIONToolkit/install_release/python/OpenFUSIONToolkit/TokaMaker/_core.py", line 695, in solve
    raise ValueError("Error in solve: {0}".format(error_string.value.decode()))
ValueError: Error in solve: Matrix solve failed for targets         

2026-06-16 00:35:38,661 pid=671301 weight_fb=1.00e-03 params=[140.3939  10.      54.2827  25.993    0.6032   0.       0.1731   0.    ]
Traceback (most recent call last):
  File "/home/nl2951/alfven/PF_location_optimization/opt_comp_combined_boundary.py", line 213, in _free_boundary_cost
    mygs.solve()
  File "/home/nl2951/OpenFUSIONToolkit/install_release/python/OpenFUSIONToolkit/TokaMaker/_core.py", line 695, in solve
    raise ValueError("Error in solve: {0}".format(error_string.value.decode()))
ValueError: Error in solve: Matrix solve failed for targets         

2026-06-16 00:36:22,675 pid=671301 weight_fb=1.00e-03 params=[1.4039e+02 1.0000e+01 5.4283e+01 2.5993e+01 6.0319e-01 1.0000e-08
 1.7312e-01 0.0000e+00]
Traceback (most recent call last):
  File "/home/nl2951/alfven/PF_location_optimization/opt_comp_combined_boundary.py", line 213, in _free_boundary_cost
    mygs.solve()
  File "/home/nl2951/OpenFUSIONToolkit/install_release/python/OpenFUSIONToolkit/TokaMaker/_core.py", line 695, in solve
    raise ValueError("Error in solve: {0}".format(error_string.value.decode()))
ValueError: Error in solve: Matrix solve failed for targets         

2026-06-16 00:37:06,475 pid=671301 weight_fb=1.00e-03 params=[140.3939  10.      54.2827  25.993    0.6032   0.       0.1731   0.    ]
Traceback (most recent call last):
  File "/home/nl2951/alfven/PF_location_optimization/opt_comp_combined_boundary.py", line 213, in _free_boundary_cost
    mygs.solve()
  File "/home/nl2951/OpenFUSIONToolkit/install_release/python/OpenFUSIONToolkit/TokaMaker/_core.py", line 695, in solve
    raise ValueError("Error in solve: {0}".format(error_string.value.decode()))
ValueError: Error in solve: Matrix solve failed for targets         

2026-06-16 00:37:50,605 pid=671301 weight_fb=1.00e-03 params=[1.4039e+02 1.0000e+01 5.4283e+01 2.5993e+01 6.0319e-01 0.0000e+00
 1.7312e-01 1.0000e-08]
Traceback (most recent call last):
  File "/home/nl2951/alfven/PF_location_optimization/opt_comp_combined_boundary.py", line 213, in _free_boundary_cost
    mygs.solve()
  File "/home/nl2951/OpenFUSIONToolkit/install_release/python/OpenFUSIONToolkit/TokaMaker/_core.py", line 695, in solve
    raise ValueError("Error in solve: {0}".format(error_string.value.decode()))
ValueError: Error in solve: Matrix solve failed for targets         

2026-06-16 00:38:35,026 pid=671301 weight_fb=1.00e-03 params=[140.3939  10.      54.2827  25.993    0.6032   0.       0.1731   0.    ]
Traceback (most recent call last):
  File "/home/nl2951/alfven/PF_location_optimization/opt_comp_combined_boundary.py", line 213, in _free_boundary_cost
    mygs.solve()
  File "/home/nl2951/OpenFUSIONToolkit/install_release/python/OpenFUSIONToolkit/TokaMaker/_core.py", line 695, in solve
    raise ValueError("Error in solve: {0}".format(error_string.value.decode()))
ValueError: Error in solve: Matrix solve failed for targets         

2026-06-16 00:39:18,856 pid=671301 weight_fb=1.00e-03 params=[140.3939  10.      54.2827  25.993    0.6032   0.       0.1731   0.    ]
Traceback (most recent call last):
  File "/home/nl2951/alfven/PF_location_optimization/opt_comp_combined_boundary.py", line 213, in _free_boundary_cost
    mygs.solve()
  File "/home/nl2951/OpenFUSIONToolkit/install_release/python/OpenFUSIONToolkit/TokaMaker/_core.py", line 695, in solve
    raise ValueError("Error in solve: {0}".format(error_string.value.decode()))
ValueError: Error in solve: Matrix solve failed for targets         

2026-06-16 00:40:47,942 pid=671301 weight_fb=1.00e-03 params=[140.3939  10.      54.2827  25.993    0.6032   0.       0.1731   0.    ]
Traceback (most recent call last):
  File "/home/nl2951/alfven/PF_location_optimization/opt_comp_combined_boundary.py", line 213, in _free_boundary_cost
    mygs.solve()
  File "/home/nl2951/OpenFUSIONToolkit/install_release/python/OpenFUSIONToolkit/TokaMaker/_core.py", line 695, in solve
    raise ValueError("Error in solve: {0}".format(error_string.value.decode()))
ValueError: Error in solve: Matrix solve failed for targets         

2026-06-16 00:41:32,027 pid=671301 weight_fb=1.00e-03 params=[140.3939  10.      54.2827  25.993    0.6032   0.       0.1731   0.    ]
Traceback (most recent call last):
  File "/home/nl2951/alfven/PF_location_optimization/opt_comp_combined_boundary.py", line 213, in _free_boundary_cost
    mygs.solve()
  File "/home/nl2951/OpenFUSIONToolkit/install_release/python/OpenFUSIONToolkit/TokaMaker/_core.py", line 695, in solve
    raise ValueError("Error in solve: {0}".format(error_string.value.decode()))
ValueError: Error in solve: Matrix solve failed for targets         

2026-06-16 00:42:16,047 pid=671301 weight_fb=1.00e-03 params=[140.3939  10.      54.2827  25.993    0.6032   0.       0.1731   0.    ]
Traceback (most recent call last):
  File "/home/nl2951/alfven/PF_location_optimization/opt_comp_combined_boundary.py", line 213, in _free_boundary_cost
    mygs.solve()
  File "/home/nl2951/OpenFUSIONToolkit/install_release/python/OpenFUSIONToolkit/TokaMaker/_core.py", line 695, in solve
    raise ValueError("Error in solve: {0}".format(error_string.value.decode()))
ValueError: Error in solve: Matrix solve failed for targets         

2026-06-16 00:43:44,273 pid=671301 weight_fb=1.00e-03 params=[140.3939  10.      54.2827  25.993    0.6032   0.       0.1731   0.    ]
Traceback (most recent call last):
  File "/home/nl2951/alfven/PF_location_optimization/opt_comp_combined_boundary.py", line 213, in _free_boundary_cost
    mygs.solve()
  File "/home/nl2951/OpenFUSIONToolkit/install_release/python/OpenFUSIONToolkit/TokaMaker/_core.py", line 695, in solve
    raise ValueError("Error in solve: {0}".format(error_string.value.decode()))
ValueError: Error in solve: Matrix solve failed for targets         

2026-06-16 00:44:28,480 pid=671301 weight_fb=1.00e-03 params=[1.4039e+02 1.0000e+01 5.4283e+01 2.5993e+01 6.0319e-01 0.0000e+00
 1.7312e-01 1.0000e-08]
Traceback (most recent call last):
  File "/home/nl2951/alfven/PF_location_optimization/opt_comp_combined_boundary.py", line 213, in _free_boundary_cost
    mygs.solve()
  File "/home/nl2951/OpenFUSIONToolkit/install_release/python/OpenFUSIONToolkit/TokaMaker/_core.py", line 695, in solve
    raise ValueError("Error in solve: {0}".format(error_string.value.decode()))
ValueError: Error in solve: Matrix solve failed for targets         

2026-06-16 00:49:39,434 pid=671301 weight_fb=1.00e-03 params=[1.4039e+02 1.0000e+01 5.4283e+01 2.5993e+01 6.0319e-01 1.0000e-08
 1.7312e-01 0.0000e+00]
Traceback (most recent call last):
  File "/home/nl2951/alfven/PF_location_optimization/opt_comp_combined_boundary.py", line 213, in _free_boundary_cost
    mygs.solve()
  File "/home/nl2951/OpenFUSIONToolkit/install_release/python/OpenFUSIONToolkit/TokaMaker/_core.py", line 695, in solve
    raise ValueError("Error in solve: {0}".format(error_string.value.decode()))
ValueError: Error in solve: Matrix solve failed for targets         

2026-06-16 00:51:51,636 pid=671301 weight_fb=1.00e-03 params=[140.3939  10.      54.2827  25.993    0.6032   0.       0.1731   0.    ]
Traceback (most recent call last):
  File "/home/nl2951/alfven/PF_location_optimization/opt_comp_combined_boundary.py", line 213, in _free_boundary_cost
    mygs.solve()
  File "/home/nl2951/OpenFUSIONToolkit/install_release/python/OpenFUSIONToolkit/TokaMaker/_core.py", line 695, in solve
    raise ValueError("Error in solve: {0}".format(error_string.value.decode()))
ValueError: Error in solve: Matrix solve failed for targets         

2026-06-16 00:52:35,635 pid=671301 weight_fb=1.00e-03 params=[140.3939  10.      54.2827  25.993    0.6032   0.       0.1731   0.    ]
Traceback (most recent call last):
  File "/home/nl2951/alfven/PF_location_optimization/opt_comp_combined_boundary.py", line 213, in _free_boundary_cost
    mygs.solve()
  File "/home/nl2951/OpenFUSIONToolkit/install_release/python/OpenFUSIONToolkit/TokaMaker/_core.py", line 695, in solve
    raise ValueError("Error in solve: {0}".format(error_string.value.decode()))
ValueError: Error in solve: Matrix solve failed for targets         

2026-06-16 00:54:05,038 pid=671301 weight_fb=1.00e-03 params=[140.3939  10.      54.2827  25.993    0.6032   0.       0.1731   0.    ]
Traceback (most recent call last):
  File "/home/nl2951/alfven/PF_location_optimization/opt_comp_combined_boundary.py", line 213, in _free_boundary_cost
    mygs.solve()
  File "/home/nl2951/OpenFUSIONToolkit/install_release/python/OpenFUSIONToolkit/TokaMaker/_core.py", line 695, in solve
    raise ValueError("Error in solve: {0}".format(error_string.value.decode()))
ValueError: Error in solve: Matrix solve failed for targets         

2026-06-16 00:54:48,657 pid=671301 weight_fb=1.00e-03 params=[140.3939  10.      54.2827  25.993    0.6032   0.       0.1731   0.    ]
Traceback (most recent call last):
  File "/home/nl2951/alfven/PF_location_optimization/opt_comp_combined_boundary.py", line 213, in _free_boundary_cost
    mygs.solve()
  File "/home/nl2951/OpenFUSIONToolkit/install_release/python/OpenFUSIONToolkit/TokaMaker/_core.py", line 695, in solve
    raise ValueError("Error in solve: {0}".format(error_string.value.decode()))
ValueError: Error in solve: Matrix solve failed for targets         

2026-06-16 00:55:32,691 pid=671301 weight_fb=1.00e-03 params=[140.3939  10.      54.2827  25.993    0.6032   0.       0.1731   0.    ]
Traceback (most recent call last):
  File "/home/nl2951/alfven/PF_location_optimization/opt_comp_combined_boundary.py", line 213, in _free_boundary_cost
    mygs.solve()
  File "/home/nl2951/OpenFUSIONToolkit/install_release/python/OpenFUSIONToolkit/TokaMaker/_core.py", line 695, in solve
    raise ValueError("Error in solve: {0}".format(error_string.value.decode()))
ValueError: Error in solve: Matrix solve failed for targets         

2026-06-16 00:56:16,824 pid=671301 weight_fb=1.00e-03 params=[1.4039e+02 1.0000e+01 5.4283e+01 2.5993e+01 6.0319e-01 1.0000e-08
 1.7312e-01 0.0000e+00]
Traceback (most recent call last):
  File "/home/nl2951/alfven/PF_location_optimization/opt_comp_combined_boundary.py", line 213, in _free_boundary_cost
    mygs.solve()
  File "/home/nl2951/OpenFUSIONToolkit/install_release/python/OpenFUSIONToolkit/TokaMaker/_core.py", line 695, in solve
    raise ValueError("Error in solve: {0}".format(error_string.value.decode()))
ValueError: Error in solve: Matrix solve failed for targets         

2026-06-16 00:57:00,864 pid=671301 weight_fb=1.00e-03 params=[140.3939  10.      54.2827  25.993    0.6032   0.       0.1731   0.    ]
Traceback (most recent call last):
  File "/home/nl2951/alfven/PF_location_optimization/opt_comp_combined_boundary.py", line 213, in _free_boundary_cost
    mygs.solve()
  File "/home/nl2951/OpenFUSIONToolkit/install_release/python/OpenFUSIONToolkit/TokaMaker/_core.py", line 695, in solve
    raise ValueError("Error in solve: {0}".format(error_string.value.decode()))
ValueError: Error in solve: Matrix solve failed for targets         

2026-06-16 00:57:44,639 pid=671301 weight_fb=1.00e-03 params=[1.4039e+02 1.0000e+01 5.4283e+01 2.5993e+01 6.0319e-01 0.0000e+00
 1.7312e-01 1.0000e-08]
Traceback (most recent call last):
  File "/home/nl2951/alfven/PF_location_optimization/opt_comp_combined_boundary.py", line 213, in _free_boundary_cost
    mygs.solve()
  File "/home/nl2951/OpenFUSIONToolkit/install_release/python/OpenFUSIONToolkit/TokaMaker/_core.py", line 695, in solve
    raise ValueError("Error in solve: {0}".format(error_string.value.decode()))
ValueError: Error in solve: Matrix solve failed for targets         

2026-06-16 00:58:28,695 pid=671301 weight_fb=1.00e-03 params=[140.3939  10.      54.2827  25.993    0.6032   0.       0.1731   0.    ]
Traceback (most recent call last):
  File "/home/nl2951/alfven/PF_location_optimization/opt_comp_combined_boundary.py", line 213, in _free_boundary_cost
    mygs.solve()
  File "/home/nl2951/OpenFUSIONToolkit/install_release/python/OpenFUSIONToolkit/TokaMaker/_core.py", line 695, in solve
    raise ValueError("Error in solve: {0}".format(error_string.value.decode()))
ValueError: Error in solve: Matrix solve failed for targets         

2026-06-16 00:59:12,508 pid=671301 weight_fb=1.00e-03 params=[140.3939  10.      54.2827  25.993    0.6032   0.       0.1731   0.    ]
Traceback (most recent call last):
  File "/home/nl2951/alfven/PF_location_optimization/opt_comp_combined_boundary.py", line 213, in _free_boundary_cost
    mygs.solve()
  File "/home/nl2951/OpenFUSIONToolkit/install_release/python/OpenFUSIONToolkit/TokaMaker/_core.py", line 695, in solve
    raise ValueError("Error in solve: {0}".format(error_string.value.decode()))
ValueError: Error in solve: Matrix solve failed for targets         

2026-06-16 00:59:56,273 pid=671301 weight_fb=1.00e-03 params=[140.3939  10.      54.2827  25.993    0.6032   0.       0.1731   0.    ]
Traceback (most recent call last):
  File "/home/nl2951/alfven/PF_location_optimization/opt_comp_combined_boundary.py", line 213, in _free_boundary_cost
    mygs.solve()
  File "/home/nl2951/OpenFUSIONToolkit/install_release/python/OpenFUSIONToolkit/TokaMaker/_core.py", line 695, in solve
    raise ValueError("Error in solve: {0}".format(error_string.value.decode()))
ValueError: Error in solve: Matrix solve failed for targets         

2026-06-16 01:00:40,460 pid=671301 weight_fb=1.00e-03 params=[140.3939  10.      54.2827  25.993    0.6032   0.       0.1731   0.    ]
Traceback (most recent call last):
  File "/home/nl2951/alfven/PF_location_optimization/opt_comp_combined_boundary.py", line 213, in _free_boundary_cost
    mygs.solve()
  File "/home/nl2951/OpenFUSIONToolkit/install_release/python/OpenFUSIONToolkit/TokaMaker/_core.py", line 695, in solve
    raise ValueError("Error in solve: {0}".format(error_string.value.decode()))
ValueError: Error in solve: Matrix solve failed for targets         

2026-06-16 01:01:25,202 pid=671301 weight_fb=1.00e-03 params=[140.3939  10.      54.2827  25.993    0.6032   0.       0.1731   0.    ]
Traceback (most recent call last):
  File "/home/nl2951/alfven/PF_location_optimization/opt_comp_combined_boundary.py", line 213, in _free_boundary_cost
    mygs.solve()
  File "/home/nl2951/OpenFUSIONToolkit/install_release/python/OpenFUSIONToolkit/TokaMaker/_core.py", line 695, in solve
    raise ValueError("Error in solve: {0}".format(error_string.value.decode()))
ValueError: Error in solve: Matrix solve failed for targets         

2026-06-16 01:02:08,794 pid=671301 weight_fb=1.00e-03 params=[140.3939  10.      54.2827  25.993    0.6032   0.       0.1731   0.    ]
Traceback (most recent call last):
  File "/home/nl2951/alfven/PF_location_optimization/opt_comp_combined_boundary.py", line 213, in _free_boundary_cost
    mygs.solve()
  File "/home/nl2951/OpenFUSIONToolkit/install_release/python/OpenFUSIONToolkit/TokaMaker/_core.py", line 695, in solve
    raise ValueError("Error in solve: {0}".format(error_string.value.decode()))
ValueError: Error in solve: Matrix solve failed for targets         

2026-06-16 01:03:37,250 pid=671301 weight_fb=1.00e-03 params=[140.3939  10.      54.2827  25.993    0.6032   0.       0.1731   0.    ]
Traceback (most recent call last):
  File "/home/nl2951/alfven/PF_location_optimization/opt_comp_combined_boundary.py", line 213, in _free_boundary_cost
    mygs.solve()
  File "/home/nl2951/OpenFUSIONToolkit/install_release/python/OpenFUSIONToolkit/TokaMaker/_core.py", line 695, in solve
    raise ValueError("Error in solve: {0}".format(error_string.value.decode()))
ValueError: Error in solve: Matrix solve failed for targets         

2026-06-16 01:04:21,241 pid=671301 weight_fb=1.00e-03 params=[1.4039e+02 1.0000e+01 5.4283e+01 2.5993e+01 6.0319e-01 0.0000e+00
 1.7312e-01 1.0000e-08]
Traceback (most recent call last):
  File "/home/nl2951/alfven/PF_location_optimization/opt_comp_combined_boundary.py", line 213, in _free_boundary_cost
    mygs.solve()
  File "/home/nl2951/OpenFUSIONToolkit/install_release/python/OpenFUSIONToolkit/TokaMaker/_core.py", line 695, in solve
    raise ValueError("Error in solve: {0}".format(error_string.value.decode()))
ValueError: Error in solve: Matrix solve failed for targets         

2026-06-16 01:05:04,803 pid=671301 weight_fb=1.00e-03 params=[140.3939  10.      54.2827  25.993    0.6032   0.       0.1731   0.    ]
Traceback (most recent call last):
  File "/home/nl2951/alfven/PF_location_optimization/opt_comp_combined_boundary.py", line 213, in _free_boundary_cost
    mygs.solve()
  File "/home/nl2951/OpenFUSIONToolkit/install_release/python/OpenFUSIONToolkit/TokaMaker/_core.py", line 695, in solve
    raise ValueError("Error in solve: {0}".format(error_string.value.decode()))
ValueError: Error in solve: Matrix solve failed for targets         

2026-06-16 01:05:48,640 pid=671301 weight_fb=1.00e-03 params=[140.3939  10.      54.2827  25.993    0.6032   0.       0.1731   0.    ]
Traceback (most recent call last):
  File "/home/nl2951/alfven/PF_location_optimization/opt_comp_combined_boundary.py", line 213, in _free_boundary_cost
    mygs.solve()
  File "/home/nl2951/OpenFUSIONToolkit/install_release/python/OpenFUSIONToolkit/TokaMaker/_core.py", line 695, in solve
    raise ValueError("Error in solve: {0}".format(error_string.value.decode()))
ValueError: Error in solve: Matrix solve failed for targets         

2026-06-16 01:07:17,658 pid=671301 weight_fb=1.00e-03 params=[140.3939  10.      54.2827  25.993    0.6032   0.       0.1731   0.    ]
Traceback (most recent call last):
  File "/home/nl2951/alfven/PF_location_optimization/opt_comp_combined_boundary.py", line 213, in _free_boundary_cost
    mygs.solve()
  File "/home/nl2951/OpenFUSIONToolkit/install_release/python/OpenFUSIONToolkit/TokaMaker/_core.py", line 695, in solve
    raise ValueError("Error in solve: {0}".format(error_string.value.decode()))
ValueError: Error in solve: Matrix solve failed for targets         

2026-06-16 01:08:01,377 pid=671301 weight_fb=1.00e-03 params=[140.3939  10.      54.2827  25.993    0.6032   0.       0.1731   0.    ]
Traceback (most recent call last):
  File "/home/nl2951/alfven/PF_location_optimization/opt_comp_combined_boundary.py", line 213, in _free_boundary_cost
    mygs.solve()
  File "/home/nl2951/OpenFUSIONToolkit/install_release/python/OpenFUSIONToolkit/TokaMaker/_core.py", line 695, in solve
    raise ValueError("Error in solve: {0}".format(error_string.value.decode()))
ValueError: Error in solve: Matrix solve failed for targets         

2026-06-16 01:08:45,398 pid=671301 weight_fb=1.00e-03 params=[140.3939  10.      54.2827  25.993    0.6032   0.       0.1731   0.    ]
Traceback (most recent call last):
  File "/home/nl2951/alfven/PF_location_optimization/opt_comp_combined_boundary.py", line 213, in _free_boundary_cost
    mygs.solve()
  File "/home/nl2951/OpenFUSIONToolkit/install_release/python/OpenFUSIONToolkit/TokaMaker/_core.py", line 695, in solve
    raise ValueError("Error in solve: {0}".format(error_string.value.decode()))
ValueError: Error in solve: Matrix solve failed for targets         

2026-06-16 01:09:29,499 pid=671301 weight_fb=1.00e-03 params=[1.4039e+02 1.0000e+01 5.4283e+01 2.5993e+01 6.0319e-01 1.0000e-08
 1.7312e-01 0.0000e+00]
Traceback (most recent call last):
  File "/home/nl2951/alfven/PF_location_optimization/opt_comp_combined_boundary.py", line 213, in _free_boundary_cost
    mygs.solve()
  File "/home/nl2951/OpenFUSIONToolkit/install_release/python/OpenFUSIONToolkit/TokaMaker/_core.py", line 695, in solve
    raise ValueError("Error in solve: {0}".format(error_string.value.decode()))
ValueError: Error in solve: Matrix solve failed for targets         

2026-06-16 01:10:13,659 pid=671301 weight_fb=1.00e-03 params=[140.3939  10.      54.2827  25.993    0.6032   0.       0.1731   0.    ]
Traceback (most recent call last):
  File "/home/nl2951/alfven/PF_location_optimization/opt_comp_combined_boundary.py", line 213, in _free_boundary_cost
    mygs.solve()
  File "/home/nl2951/OpenFUSIONToolkit/install_release/python/OpenFUSIONToolkit/TokaMaker/_core.py", line 695, in solve
    raise ValueError("Error in solve: {0}".format(error_string.value.decode()))
ValueError: Error in solve: Matrix solve failed for targets         

2026-06-16 01:10:57,468 pid=671301 weight_fb=1.00e-03 params=[1.4039e+02 1.0000e+01 5.4283e+01 2.5993e+01 6.0319e-01 0.0000e+00
 1.7312e-01 1.0000e-08]
Traceback (most recent call last):
  File "/home/nl2951/alfven/PF_location_optimization/opt_comp_combined_boundary.py", line 213, in _free_boundary_cost
    mygs.solve()
  File "/home/nl2951/OpenFUSIONToolkit/install_release/python/OpenFUSIONToolkit/TokaMaker/_core.py", line 695, in solve
    raise ValueError("Error in solve: {0}".format(error_string.value.decode()))
ValueError: Error in solve: Matrix solve failed for targets         

2026-06-16 01:13:10,129 pid=671301 weight_fb=1.00e-03 params=[140.3939  10.      54.2827  25.993    0.6032   0.       0.1731   0.    ]
Traceback (most recent call last):
  File "/home/nl2951/alfven/PF_location_optimization/opt_comp_combined_boundary.py", line 213, in _free_boundary_cost
    mygs.solve()
  File "/home/nl2951/OpenFUSIONToolkit/install_release/python/OpenFUSIONToolkit/TokaMaker/_core.py", line 695, in solve
    raise ValueError("Error in solve: {0}".format(error_string.value.decode()))
ValueError: Error in solve: Matrix solve failed for targets         

2026-06-16 01:19:50,221 pid=671301 weight_fb=1.00e-03 params=[140.3939  10.      54.2827  25.993    0.6032   0.       0.1731   0.    ]
Traceback (most recent call last):
  File "/home/nl2951/alfven/PF_location_optimization/opt_comp_combined_boundary.py", line 213, in _free_boundary_cost
    mygs.solve()
  File "/home/nl2951/OpenFUSIONToolkit/install_release/python/OpenFUSIONToolkit/TokaMaker/_core.py", line 695, in solve
    raise ValueError("Error in solve: {0}".format(error_string.value.decode()))
ValueError: Error in solve: Matrix solve failed for targets         

2026-06-16 01:25:00,655 pid=671301 weight_fb=1.00e-03 params=[140.3939  10.      54.2827  25.993    0.6032   0.       0.1731   0.    ]
Traceback (most recent call last):
  File "/home/nl2951/alfven/PF_location_optimization/opt_comp_combined_boundary.py", line 213, in _free_boundary_cost
    mygs.solve()
  File "/home/nl2951/OpenFUSIONToolkit/install_release/python/OpenFUSIONToolkit/TokaMaker/_core.py", line 695, in solve
    raise ValueError("Error in solve: {0}".format(error_string.value.decode()))
ValueError: Error in solve: Matrix solve failed for targets         

2026-06-16 01:25:44,590 pid=671301 weight_fb=1.00e-03 params=[140.3939  10.      54.2827  25.993    0.6032   0.       0.1731   0.    ]
Traceback (most recent call last):
  File "/home/nl2951/alfven/PF_location_optimization/opt_comp_combined_boundary.py", line 213, in _free_boundary_cost
    mygs.solve()
  File "/home/nl2951/OpenFUSIONToolkit/install_release/python/OpenFUSIONToolkit/TokaMaker/_core.py", line 695, in solve
    raise ValueError("Error in solve: {0}".format(error_string.value.decode()))
ValueError: Error in solve: Matrix solve failed for targets         

2026-06-16 01:26:28,116 pid=671301 weight_fb=1.00e-03 params=[140.3939  10.      54.2827  25.993    0.6032   0.       0.1731   0.    ]
Traceback (most recent call last):
  File "/home/nl2951/alfven/PF_location_optimization/opt_comp_combined_boundary.py", line 213, in _free_boundary_cost
    mygs.solve()
  File "/home/nl2951/OpenFUSIONToolkit/install_release/python/OpenFUSIONToolkit/TokaMaker/_core.py", line 695, in solve
    raise ValueError("Error in solve: {0}".format(error_string.value.decode()))
ValueError: Error in solve: Matrix solve failed for targets         

2026-06-16 01:27:12,735 pid=671301 weight_fb=1.00e-03 params=[140.3939  10.      54.2827  25.993    0.6032   0.       0.1731   0.    ]
Traceback (most recent call last):
  File "/home/nl2951/alfven/PF_location_optimization/opt_comp_combined_boundary.py", line 213, in _free_boundary_cost
    mygs.solve()
  File "/home/nl2951/OpenFUSIONToolkit/install_release/python/OpenFUSIONToolkit/TokaMaker/_core.py", line 695, in solve
    raise ValueError("Error in solve: {0}".format(error_string.value.decode()))
ValueError: Error in solve: Matrix solve failed for targets         

2026-06-16 01:27:56,854 pid=671301 weight_fb=1.00e-03 params=[140.3939  10.      54.2827  25.993    0.6032   0.       0.1731   0.    ]
Traceback (most recent call last):
  File "/home/nl2951/alfven/PF_location_optimization/opt_comp_combined_boundary.py", line 213, in _free_boundary_cost
    mygs.solve()
  File "/home/nl2951/OpenFUSIONToolkit/install_release/python/OpenFUSIONToolkit/TokaMaker/_core.py", line 695, in solve
    raise ValueError("Error in solve: {0}".format(error_string.value.decode()))
ValueError: Error in solve: Matrix solve failed for targets         

2026-06-16 01:28:40,741 pid=671301 weight_fb=1.00e-03 params=[140.3939  10.      54.2827  25.993    0.6032   0.       0.1731   0.    ]
Traceback (most recent call last):
  File "/home/nl2951/alfven/PF_location_optimization/opt_comp_combined_boundary.py", line 213, in _free_boundary_cost
    mygs.solve()
  File "/home/nl2951/OpenFUSIONToolkit/install_release/python/OpenFUSIONToolkit/TokaMaker/_core.py", line 695, in solve
    raise ValueError("Error in solve: {0}".format(error_string.value.decode()))
ValueError: Error in solve: Matrix solve failed for targets         

2026-06-16 01:29:25,019 pid=671301 weight_fb=1.00e-03 params=[1.4039e+02 1.0000e+01 5.4283e+01 2.5993e+01 6.0319e-01 1.0000e-08
 1.7312e-01 0.0000e+00]
Traceback (most recent call last):
  File "/home/nl2951/alfven/PF_location_optimization/opt_comp_combined_boundary.py", line 213, in _free_boundary_cost
    mygs.solve()
  File "/home/nl2951/OpenFUSIONToolkit/install_release/python/OpenFUSIONToolkit/TokaMaker/_core.py", line 695, in solve
    raise ValueError("Error in solve: {0}".format(error_string.value.decode()))
ValueError: Error in solve: Matrix solve failed for targets         

2026-06-16 01:30:09,173 pid=671301 weight_fb=1.00e-03 params=[140.3939  10.      54.2827  25.993    0.6032   0.       0.1731   0.    ]
Traceback (most recent call last):
  File "/home/nl2951/alfven/PF_location_optimization/opt_comp_combined_boundary.py", line 213, in _free_boundary_cost
    mygs.solve()
  File "/home/nl2951/OpenFUSIONToolkit/install_release/python/OpenFUSIONToolkit/TokaMaker/_core.py", line 695, in solve
    raise ValueError("Error in solve: {0}".format(error_string.value.decode()))
ValueError: Error in solve: Matrix solve failed for targets         

2026-06-16 01:30:53,030 pid=671301 weight_fb=1.00e-03 params=[1.4039e+02 1.0000e+01 5.4283e+01 2.5993e+01 6.0319e-01 0.0000e+00
 1.7312e-01 1.0000e-08]
Traceback (most recent call last):
  File "/home/nl2951/alfven/PF_location_optimization/opt_comp_combined_boundary.py", line 213, in _free_boundary_cost
    mygs.solve()
  File "/home/nl2951/OpenFUSIONToolkit/install_release/python/OpenFUSIONToolkit/TokaMaker/_core.py", line 695, in solve
    raise ValueError("Error in solve: {0}".format(error_string.value.decode()))
ValueError: Error in solve: Matrix solve failed for targets         

2026-06-16 01:46:28,037 pid=671301 weight_fb=1.00e-03 params=[140.3939  10.      54.2827  25.993    0.6032   0.       0.1731   0.    ]
Traceback (most recent call last):
  File "/home/nl2951/alfven/PF_location_optimization/opt_comp_combined_boundary.py", line 213, in _free_boundary_cost
    mygs.solve()
  File "/home/nl2951/OpenFUSIONToolkit/install_release/python/OpenFUSIONToolkit/TokaMaker/_core.py", line 695, in solve
    raise ValueError("Error in solve: {0}".format(error_string.value.decode()))
ValueError: Error in solve: Matrix solve failed for targets         

2026-06-16 01:51:40,451 pid=671301 weight_fb=1.00e-03 params=[140.3939  10.      54.2827  25.993    0.6032   0.       0.1731   0.    ]
Traceback (most recent call last):
  File "/home/nl2951/alfven/PF_location_optimization/opt_comp_combined_boundary.py", line 213, in _free_boundary_cost
    mygs.solve()
  File "/home/nl2951/OpenFUSIONToolkit/install_release/python/OpenFUSIONToolkit/TokaMaker/_core.py", line 695, in solve
    raise ValueError("Error in solve: {0}".format(error_string.value.decode()))
ValueError: Error in solve: Matrix solve failed for targets         

2026-06-16 01:52:24,699 pid=671301 weight_fb=1.00e-03 params=[140.3939  10.      54.2827  25.993    0.6032   0.       0.1731   0.    ]
Traceback (most recent call last):
  File "/home/nl2951/alfven/PF_location_optimization/opt_comp_combined_boundary.py", line 213, in _free_boundary_cost
    mygs.solve()
  File "/home/nl2951/OpenFUSIONToolkit/install_release/python/OpenFUSIONToolkit/TokaMaker/_core.py", line 695, in solve
    raise ValueError("Error in solve: {0}".format(error_string.value.decode()))
ValueError: Error in solve: Matrix solve failed for targets         

2026-06-16 01:53:54,506 pid=671301 weight_fb=1.00e-03 params=[140.3939  10.      54.2827  25.993    0.6032   0.       0.1731   0.    ]
Traceback (most recent call last):
  File "/home/nl2951/alfven/PF_location_optimization/opt_comp_combined_boundary.py", line 213, in _free_boundary_cost
    mygs.solve()
  File "/home/nl2951/OpenFUSIONToolkit/install_release/python/OpenFUSIONToolkit/TokaMaker/_core.py", line 695, in solve
    raise ValueError("Error in solve: {0}".format(error_string.value.decode()))
ValueError: Error in solve: Matrix solve failed for targets         

2026-06-16 01:54:38,057 pid=671301 weight_fb=1.00e-03 params=[140.3939  10.      54.2827  25.993    0.6032   0.       0.1731   0.    ]
Traceback (most recent call last):
  File "/home/nl2951/alfven/PF_location_optimization/opt_comp_combined_boundary.py", line 213, in _free_boundary_cost
    mygs.solve()
  File "/home/nl2951/OpenFUSIONToolkit/install_release/python/OpenFUSIONToolkit/TokaMaker/_core.py", line 695, in solve
    raise ValueError("Error in solve: {0}".format(error_string.value.decode()))
ValueError: Error in solve: Matrix solve failed for targets         

2026-06-16 01:55:22,434 pid=671301 weight_fb=1.00e-03 params=[140.3939  10.      54.2827  25.993    0.6032   0.       0.1731   0.    ]
Traceback (most recent call last):
  File "/home/nl2951/alfven/PF_location_optimization/opt_comp_combined_boundary.py", line 213, in _free_boundary_cost
    mygs.solve()
  File "/home/nl2951/OpenFUSIONToolkit/install_release/python/OpenFUSIONToolkit/TokaMaker/_core.py", line 695, in solve
    raise ValueError("Error in solve: {0}".format(error_string.value.decode()))
ValueError: Error in solve: Matrix solve failed for targets         

2026-06-16 01:56:07,292 pid=671301 weight_fb=1.00e-03 params=[1.4039e+02 1.0000e+01 5.4283e+01 2.5993e+01 6.0319e-01 1.0000e-08
 1.7312e-01 0.0000e+00]
Traceback (most recent call last):
  File "/home/nl2951/alfven/PF_location_optimization/opt_comp_combined_boundary.py", line 213, in _free_boundary_cost
    mygs.solve()
  File "/home/nl2951/OpenFUSIONToolkit/install_release/python/OpenFUSIONToolkit/TokaMaker/_core.py", line 695, in solve
    raise ValueError("Error in solve: {0}".format(error_string.value.decode()))
ValueError: Error in solve: Matrix solve failed for targets         

2026-06-16 01:56:51,537 pid=671301 weight_fb=1.00e-03 params=[140.3939  10.      54.2827  25.993    0.6032   0.       0.1731   0.    ]
Traceback (most recent call last):
  File "/home/nl2951/alfven/PF_location_optimization/opt_comp_combined_boundary.py", line 213, in _free_boundary_cost
    mygs.solve()
  File "/home/nl2951/OpenFUSIONToolkit/install_release/python/OpenFUSIONToolkit/TokaMaker/_core.py", line 695, in solve
    raise ValueError("Error in solve: {0}".format(error_string.value.decode()))
ValueError: Error in solve: Matrix solve failed for targets         

2026-06-16 01:57:35,305 pid=671301 weight_fb=1.00e-03 params=[1.4039e+02 1.0000e+01 5.4283e+01 2.5993e+01 6.0319e-01 0.0000e+00
 1.7312e-01 1.0000e-08]
Traceback (most recent call last):
  File "/home/nl2951/alfven/PF_location_optimization/opt_comp_combined_boundary.py", line 213, in _free_boundary_cost
    mygs.solve()
  File "/home/nl2951/OpenFUSIONToolkit/install_release/python/OpenFUSIONToolkit/TokaMaker/_core.py", line 695, in solve
    raise ValueError("Error in solve: {0}".format(error_string.value.decode()))
ValueError: Error in solve: Matrix solve failed for targets         

2026-06-16 01:59:49,176 pid=671301 weight_fb=1.00e-03 params=[140.3939  10.      54.2827  25.993    0.6032   0.       0.1731   0.    ]
Traceback (most recent call last):
  File "/home/nl2951/alfven/PF_location_optimization/opt_comp_combined_boundary.py", line 213, in _free_boundary_cost
    mygs.solve()
  File "/home/nl2951/OpenFUSIONToolkit/install_release/python/OpenFUSIONToolkit/TokaMaker/_core.py", line 695, in solve
    raise ValueError("Error in solve: {0}".format(error_string.value.decode()))
ValueError: Error in solve: Matrix solve failed for targets         

2026-06-16 02:05:01,252 pid=671301 weight_fb=1.00e-03 params=[140.3939  10.      54.2827  25.993    0.6032   0.       0.1731   0.    ]
Traceback (most recent call last):
  File "/home/nl2951/alfven/PF_location_optimization/opt_comp_combined_boundary.py", line 213, in _free_boundary_cost
    mygs.solve()
  File "/home/nl2951/OpenFUSIONToolkit/install_release/python/OpenFUSIONToolkit/TokaMaker/_core.py", line 695, in solve
    raise ValueError("Error in solve: {0}".format(error_string.value.decode()))
ValueError: Error in solve: Matrix solve failed for targets         

2026-06-16 02:05:45,300 pid=671301 weight_fb=1.00e-03 params=[140.3939  10.      54.2827  25.993    0.6032   0.       0.1731   0.    ]
Traceback (most recent call last):
  File "/home/nl2951/alfven/PF_location_optimization/opt_comp_combined_boundary.py", line 213, in _free_boundary_cost
    mygs.solve()
  File "/home/nl2951/OpenFUSIONToolkit/install_release/python/OpenFUSIONToolkit/TokaMaker/_core.py", line 695, in solve
    raise ValueError("Error in solve: {0}".format(error_string.value.decode()))
ValueError: Error in solve: Matrix solve failed for targets         

2026-06-16 02:07:14,676 pid=671301 weight_fb=1.00e-03 params=[140.3939  10.      54.2827  25.993    0.6032   0.       0.1731   0.    ]
Traceback (most recent call last):
  File "/home/nl2951/alfven/PF_location_optimization/opt_comp_combined_boundary.py", line 213, in _free_boundary_cost
    mygs.solve()
  File "/home/nl2951/OpenFUSIONToolkit/install_release/python/OpenFUSIONToolkit/TokaMaker/_core.py", line 695, in solve
    raise ValueError("Error in solve: {0}".format(error_string.value.decode()))
ValueError: Error in solve: Matrix solve failed for targets         

2026-06-16 02:07:58,866 pid=671301 weight_fb=1.00e-03 params=[140.3939  10.      54.2827  25.993    0.6032   0.       0.1731   0.    ]
Traceback (most recent call last):
  File "/home/nl2951/alfven/PF_location_optimization/opt_comp_combined_boundary.py", line 213, in _free_boundary_cost
    mygs.solve()
  File "/home/nl2951/OpenFUSIONToolkit/install_release/python/OpenFUSIONToolkit/TokaMaker/_core.py", line 695, in solve
    raise ValueError("Error in solve: {0}".format(error_string.value.decode()))
ValueError: Error in solve: Matrix solve failed for targets         

2026-06-16 02:08:42,989 pid=671301 weight_fb=1.00e-03 params=[140.3939  10.      54.2827  25.993    0.6032   0.       0.1731   0.    ]
Traceback (most recent call last):
  File "/home/nl2951/alfven/PF_location_optimization/opt_comp_combined_boundary.py", line 213, in _free_boundary_cost
    mygs.solve()
  File "/home/nl2951/OpenFUSIONToolkit/install_release/python/OpenFUSIONToolkit/TokaMaker/_core.py", line 695, in solve
    raise ValueError("Error in solve: {0}".format(error_string.value.decode()))
ValueError: Error in solve: Matrix solve failed for targets         

2026-06-16 02:10:12,259 pid=671301 weight_fb=1.00e-03 params=[140.3939  10.      54.2827  25.993    0.6032   0.       0.1731   0.    ]
Traceback (most recent call last):
  File "/home/nl2951/alfven/PF_location_optimization/opt_comp_combined_boundary.py", line 213, in _free_boundary_cost
    mygs.solve()
  File "/home/nl2951/OpenFUSIONToolkit/install_release/python/OpenFUSIONToolkit/TokaMaker/_core.py", line 695, in solve
    raise ValueError("Error in solve: {0}".format(error_string.value.decode()))
ValueError: Error in solve: Matrix solve failed for targets         

2026-06-16 02:10:56,064 pid=671301 weight_fb=1.00e-03 params=[1.4039e+02 1.0000e+01 5.4283e+01 2.5993e+01 6.0319e-01 0.0000e+00
 1.7312e-01 1.0000e-08]
Traceback (most recent call last):
  File "/home/nl2951/alfven/PF_location_optimization/opt_comp_combined_boundary.py", line 213, in _free_boundary_cost
    mygs.solve()
  File "/home/nl2951/OpenFUSIONToolkit/install_release/python/OpenFUSIONToolkit/TokaMaker/_core.py", line 695, in solve
    raise ValueError("Error in solve: {0}".format(error_string.value.decode()))
ValueError: Error in solve: Matrix solve failed for targets         

2026-06-16 02:13:08,466 pid=671301 weight_fb=1.00e-03 params=[140.3939  10.      54.2827  25.993    0.6032   0.       0.1731   0.    ]
Traceback (most recent call last):
  File "/home/nl2951/alfven/PF_location_optimization/opt_comp_combined_boundary.py", line 213, in _free_boundary_cost
    mygs.solve()
  File "/home/nl2951/OpenFUSIONToolkit/install_release/python/OpenFUSIONToolkit/TokaMaker/_core.py", line 695, in solve
    raise ValueError("Error in solve: {0}".format(error_string.value.decode()))
ValueError: Error in solve: Matrix solve failed for targets         

2026-06-16 02:19:46,373 pid=671301 weight_fb=1.00e-03 params=[140.3939  10.      54.2827  25.993    0.6032   0.       0.1731   0.    ]
Traceback (most recent call last):
  File "/home/nl2951/alfven/PF_location_optimization/opt_comp_combined_boundary.py", line 213, in _free_boundary_cost
    mygs.solve()
  File "/home/nl2951/OpenFUSIONToolkit/install_release/python/OpenFUSIONToolkit/TokaMaker/_core.py", line 695, in solve
    raise ValueError("Error in solve: {0}".format(error_string.value.decode()))
ValueError: Error in solve: Matrix solve failed for targets         

2026-06-16 02:24:56,531 pid=671301 weight_fb=1.00e-03 params=[140.3939  10.      54.2827  25.993    0.6032   0.       0.1731   0.    ]
Traceback (most recent call last):
  File "/home/nl2951/alfven/PF_location_optimization/opt_comp_combined_boundary.py", line 213, in _free_boundary_cost
    mygs.solve()
  File "/home/nl2951/OpenFUSIONToolkit/install_release/python/OpenFUSIONToolkit/TokaMaker/_core.py", line 695, in solve
    raise ValueError("Error in solve: {0}".format(error_string.value.decode()))
ValueError: Error in solve: Matrix solve failed for targets         

2026-06-16 02:25:39,977 pid=671301 weight_fb=1.00e-03 params=[140.3939  10.      54.2827  25.993    0.6032   0.       0.1731   0.    ]
Traceback (most recent call last):
  File "/home/nl2951/alfven/PF_location_optimization/opt_comp_combined_boundary.py", line 213, in _free_boundary_cost
    mygs.solve()
  File "/home/nl2951/OpenFUSIONToolkit/install_release/python/OpenFUSIONToolkit/TokaMaker/_core.py", line 695, in solve
    raise ValueError("Error in solve: {0}".format(error_string.value.decode()))
ValueError: Error in solve: Matrix solve failed for targets         

2026-06-16 02:27:08,505 pid=671301 weight_fb=1.00e-03 params=[140.3939  10.      54.2827  25.993    0.6032   0.       0.1731   0.    ]
Traceback (most recent call last):
  File "/home/nl2951/alfven/PF_location_optimization/opt_comp_combined_boundary.py", line 213, in _free_boundary_cost
    mygs.solve()
  File "/home/nl2951/OpenFUSIONToolkit/install_release/python/OpenFUSIONToolkit/TokaMaker/_core.py", line 695, in solve
    raise ValueError("Error in solve: {0}".format(error_string.value.decode()))
ValueError: Error in solve: Matrix solve failed for targets         

2026-06-16 02:27:52,602 pid=671301 weight_fb=1.00e-03 params=[140.3939  10.      54.2827  25.993    0.6032   0.       0.1731   0.    ]
Traceback (most recent call last):
  File "/home/nl2951/alfven/PF_location_optimization/opt_comp_combined_boundary.py", line 213, in _free_boundary_cost
    mygs.solve()
  File "/home/nl2951/OpenFUSIONToolkit/install_release/python/OpenFUSIONToolkit/TokaMaker/_core.py", line 695, in solve
    raise ValueError("Error in solve: {0}".format(error_string.value.decode()))
ValueError: Error in solve: Matrix solve failed for targets         

2026-06-16 02:28:36,373 pid=671301 weight_fb=1.00e-03 params=[140.3939  10.      54.2827  25.993    0.6032   0.       0.1731   0.    ]
Traceback (most recent call last):
  File "/home/nl2951/alfven/PF_location_optimization/opt_comp_combined_boundary.py", line 213, in _free_boundary_cost
    mygs.solve()
  File "/home/nl2951/OpenFUSIONToolkit/install_release/python/OpenFUSIONToolkit/TokaMaker/_core.py", line 695, in solve
    raise ValueError("Error in solve: {0}".format(error_string.value.decode()))
ValueError: Error in solve: Matrix solve failed for targets         

2026-06-16 02:29:20,560 pid=671301 weight_fb=1.00e-03 params=[1.4039e+02 1.0000e+01 5.4283e+01 2.5993e+01 6.0319e-01 1.0000e-08
 1.7312e-01 0.0000e+00]
Traceback (most recent call last):
  File "/home/nl2951/alfven/PF_location_optimization/opt_comp_combined_boundary.py", line 213, in _free_boundary_cost
    mygs.solve()
  File "/home/nl2951/OpenFUSIONToolkit/install_release/python/OpenFUSIONToolkit/TokaMaker/_core.py", line 695, in solve
    raise ValueError("Error in solve: {0}".format(error_string.value.decode()))
ValueError: Error in solve: Matrix solve failed for targets         

2026-06-16 02:30:04,770 pid=671301 weight_fb=1.00e-03 params=[140.3939  10.      54.2827  25.993    0.6032   0.       0.1731   0.    ]
Traceback (most recent call last):
  File "/home/nl2951/alfven/PF_location_optimization/opt_comp_combined_boundary.py", line 213, in _free_boundary_cost
    mygs.solve()
  File "/home/nl2951/OpenFUSIONToolkit/install_release/python/OpenFUSIONToolkit/TokaMaker/_core.py", line 695, in solve
    raise ValueError("Error in solve: {0}".format(error_string.value.decode()))
ValueError: Error in solve: Matrix solve failed for targets         

2026-06-16 02:30:48,553 pid=671301 weight_fb=1.00e-03 params=[1.4039e+02 1.0000e+01 5.4283e+01 2.5993e+01 6.0319e-01 0.0000e+00
 1.7312e-01 1.0000e-08]
Traceback (most recent call last):
  File "/home/nl2951/alfven/PF_location_optimization/opt_comp_combined_boundary.py", line 213, in _free_boundary_cost
    mygs.solve()
  File "/home/nl2951/OpenFUSIONToolkit/install_release/python/OpenFUSIONToolkit/TokaMaker/_core.py", line 695, in solve
    raise ValueError("Error in solve: {0}".format(error_string.value.decode()))
ValueError: Error in solve: Matrix solve failed for targets         

2026-06-16 02:33:01,754 pid=671301 weight_fb=1.00e-03 params=[140.3939  10.      54.2827  25.993    0.6032   0.       0.1731   0.    ]
Traceback (most recent call last):
  File "/home/nl2951/alfven/PF_location_optimization/opt_comp_combined_boundary.py", line 213, in _free_boundary_cost
    mygs.solve()
  File "/home/nl2951/OpenFUSIONToolkit/install_release/python/OpenFUSIONToolkit/TokaMaker/_core.py", line 695, in solve
    raise ValueError("Error in solve: {0}".format(error_string.value.decode()))
ValueError: Error in solve: Matrix solve failed for targets         

2026-06-16 02:38:12,635 pid=671301 weight_fb=1.00e-03 params=[140.3939  10.      54.2827  25.993    0.6032   0.       0.1731   0.    ]
Traceback (most recent call last):
  File "/home/nl2951/alfven/PF_location_optimization/opt_comp_combined_boundary.py", line 213, in _free_boundary_cost
    mygs.solve()
  File "/home/nl2951/OpenFUSIONToolkit/install_release/python/OpenFUSIONToolkit/TokaMaker/_core.py", line 695, in solve
    raise ValueError("Error in solve: {0}".format(error_string.value.decode()))
ValueError: Error in solve: Matrix solve failed for targets         

2026-06-16 02:38:56,429 pid=671301 weight_fb=1.00e-03 params=[140.3939  10.      54.2827  25.993    0.6032   0.       0.1731   0.    ]
Traceback (most recent call last):
  File "/home/nl2951/alfven/PF_location_optimization/opt_comp_combined_boundary.py", line 213, in _free_boundary_cost
    mygs.solve()
  File "/home/nl2951/OpenFUSIONToolkit/install_release/python/OpenFUSIONToolkit/TokaMaker/_core.py", line 695, in solve
    raise ValueError("Error in solve: {0}".format(error_string.value.decode()))
ValueError: Error in solve: Matrix solve failed for targets         

2026-06-16 02:39:40,254 pid=671301 weight_fb=1.00e-03 params=[140.3939  10.      54.2827  25.993    0.6032   0.       0.1731   0.    ]
Traceback (most recent call last):
  File "/home/nl2951/alfven/PF_location_optimization/opt_comp_combined_boundary.py", line 213, in _free_boundary_cost
    mygs.solve()
  File "/home/nl2951/OpenFUSIONToolkit/install_release/python/OpenFUSIONToolkit/TokaMaker/_core.py", line 695, in solve
    raise ValueError("Error in solve: {0}".format(error_string.value.decode()))
ValueError: Error in solve: Matrix solve failed for targets         

2026-06-16 02:40:24,381 pid=671301 weight_fb=1.00e-03 params=[140.3939  10.      54.2827  25.993    0.6032   0.       0.1731   0.    ]
Traceback (most recent call last):
  File "/home/nl2951/alfven/PF_location_optimization/opt_comp_combined_boundary.py", line 213, in _free_boundary_cost
    mygs.solve()
  File "/home/nl2951/OpenFUSIONToolkit/install_release/python/OpenFUSIONToolkit/TokaMaker/_core.py", line 695, in solve
    raise ValueError("Error in solve: {0}".format(error_string.value.decode()))
ValueError: Error in solve: Matrix solve failed for targets         

2026-06-16 02:41:08,514 pid=671301 weight_fb=1.00e-03 params=[140.3939  10.      54.2827  25.993    0.6032   0.       0.1731   0.    ]
Traceback (most recent call last):
  File "/home/nl2951/alfven/PF_location_optimization/opt_comp_combined_boundary.py", line 213, in _free_boundary_cost
    mygs.solve()
  File "/home/nl2951/OpenFUSIONToolkit/install_release/python/OpenFUSIONToolkit/TokaMaker/_core.py", line 695, in solve
    raise ValueError("Error in solve: {0}".format(error_string.value.decode()))
ValueError: Error in solve: Matrix solve failed for targets         

2026-06-16 02:41:51,794 pid=671301 weight_fb=1.00e-03 params=[140.3939  10.      54.2827  25.993    0.6032   0.       0.1731   0.    ]
Traceback (most recent call last):
  File "/home/nl2951/alfven/PF_location_optimization/opt_comp_combined_boundary.py", line 213, in _free_boundary_cost
    mygs.solve()
  File "/home/nl2951/OpenFUSIONToolkit/install_release/python/OpenFUSIONToolkit/TokaMaker/_core.py", line 695, in solve
    raise ValueError("Error in solve: {0}".format(error_string.value.decode()))
ValueError: Error in solve: Matrix solve failed for targets         

2026-06-16 02:43:20,752 pid=671301 weight_fb=1.00e-03 params=[140.3939  10.      54.2827  25.993    0.6032   0.       0.1731   0.    ]
Traceback (most recent call last):
  File "/home/nl2951/alfven/PF_location_optimization/opt_comp_combined_boundary.py", line 213, in _free_boundary_cost
    mygs.solve()
  File "/home/nl2951/OpenFUSIONToolkit/install_release/python/OpenFUSIONToolkit/TokaMaker/_core.py", line 695, in solve
    raise ValueError("Error in solve: {0}".format(error_string.value.decode()))
ValueError: Error in solve: Matrix solve failed for targets         

2026-06-16 02:44:04,691 pid=671301 weight_fb=1.00e-03 params=[1.4039e+02 1.0000e+01 5.4283e+01 2.5993e+01 6.0319e-01 0.0000e+00
 1.7312e-01 1.0000e-08]
Traceback (most recent call last):
  File "/home/nl2951/alfven/PF_location_optimization/opt_comp_combined_boundary.py", line 213, in _free_boundary_cost
    mygs.solve()
  File "/home/nl2951/OpenFUSIONToolkit/install_release/python/OpenFUSIONToolkit/TokaMaker/_core.py", line 695, in solve
    raise ValueError("Error in solve: {0}".format(error_string.value.decode()))
ValueError: Error in solve: Matrix solve failed for targets         

2026-06-16 02:44:48,471 pid=671301 weight_fb=1.00e-03 params=[140.3939  10.      54.2827  25.993    0.6032   0.       0.1731   0.    ]
Traceback (most recent call last):
  File "/home/nl2951/alfven/PF_location_optimization/opt_comp_combined_boundary.py", line 213, in _free_boundary_cost
    mygs.solve()
  File "/home/nl2951/OpenFUSIONToolkit/install_release/python/OpenFUSIONToolkit/TokaMaker/_core.py", line 695, in solve
    raise ValueError("Error in solve: {0}".format(error_string.value.decode()))
ValueError: Error in solve: Matrix solve failed for targets         

2026-06-16 02:45:32,293 pid=671301 weight_fb=1.00e-03 params=[140.3939  10.      54.2827  25.993    0.6032   0.       0.1731   0.    ]
Traceback (most recent call last):
  File "/home/nl2951/alfven/PF_location_optimization/opt_comp_combined_boundary.py", line 213, in _free_boundary_cost
    mygs.solve()
  File "/home/nl2951/OpenFUSIONToolkit/install_release/python/OpenFUSIONToolkit/TokaMaker/_core.py", line 695, in solve
    raise ValueError("Error in solve: {0}".format(error_string.value.decode()))
ValueError: Error in solve: Matrix solve failed for targets         

2026-06-16 02:46:16,360 pid=671301 weight_fb=1.00e-03 params=[140.3939  10.      54.2827  25.993    0.6032   0.       0.1731   0.    ]
Traceback (most recent call last):
  File "/home/nl2951/alfven/PF_location_optimization/opt_comp_combined_boundary.py", line 213, in _free_boundary_cost
    mygs.solve()
  File "/home/nl2951/OpenFUSIONToolkit/install_release/python/OpenFUSIONToolkit/TokaMaker/_core.py", line 695, in solve
    raise ValueError("Error in solve: {0}".format(error_string.value.decode()))
ValueError: Error in solve: Matrix solve failed for targets         

2026-06-16 02:47:00,238 pid=671301 weight_fb=1.00e-03 params=[140.3939  10.      54.2827  25.993    0.6032   0.       0.1731   0.    ]
Traceback (most recent call last):
  File "/home/nl2951/alfven/PF_location_optimization/opt_comp_combined_boundary.py", line 213, in _free_boundary_cost
    mygs.solve()
  File "/home/nl2951/OpenFUSIONToolkit/install_release/python/OpenFUSIONToolkit/TokaMaker/_core.py", line 695, in solve
    raise ValueError("Error in solve: {0}".format(error_string.value.decode()))
ValueError: Error in solve: Matrix solve failed for targets         

2026-06-16 02:47:43,873 pid=671301 weight_fb=1.00e-03 params=[140.3939  10.      54.2827  25.993    0.6032   0.       0.1731   0.    ]
Traceback (most recent call last):
  File "/home/nl2951/alfven/PF_location_optimization/opt_comp_combined_boundary.py", line 213, in _free_boundary_cost
    mygs.solve()
  File "/home/nl2951/OpenFUSIONToolkit/install_release/python/OpenFUSIONToolkit/TokaMaker/_core.py", line 695, in solve
    raise ValueError("Error in solve: {0}".format(error_string.value.decode()))
ValueError: Error in solve: Matrix solve failed for targets         

2026-06-16 02:48:27,494 pid=671301 weight_fb=1.00e-03 params=[140.3939  10.      54.2827  25.993    0.6032   0.       0.1731   0.    ]
Traceback (most recent call last):
  File "/home/nl2951/alfven/PF_location_optimization/opt_comp_combined_boundary.py", line 213, in _free_boundary_cost
    mygs.solve()
  File "/home/nl2951/OpenFUSIONToolkit/install_release/python/OpenFUSIONToolkit/TokaMaker/_core.py", line 695, in solve
    raise ValueError("Error in solve: {0}".format(error_string.value.decode()))
ValueError: Error in solve: Matrix solve failed for targets         

2026-06-16 02:49:11,359 pid=671301 weight_fb=1.00e-03 params=[1.4039e+02 1.0000e+01 5.4283e+01 2.5993e+01 6.0319e-01 1.0000e-08
 1.7312e-01 0.0000e+00]
Traceback (most recent call last):
  File "/home/nl2951/alfven/PF_location_optimization/opt_comp_combined_boundary.py", line 213, in _free_boundary_cost
    mygs.solve()
  File "/home/nl2951/OpenFUSIONToolkit/install_release/python/OpenFUSIONToolkit/TokaMaker/_core.py", line 695, in solve
    raise ValueError("Error in solve: {0}".format(error_string.value.decode()))
ValueError: Error in solve: Matrix solve failed for targets         

2026-06-16 02:49:54,804 pid=671301 weight_fb=1.00e-03 params=[140.3939  10.      54.2827  25.993    0.6032   0.       0.1731   0.    ]
Traceback (most recent call last):
  File "/home/nl2951/alfven/PF_location_optimization/opt_comp_combined_boundary.py", line 213, in _free_boundary_cost
    mygs.solve()
  File "/home/nl2951/OpenFUSIONToolkit/install_release/python/OpenFUSIONToolkit/TokaMaker/_core.py", line 695, in solve
    raise ValueError("Error in solve: {0}".format(error_string.value.decode()))
ValueError: Error in solve: Matrix solve failed for targets         

2026-06-16 02:50:38,110 pid=671301 weight_fb=1.00e-03 params=[1.4039e+02 1.0000e+01 5.4283e+01 2.5993e+01 6.0319e-01 0.0000e+00
 1.7312e-01 1.0000e-08]
Traceback (most recent call last):
  File "/home/nl2951/alfven/PF_location_optimization/opt_comp_combined_boundary.py", line 213, in _free_boundary_cost
    mygs.solve()
  File "/home/nl2951/OpenFUSIONToolkit/install_release/python/OpenFUSIONToolkit/TokaMaker/_core.py", line 695, in solve
    raise ValueError("Error in solve: {0}".format(error_string.value.decode()))
ValueError: Error in solve: Matrix solve failed for targets         

2026-06-16 02:51:21,781 pid=671301 weight_fb=1.00e-03 params=[140.3939  10.      54.2827  25.993    0.6032   0.       0.1731   0.    ]
Traceback (most recent call last):
  File "/home/nl2951/alfven/PF_location_optimization/opt_comp_combined_boundary.py", line 213, in _free_boundary_cost
    mygs.solve()
  File "/home/nl2951/OpenFUSIONToolkit/install_release/python/OpenFUSIONToolkit/TokaMaker/_core.py", line 695, in solve
    raise ValueError("Error in solve: {0}".format(error_string.value.decode()))
ValueError: Error in solve: Matrix solve failed for targets         

2026-06-16 02:52:05,412 pid=671301 weight_fb=1.00e-03 params=[140.3939  10.      54.2827  25.993    0.6032   0.       0.1731   0.    ]
Traceback (most recent call last):
  File "/home/nl2951/alfven/PF_location_optimization/opt_comp_combined_boundary.py", line 213, in _free_boundary_cost
    mygs.solve()
  File "/home/nl2951/OpenFUSIONToolkit/install_release/python/OpenFUSIONToolkit/TokaMaker/_core.py", line 695, in solve
    raise ValueError("Error in solve: {0}".format(error_string.value.decode()))
ValueError: Error in solve: Matrix solve failed for targets         

2026-06-16 02:53:32,614 pid=671301 weight_fb=1.00e-03 params=[140.3939  10.      54.2827  25.993    0.6032   0.       0.1731   0.    ]
Traceback (most recent call last):
  File "/home/nl2951/alfven/PF_location_optimization/opt_comp_combined_boundary.py", line 213, in _free_boundary_cost
    mygs.solve()
  File "/home/nl2951/OpenFUSIONToolkit/install_release/python/OpenFUSIONToolkit/TokaMaker/_core.py", line 695, in solve
    raise ValueError("Error in solve: {0}".format(error_string.value.decode()))
ValueError: Error in solve: Matrix solve failed for targets         

2026-06-16 02:54:16,337 pid=671301 weight_fb=1.00e-03 params=[140.3939  10.      54.2827  25.993    0.6032   0.       0.1731   0.    ]
Traceback (most recent call last):
  File "/home/nl2951/alfven/PF_location_optimization/opt_comp_combined_boundary.py", line 213, in _free_boundary_cost
    mygs.solve()
  File "/home/nl2951/OpenFUSIONToolkit/install_release/python/OpenFUSIONToolkit/TokaMaker/_core.py", line 695, in solve
    raise ValueError("Error in solve: {0}".format(error_string.value.decode()))
ValueError: Error in solve: Matrix solve failed for targets         

2026-06-16 02:54:59,545 pid=671301 weight_fb=1.00e-03 params=[140.3939  10.      54.2827  25.993    0.6032   0.       0.1731   0.    ]
Traceback (most recent call last):
  File "/home/nl2951/alfven/PF_location_optimization/opt_comp_combined_boundary.py", line 213, in _free_boundary_cost
    mygs.solve()
  File "/home/nl2951/OpenFUSIONToolkit/install_release/python/OpenFUSIONToolkit/TokaMaker/_core.py", line 695, in solve
    raise ValueError("Error in solve: {0}".format(error_string.value.decode()))
ValueError: Error in solve: Matrix solve failed for targets         

2026-06-16 02:56:27,097 pid=671301 weight_fb=1.00e-03 params=[140.3939  10.      54.2827  25.993    0.6032   0.       0.1731   0.    ]
Traceback (most recent call last):
  File "/home/nl2951/alfven/PF_location_optimization/opt_comp_combined_boundary.py", line 213, in _free_boundary_cost
    mygs.solve()
  File "/home/nl2951/OpenFUSIONToolkit/install_release/python/OpenFUSIONToolkit/TokaMaker/_core.py", line 695, in solve
    raise ValueError("Error in solve: {0}".format(error_string.value.decode()))
ValueError: Error in solve: Matrix solve failed for targets         

2026-06-16 02:57:11,020 pid=671301 weight_fb=1.00e-03 params=[1.4039e+02 1.0000e+01 5.4283e+01 2.5993e+01 6.0319e-01 0.0000e+00
 1.7312e-01 1.0000e-08]
Traceback (most recent call last):
  File "/home/nl2951/alfven/PF_location_optimization/opt_comp_combined_boundary.py", line 213, in _free_boundary_cost
    mygs.solve()
  File "/home/nl2951/OpenFUSIONToolkit/install_release/python/OpenFUSIONToolkit/TokaMaker/_core.py", line 695, in solve
    raise ValueError("Error in solve: {0}".format(error_string.value.decode()))
ValueError: Error in solve: Matrix solve failed for targets         

2026-06-16 02:57:54,374 pid=671301 weight_fb=1.00e-03 params=[140.3939  10.      54.2827  25.993    0.6032   0.       0.1731   0.    ]
Traceback (most recent call last):
  File "/home/nl2951/alfven/PF_location_optimization/opt_comp_combined_boundary.py", line 213, in _free_boundary_cost
    mygs.solve()
  File "/home/nl2951/OpenFUSIONToolkit/install_release/python/OpenFUSIONToolkit/TokaMaker/_core.py", line 695, in solve
    raise ValueError("Error in solve: {0}".format(error_string.value.decode()))
ValueError: Error in solve: Matrix solve failed for targets         

2026-06-16 02:58:37,769 pid=671301 weight_fb=1.00e-03 params=[140.3939  10.      54.2827  25.993    0.6032   0.       0.1731   0.    ]
Traceback (most recent call last):
  File "/home/nl2951/alfven/PF_location_optimization/opt_comp_combined_boundary.py", line 213, in _free_boundary_cost
    mygs.solve()
  File "/home/nl2951/OpenFUSIONToolkit/install_release/python/OpenFUSIONToolkit/TokaMaker/_core.py", line 695, in solve
    raise ValueError("Error in solve: {0}".format(error_string.value.decode()))
ValueError: Error in solve: Matrix solve failed for targets         

2026-06-16 03:00:05,416 pid=671301 weight_fb=1.00e-03 params=[140.3939  10.      54.2827  25.993    0.6032   0.       0.1731   0.    ]
Traceback (most recent call last):
  File "/home/nl2951/alfven/PF_location_optimization/opt_comp_combined_boundary.py", line 213, in _free_boundary_cost
    mygs.solve()
  File "/home/nl2951/OpenFUSIONToolkit/install_release/python/OpenFUSIONToolkit/TokaMaker/_core.py", line 695, in solve
    raise ValueError("Error in solve: {0}".format(error_string.value.decode()))
ValueError: Error in solve: Matrix solve failed for targets         

2026-06-16 03:00:48,878 pid=671301 weight_fb=1.00e-03 params=[140.3939  10.      54.2827  25.993    0.6032   0.       0.1731   0.    ]
Traceback (most recent call last):
  File "/home/nl2951/alfven/PF_location_optimization/opt_comp_combined_boundary.py", line 213, in _free_boundary_cost
    mygs.solve()
  File "/home/nl2951/OpenFUSIONToolkit/install_release/python/OpenFUSIONToolkit/TokaMaker/_core.py", line 695, in solve
    raise ValueError("Error in solve: {0}".format(error_string.value.decode()))
ValueError: Error in solve: Matrix solve failed for targets         

2026-06-16 03:01:32,387 pid=671301 weight_fb=1.00e-03 params=[140.3939  10.      54.2827  25.993    0.6032   0.       0.1731   0.    ]
Traceback (most recent call last):
  File "/home/nl2951/alfven/PF_location_optimization/opt_comp_combined_boundary.py", line 213, in _free_boundary_cost
    mygs.solve()
  File "/home/nl2951/OpenFUSIONToolkit/install_release/python/OpenFUSIONToolkit/TokaMaker/_core.py", line 695, in solve
    raise ValueError("Error in solve: {0}".format(error_string.value.decode()))
ValueError: Error in solve: Matrix solve failed for targets         

2026-06-16 03:02:59,730 pid=671301 weight_fb=1.00e-03 params=[140.3939  10.      54.2827  25.993    0.6032   0.       0.1731   0.    ]
Traceback (most recent call last):
  File "/home/nl2951/alfven/PF_location_optimization/opt_comp_combined_boundary.py", line 213, in _free_boundary_cost
    mygs.solve()
  File "/home/nl2951/OpenFUSIONToolkit/install_release/python/OpenFUSIONToolkit/TokaMaker/_core.py", line 695, in solve
    raise ValueError("Error in solve: {0}".format(error_string.value.decode()))
ValueError: Error in solve: Matrix solve failed for targets         

2026-06-16 03:03:43,009 pid=671301 weight_fb=1.00e-03 params=[1.4039e+02 1.0000e+01 5.4283e+01 2.5993e+01 6.0319e-01 0.0000e+00
 1.7312e-01 1.0000e-08]
Traceback (most recent call last):
  File "/home/nl2951/alfven/PF_location_optimization/opt_comp_combined_boundary.py", line 213, in _free_boundary_cost
    mygs.solve()
  File "/home/nl2951/OpenFUSIONToolkit/install_release/python/OpenFUSIONToolkit/TokaMaker/_core.py", line 695, in solve
    raise ValueError("Error in solve: {0}".format(error_string.value.decode()))
ValueError: Error in solve: Matrix solve failed for targets         

2026-06-16 03:04:26,590 pid=671301 weight_fb=1.00e-03 params=[140.3939  10.      54.2827  25.993    0.6032   0.       0.1731   0.    ]
Traceback (most recent call last):
  File "/home/nl2951/alfven/PF_location_optimization/opt_comp_combined_boundary.py", line 213, in _free_boundary_cost
    mygs.solve()
  File "/home/nl2951/OpenFUSIONToolkit/install_release/python/OpenFUSIONToolkit/TokaMaker/_core.py", line 695, in solve
    raise ValueError("Error in solve: {0}".format(error_string.value.decode()))
ValueError: Error in solve: Matrix solve failed for targets         

2026-06-16 03:05:10,168 pid=671301 weight_fb=1.00e-03 params=[140.3939  10.      54.2827  25.993    0.6032   0.       0.1731   0.    ]
Traceback (most recent call last):
  File "/home/nl2951/alfven/PF_location_optimization/opt_comp_combined_boundary.py", line 213, in _free_boundary_cost
    mygs.solve()
  File "/home/nl2951/OpenFUSIONToolkit/install_release/python/OpenFUSIONToolkit/TokaMaker/_core.py", line 695, in solve
    raise ValueError("Error in solve: {0}".format(error_string.value.decode()))
ValueError: Error in solve: Matrix solve failed for targets         

2026-06-16 03:05:53,550 pid=671301 weight_fb=1.00e-03 params=[140.3939  10.      54.2827  25.993    0.6032   0.       0.1731   0.    ]
Traceback (most recent call last):
  File "/home/nl2951/alfven/PF_location_optimization/opt_comp_combined_boundary.py", line 213, in _free_boundary_cost
    mygs.solve()
  File "/home/nl2951/OpenFUSIONToolkit/install_release/python/OpenFUSIONToolkit/TokaMaker/_core.py", line 695, in solve
    raise ValueError("Error in solve: {0}".format(error_string.value.decode()))
ValueError: Error in solve: Matrix solve failed for targets         

2026-06-16 03:06:36,965 pid=671301 weight_fb=1.00e-03 params=[140.3939  10.      54.2827  25.993    0.6032   0.       0.1731   0.    ]
Traceback (most recent call last):
  File "/home/nl2951/alfven/PF_location_optimization/opt_comp_combined_boundary.py", line 213, in _free_boundary_cost
    mygs.solve()
  File "/home/nl2951/OpenFUSIONToolkit/install_release/python/OpenFUSIONToolkit/TokaMaker/_core.py", line 695, in solve
    raise ValueError("Error in solve: {0}".format(error_string.value.decode()))
ValueError: Error in solve: Matrix solve failed for targets         

2026-06-16 03:07:20,573 pid=671301 weight_fb=1.00e-03 params=[140.3939  10.      54.2827  25.993    0.6032   0.       0.1731   0.    ]
Traceback (most recent call last):
  File "/home/nl2951/alfven/PF_location_optimization/opt_comp_combined_boundary.py", line 213, in _free_boundary_cost
    mygs.solve()
  File "/home/nl2951/OpenFUSIONToolkit/install_release/python/OpenFUSIONToolkit/TokaMaker/_core.py", line 695, in solve
    raise ValueError("Error in solve: {0}".format(error_string.value.decode()))
ValueError: Error in solve: Matrix solve failed for targets         

2026-06-16 03:08:04,391 pid=671301 weight_fb=1.00e-03 params=[140.3939  10.      54.2827  25.993    0.6032   0.       0.1731   0.    ]
Traceback (most recent call last):
  File "/home/nl2951/alfven/PF_location_optimization/opt_comp_combined_boundary.py", line 213, in _free_boundary_cost
    mygs.solve()
  File "/home/nl2951/OpenFUSIONToolkit/install_release/python/OpenFUSIONToolkit/TokaMaker/_core.py", line 695, in solve
    raise ValueError("Error in solve: {0}".format(error_string.value.decode()))
ValueError: Error in solve: Matrix solve failed for targets         

2026-06-16 03:08:47,668 pid=671301 weight_fb=1.00e-03 params=[1.4039e+02 1.0000e+01 5.4283e+01 2.5993e+01 6.0319e-01 1.0000e-08
 1.7312e-01 0.0000e+00]
Traceback (most recent call last):
  File "/home/nl2951/alfven/PF_location_optimization/opt_comp_combined_boundary.py", line 213, in _free_boundary_cost
    mygs.solve()
  File "/home/nl2951/OpenFUSIONToolkit/install_release/python/OpenFUSIONToolkit/TokaMaker/_core.py", line 695, in solve
    raise ValueError("Error in solve: {0}".format(error_string.value.decode()))
ValueError: Error in solve: Matrix solve failed for targets         

2026-06-16 03:09:31,148 pid=671301 weight_fb=1.00e-03 params=[140.3939  10.      54.2827  25.993    0.6032   0.       0.1731   0.    ]
Traceback (most recent call last):
  File "/home/nl2951/alfven/PF_location_optimization/opt_comp_combined_boundary.py", line 213, in _free_boundary_cost
    mygs.solve()
  File "/home/nl2951/OpenFUSIONToolkit/install_release/python/OpenFUSIONToolkit/TokaMaker/_core.py", line 695, in solve
    raise ValueError("Error in solve: {0}".format(error_string.value.decode()))
ValueError: Error in solve: Matrix solve failed for targets         

2026-06-16 03:10:14,766 pid=671301 weight_fb=1.00e-03 params=[1.4039e+02 1.0000e+01 5.4283e+01 2.5993e+01 6.0319e-01 0.0000e+00
 1.7312e-01 1.0000e-08]
Traceback (most recent call last):
  File "/home/nl2951/alfven/PF_location_optimization/opt_comp_combined_boundary.py", line 213, in _free_boundary_cost
    mygs.solve()
  File "/home/nl2951/OpenFUSIONToolkit/install_release/python/OpenFUSIONToolkit/TokaMaker/_core.py", line 695, in solve
    raise ValueError("Error in solve: {0}".format(error_string.value.decode()))
ValueError: Error in solve: Matrix solve failed for targets         

2026-06-16 03:10:58,481 pid=671301 weight_fb=1.00e-03 params=[140.3939  10.      54.2827  25.993    0.6032   0.       0.1731   0.    ]
Traceback (most recent call last):
  File "/home/nl2951/alfven/PF_location_optimization/opt_comp_combined_boundary.py", line 213, in _free_boundary_cost
    mygs.solve()
  File "/home/nl2951/OpenFUSIONToolkit/install_release/python/OpenFUSIONToolkit/TokaMaker/_core.py", line 695, in solve
    raise ValueError("Error in solve: {0}".format(error_string.value.decode()))
ValueError: Error in solve: Matrix solve failed for targets         

2026-06-16 03:11:41,792 pid=671301 weight_fb=1.00e-03 params=[140.3939  10.      54.2827  25.993    0.6032   0.       0.1731   0.    ]
Traceback (most recent call last):
  File "/home/nl2951/alfven/PF_location_optimization/opt_comp_combined_boundary.py", line 213, in _free_boundary_cost
    mygs.solve()
  File "/home/nl2951/OpenFUSIONToolkit/install_release/python/OpenFUSIONToolkit/TokaMaker/_core.py", line 695, in solve
    raise ValueError("Error in solve: {0}".format(error_string.value.decode()))
ValueError: Error in solve: Matrix solve failed for targets         

2026-06-16 03:12:25,245 pid=671301 weight_fb=1.00e-03 params=[140.3939  10.      54.2827  25.993    0.6032   0.       0.1731   0.    ]
Traceback (most recent call last):
  File "/home/nl2951/alfven/PF_location_optimization/opt_comp_combined_boundary.py", line 213, in _free_boundary_cost
    mygs.solve()
  File "/home/nl2951/OpenFUSIONToolkit/install_release/python/OpenFUSIONToolkit/TokaMaker/_core.py", line 695, in solve
    raise ValueError("Error in solve: {0}".format(error_string.value.decode()))
ValueError: Error in solve: Matrix solve failed for targets         

2026-06-16 03:13:08,897 pid=671301 weight_fb=1.00e-03 params=[140.3939  10.      54.2827  25.993    0.6032   0.       0.1731   0.    ]
Traceback (most recent call last):
  File "/home/nl2951/alfven/PF_location_optimization/opt_comp_combined_boundary.py", line 213, in _free_boundary_cost
    mygs.solve()
  File "/home/nl2951/OpenFUSIONToolkit/install_release/python/OpenFUSIONToolkit/TokaMaker/_core.py", line 695, in solve
    raise ValueError("Error in solve: {0}".format(error_string.value.decode()))
ValueError: Error in solve: Matrix solve failed for targets         

2026-06-16 03:13:52,235 pid=671301 weight_fb=1.00e-03 params=[140.3939  10.      54.2827  25.993    0.6032   0.       0.1731   0.    ]
Traceback (most recent call last):
  File "/home/nl2951/alfven/PF_location_optimization/opt_comp_combined_boundary.py", line 213, in _free_boundary_cost
    mygs.solve()
  File "/home/nl2951/OpenFUSIONToolkit/install_release/python/OpenFUSIONToolkit/TokaMaker/_core.py", line 695, in solve
    raise ValueError("Error in solve: {0}".format(error_string.value.decode()))
ValueError: Error in solve: Matrix solve failed for targets         

2026-06-16 03:14:35,583 pid=671301 weight_fb=1.00e-03 params=[140.3939  10.      54.2827  25.993    0.6032   0.       0.1731   0.    ]
Traceback (most recent call last):
  File "/home/nl2951/alfven/PF_location_optimization/opt_comp_combined_boundary.py", line 213, in _free_boundary_cost
    mygs.solve()
  File "/home/nl2951/OpenFUSIONToolkit/install_release/python/OpenFUSIONToolkit/TokaMaker/_core.py", line 695, in solve
    raise ValueError("Error in solve: {0}".format(error_string.value.decode()))
ValueError: Error in solve: Matrix solve failed for targets         

2026-06-16 03:15:19,244 pid=671301 weight_fb=1.00e-03 params=[1.4039e+02 1.0000e+01 5.4283e+01 2.5993e+01 6.0319e-01 1.0000e-08
 1.7312e-01 0.0000e+00]
Traceback (most recent call last):
  File "/home/nl2951/alfven/PF_location_optimization/opt_comp_combined_boundary.py", line 213, in _free_boundary_cost
    mygs.solve()
  File "/home/nl2951/OpenFUSIONToolkit/install_release/python/OpenFUSIONToolkit/TokaMaker/_core.py", line 695, in solve
    raise ValueError("Error in solve: {0}".format(error_string.value.decode()))
ValueError: Error in solve: Matrix solve failed for targets         

2026-06-16 03:16:03,052 pid=671301 weight_fb=1.00e-03 params=[140.3939  10.      54.2827  25.993    0.6032   0.       0.1731   0.    ]
Traceback (most recent call last):
  File "/home/nl2951/alfven/PF_location_optimization/opt_comp_combined_boundary.py", line 213, in _free_boundary_cost
    mygs.solve()
  File "/home/nl2951/OpenFUSIONToolkit/install_release/python/OpenFUSIONToolkit/TokaMaker/_core.py", line 695, in solve
    raise ValueError("Error in solve: {0}".format(error_string.value.decode()))
ValueError: Error in solve: Matrix solve failed for targets         

2026-06-16 03:16:46,398 pid=671301 weight_fb=1.00e-03 params=[1.4039e+02 1.0000e+01 5.4283e+01 2.5993e+01 6.0319e-01 0.0000e+00
 1.7312e-01 1.0000e-08]
Traceback (most recent call last):
  File "/home/nl2951/alfven/PF_location_optimization/opt_comp_combined_boundary.py", line 213, in _free_boundary_cost
    mygs.solve()
  File "/home/nl2951/OpenFUSIONToolkit/install_release/python/OpenFUSIONToolkit/TokaMaker/_core.py", line 695, in solve
    raise ValueError("Error in solve: {0}".format(error_string.value.decode()))
ValueError: Error in solve: Matrix solve failed for targets         

2026-06-16 03:18:57,309 pid=671301 weight_fb=1.00e-03 params=[140.3939  10.      54.2827  25.993    0.6032   0.       0.1731   0.    ]
Traceback (most recent call last):
  File "/home/nl2951/alfven/PF_location_optimization/opt_comp_combined_boundary.py", line 213, in _free_boundary_cost
    mygs.solve()
  File "/home/nl2951/OpenFUSIONToolkit/install_release/python/OpenFUSIONToolkit/TokaMaker/_core.py", line 695, in solve
    raise ValueError("Error in solve: {0}".format(error_string.value.decode()))
ValueError: Error in solve: Matrix solve failed for targets         

2026-06-16 03:24:48,554 pid=671301 weight_fb=1.00e-03 params=[140.3939  10.      54.2827  25.993    0.6032   0.       0.1731   0.    ]
Traceback (most recent call last):
  File "/home/nl2951/alfven/PF_location_optimization/opt_comp_combined_boundary.py", line 213, in _free_boundary_cost
    mygs.solve()
  File "/home/nl2951/OpenFUSIONToolkit/install_release/python/OpenFUSIONToolkit/TokaMaker/_core.py", line 695, in solve
    raise ValueError("Error in solve: {0}".format(error_string.value.decode()))
ValueError: Error in solve: Matrix solve failed for targets         

2026-06-16 03:26:16,028 pid=671301 weight_fb=1.00e-03 params=[140.3939  10.      54.2827  25.993    0.6032   0.       0.1731   0.    ]
Traceback (most recent call last):
  File "/home/nl2951/alfven/PF_location_optimization/opt_comp_combined_boundary.py", line 213, in _free_boundary_cost
    mygs.solve()
  File "/home/nl2951/OpenFUSIONToolkit/install_release/python/OpenFUSIONToolkit/TokaMaker/_core.py", line 695, in solve
    raise ValueError("Error in solve: {0}".format(error_string.value.decode()))
ValueError: Error in solve: Matrix solve failed for targets         

2026-06-16 03:26:59,619 pid=671301 weight_fb=1.00e-03 params=[140.3939  10.      54.2827  25.993    0.6032   0.       0.1731   0.    ]
Traceback (most recent call last):
  File "/home/nl2951/alfven/PF_location_optimization/opt_comp_combined_boundary.py", line 213, in _free_boundary_cost
    mygs.solve()
  File "/home/nl2951/OpenFUSIONToolkit/install_release/python/OpenFUSIONToolkit/TokaMaker/_core.py", line 695, in solve
    raise ValueError("Error in solve: {0}".format(error_string.value.decode()))
ValueError: Error in solve: Matrix solve failed for targets         

2026-06-16 03:27:43,088 pid=671301 weight_fb=1.00e-03 params=[140.3939  10.      54.2827  25.993    0.6032   0.       0.1731   0.    ]
Traceback (most recent call last):
  File "/home/nl2951/alfven/PF_location_optimization/opt_comp_combined_boundary.py", line 213, in _free_boundary_cost
    mygs.solve()
  File "/home/nl2951/OpenFUSIONToolkit/install_release/python/OpenFUSIONToolkit/TokaMaker/_core.py", line 695, in solve
    raise ValueError("Error in solve: {0}".format(error_string.value.decode()))
ValueError: Error in solve: Matrix solve failed for targets         

2026-06-16 03:28:26,616 pid=671301 weight_fb=1.00e-03 params=[1.4039e+02 1.0000e+01 5.4283e+01 2.5993e+01 6.0319e-01 1.0000e-08
 1.7312e-01 0.0000e+00]
Traceback (most recent call last):
  File "/home/nl2951/alfven/PF_location_optimization/opt_comp_combined_boundary.py", line 213, in _free_boundary_cost
    mygs.solve()
  File "/home/nl2951/OpenFUSIONToolkit/install_release/python/OpenFUSIONToolkit/TokaMaker/_core.py", line 695, in solve
    raise ValueError("Error in solve: {0}".format(error_string.value.decode()))
ValueError: Error in solve: Matrix solve failed for targets         

2026-06-16 03:29:54,226 pid=671301 weight_fb=1.00e-03 params=[1.4039e+02 1.0000e+01 5.4283e+01 2.5993e+01 6.0319e-01 0.0000e+00
 1.7312e-01 1.0000e-08]
Traceback (most recent call last):
  File "/home/nl2951/alfven/PF_location_optimization/opt_comp_combined_boundary.py", line 213, in _free_boundary_cost
    mygs.solve()
  File "/home/nl2951/OpenFUSIONToolkit/install_release/python/OpenFUSIONToolkit/TokaMaker/_core.py", line 695, in solve
    raise ValueError("Error in solve: {0}".format(error_string.value.decode()))
ValueError: Error in solve: Matrix solve failed for targets         

2026-06-16 03:30:37,595 pid=671301 weight_fb=1.00e-03 params=[140.3939  10.      54.2827  25.993    0.6032   0.       0.1731   0.    ]
Traceback (most recent call last):
  File "/home/nl2951/alfven/PF_location_optimization/opt_comp_combined_boundary.py", line 213, in _free_boundary_cost
    mygs.solve()
  File "/home/nl2951/OpenFUSIONToolkit/install_release/python/OpenFUSIONToolkit/TokaMaker/_core.py", line 695, in solve
    raise ValueError("Error in solve: {0}".format(error_string.value.decode()))
ValueError: Error in solve: Matrix solve failed for targets         

2026-06-16 03:31:20,948 pid=671301 weight_fb=1.00e-03 params=[140.3939  10.      54.2827  25.993    0.6032   0.       0.1731   0.    ]
Traceback (most recent call last):
  File "/home/nl2951/alfven/PF_location_optimization/opt_comp_combined_boundary.py", line 213, in _free_boundary_cost
    mygs.solve()
  File "/home/nl2951/OpenFUSIONToolkit/install_release/python/OpenFUSIONToolkit/TokaMaker/_core.py", line 695, in solve
    raise ValueError("Error in solve: {0}".format(error_string.value.decode()))
ValueError: Error in solve: Matrix solve failed for targets         

2026-06-16 03:33:31,993 pid=671301 weight_fb=1.00e-03 params=[140.3939  10.      54.2827  25.993    0.6032   0.       0.1731   0.    ]
Traceback (most recent call last):
  File "/home/nl2951/alfven/PF_location_optimization/opt_comp_combined_boundary.py", line 213, in _free_boundary_cost
    mygs.solve()
  File "/home/nl2951/OpenFUSIONToolkit/install_release/python/OpenFUSIONToolkit/TokaMaker/_core.py", line 695, in solve
    raise ValueError("Error in solve: {0}".format(error_string.value.decode()))
ValueError: Error in solve: Matrix solve failed for targets         

2026-06-16 03:34:15,678 pid=671301 weight_fb=1.00e-03 params=[140.3939  10.      54.2827  25.993    0.6032   0.       0.1731   0.    ]
Traceback (most recent call last):
  File "/home/nl2951/alfven/PF_location_optimization/opt_comp_combined_boundary.py", line 213, in _free_boundary_cost
    mygs.solve()
  File "/home/nl2951/OpenFUSIONToolkit/install_release/python/OpenFUSIONToolkit/TokaMaker/_core.py", line 695, in solve
    raise ValueError("Error in solve: {0}".format(error_string.value.decode()))
ValueError: Error in solve: Matrix solve failed for targets         

2026-06-16 03:34:59,421 pid=671301 weight_fb=1.00e-03 params=[1.4039e+02 1.0000e+01 5.4283e+01 2.5993e+01 6.0319e-01 1.0000e-08
 1.7312e-01 0.0000e+00]
Traceback (most recent call last):
  File "/home/nl2951/alfven/PF_location_optimization/opt_comp_combined_boundary.py", line 213, in _free_boundary_cost
    mygs.solve()
  File "/home/nl2951/OpenFUSIONToolkit/install_release/python/OpenFUSIONToolkit/TokaMaker/_core.py", line 695, in solve
    raise ValueError("Error in solve: {0}".format(error_string.value.decode()))
ValueError: Error in solve: Matrix solve failed for targets         

2026-06-16 03:35:42,926 pid=671301 weight_fb=1.00e-03 params=[140.3939  10.      54.2827  25.993    0.6032   0.       0.1731   0.    ]
Traceback (most recent call last):
  File "/home/nl2951/alfven/PF_location_optimization/opt_comp_combined_boundary.py", line 213, in _free_boundary_cost
    mygs.solve()
  File "/home/nl2951/OpenFUSIONToolkit/install_release/python/OpenFUSIONToolkit/TokaMaker/_core.py", line 695, in solve
    raise ValueError("Error in solve: {0}".format(error_string.value.decode()))
ValueError: Error in solve: Matrix solve failed for targets         

2026-06-16 03:36:26,541 pid=671301 weight_fb=1.00e-03 params=[1.4039e+02 1.0000e+01 5.4283e+01 2.5993e+01 6.0319e-01 0.0000e+00
 1.7312e-01 1.0000e-08]
Traceback (most recent call last):
  File "/home/nl2951/alfven/PF_location_optimization/opt_comp_combined_boundary.py", line 213, in _free_boundary_cost
    mygs.solve()
  File "/home/nl2951/OpenFUSIONToolkit/install_release/python/OpenFUSIONToolkit/TokaMaker/_core.py", line 695, in solve
    raise ValueError("Error in solve: {0}".format(error_string.value.decode()))
ValueError: Error in solve: Matrix solve failed for targets         

2026-06-16 03:38:37,991 pid=671301 weight_fb=1.00e-03 params=[140.3939  10.      54.2827  25.993    0.6032   0.       0.1731   0.    ]
Traceback (most recent call last):
  File "/home/nl2951/alfven/PF_location_optimization/opt_comp_combined_boundary.py", line 213, in _free_boundary_cost
    mygs.solve()
  File "/home/nl2951/OpenFUSIONToolkit/install_release/python/OpenFUSIONToolkit/TokaMaker/_core.py", line 695, in solve
    raise ValueError("Error in solve: {0}".format(error_string.value.decode()))
ValueError: Error in solve: Matrix solve failed for targets         

