{
  "optimization_settings": {
    "method": "brute_force_sobol",
    "num_coils": 4,
    "n_samples": 262144,
    "omega": 1e-07,
    "dist_th": 5.0,
    "reg_in": 1e-06,
    "rfil": 0.01
  },
  "best_cost": 0.002327376287767937,
  "best_flux_err": 0.002327376287767937,
  "n_evals": 262144,
  "time": 590.586375951767,
  "parameters": {
    "thetas": [
      148.668824583292,
      168.41506525874138,
      15.584418773651123,
      47.19829812645912
    ],
    "radials": [
      0.1271586250513792,
      0.05476016737520695,
      0.3178613744676113,
      0.21245009265840054
    ]
  },
  "coil_positions_top": [
    [
      0.9098285476652728,
      0.8568939749760872
    ],
    [
      0.9157263393791399,
      0.3537131624974885
    ],
    [
      2.5773147973597323,
      0.5046587308389722
    ],
    [
      2.029057256919676,
      1.2214078450657322
    ]
  ],
  "coil_currents": [
    22079.970585657553,
    25263.026469758963,
    -9155.993165563468,
    -10596.927502840457,
    12800.49206191727,
    15547.595494537509,
    -7771.256559882724,
    -8762.42356484948
  ]
}