2026-06-09 10:49:41,056 pid=587093 weight_fb=1.00e-03 params=[124.3697 157.5093 113.2171 150.0314  38.5609   0.9568   0.2331   0.3414
   0.9792   0.6836]
Traceback (most recent call last):
  File "/home/nl2951/alfven/PF_location_optimization/opt_comp_combined_boundary.py", line 213, in _free_boundary_cost
    mygs.solve()
  File "/home/nl2951/OpenFUSIONToolkit/install_release/python/OpenFUSIONToolkit/TokaMaker/_core.py", line 695, in solve
    raise ValueError("Error in solve: {0}".format(error_string.value.decode()))
ValueError: Error in solve: Exceeded "maxits"                       

2026-06-09 10:53:51,150 pid=587093 weight_fb=1.00e-03 params=[1.1437e+02 8.7509e+01 1.2322e+02 1.4003e+02 8.8561e+01 3.9430e-01
 4.5573e-02 5.2895e-01 4.1671e-01 4.9606e-01]
Traceback (most recent call last):
  File "/home/nl2951/alfven/PF_location_optimization/opt_comp_combined_boundary.py", line 213, in _free_boundary_cost
    mygs.solve()
  File "/home/nl2951/OpenFUSIONToolkit/install_release/python/OpenFUSIONToolkit/TokaMaker/_core.py", line 695, in solve
    raise ValueError("Error in solve: {0}".format(error_string.value.decode()))
ValueError: Error in solve: Exceeded "maxits"                       

2026-06-09 10:54:24,330 pid=587093 weight_fb=1.00e-03 params=[3.4370e+01 1.6751e+02 4.3217e+01 6.0031e+01 1.6856e+02 8.9430e-01
 5.4557e-01 2.8948e-02 9.1671e-01 9.9606e-01]
Traceback (most recent call last):
  File "/home/nl2951/alfven/PF_location_optimization/opt_comp_combined_boundary.py", line 185, in _free_boundary_cost
    make_mesh(scan_geom, mesh_file, lim)
  File "/home/nl2951/alfven/PF_location_optimization/opt_comp_combined_boundary.py", line 165, in make_mesh
    mesh_pts, mesh_lc, mesh_reg = gs_mesh.build_mesh()
                                  ^^^^^^^^^^^^^^^^^^^^
  File "/home/nl2951/OpenFUSIONToolkit/install_release/python/OpenFUSIONToolkit/TokaMaker/meshing.py", line 628, in build_mesh
    raise ValueError('Meshing error: unclaimed region detected!')
ValueError: Meshing error: unclaimed region detected!

2026-06-09 10:55:48,152 pid=587093 weight_fb=1.00e-03 params=[1.5437e+02 1.2751e+02 8.3217e+01 1.0003e+02 1.2856e+02 1.4430e-01
 2.9557e-01 7.7895e-01 1.6671e-01 7.4606e-01]
Traceback (most recent call last):
  File "/home/nl2951/alfven/PF_location_optimization/opt_comp_combined_boundary.py", line 185, in _free_boundary_cost
    make_mesh(scan_geom, mesh_file, lim)
  File "/home/nl2951/alfven/PF_location_optimization/opt_comp_combined_boundary.py", line 165, in make_mesh
    mesh_pts, mesh_lc, mesh_reg = gs_mesh.build_mesh()
                                  ^^^^^^^^^^^^^^^^^^^^
  File "/home/nl2951/OpenFUSIONToolkit/install_release/python/OpenFUSIONToolkit/TokaMaker/meshing.py", line 628, in build_mesh
    raise ValueError('Meshing error: unclaimed region detected!')
ValueError: Meshing error: unclaimed region detected!

2026-06-09 10:56:21,905 pid=587093 weight_fb=1.00e-03 params=[1.3437e+02 6.7509e+01 6.3217e+01 1.2003e+02 6.8561e+01 1.9304e-02
 1.7057e-01 9.0395e-01 2.9171e-01 3.7106e-01]
Traceback (most recent call last):
  File "/home/nl2951/alfven/PF_location_optimization/opt_comp_combined_boundary.py", line 185, in _free_boundary_cost
    make_mesh(scan_geom, mesh_file, lim)
  File "/home/nl2951/alfven/PF_location_optimization/opt_comp_combined_boundary.py", line 165, in make_mesh
    mesh_pts, mesh_lc, mesh_reg = gs_mesh.build_mesh()
                                  ^^^^^^^^^^^^^^^^^^^^
  File "/home/nl2951/OpenFUSIONToolkit/install_release/python/OpenFUSIONToolkit/TokaMaker/meshing.py", line 628, in build_mesh
    raise ValueError('Meshing error: unclaimed region detected!')
ValueError: Meshing error: unclaimed region detected!

2026-06-09 10:56:55,595 pid=587093 weight_fb=1.00e-03 params=[ 54.3697 147.5093 143.2171  40.0314 148.5609   0.5193   0.6706   0.4039
   0.7917   0.8711]
Traceback (most recent call last):
  File "/home/nl2951/alfven/PF_location_optimization/opt_comp_combined_boundary.py", line 185, in _free_boundary_cost
    make_mesh(scan_geom, mesh_file, lim)
  File "/home/nl2951/alfven/PF_location_optimization/opt_comp_combined_boundary.py", line 165, in make_mesh
    mesh_pts, mesh_lc, mesh_reg = gs_mesh.build_mesh()
                                  ^^^^^^^^^^^^^^^^^^^^
  File "/home/nl2951/OpenFUSIONToolkit/install_release/python/OpenFUSIONToolkit/TokaMaker/meshing.py", line 628, in build_mesh
    raise ValueError('Meshing error: unclaimed region detected!')
ValueError: Meshing error: unclaimed region detected!

2026-06-09 10:59:58,002 pid=587093 weight_fb=1.00e-03 params=[1.9370e+01 3.2509e+01 1.2822e+02 1.5031e+01 1.2356e+02 5.0554e-02
 1.4323e-02 9.3520e-01 5.1046e-01 3.3981e-01]
Traceback (most recent call last):
  File "/home/nl2951/alfven/PF_location_optimization/opt_comp_combined_boundary.py", line 185, in _free_boundary_cost
    make_mesh(scan_geom, mesh_file, lim)
  File "/home/nl2951/alfven/PF_location_optimization/opt_comp_combined_boundary.py", line 165, in make_mesh
    mesh_pts, mesh_lc, mesh_reg = gs_mesh.build_mesh()
                                  ^^^^^^^^^^^^^^^^^^^^
  File "/home/nl2951/OpenFUSIONToolkit/install_release/python/OpenFUSIONToolkit/TokaMaker/meshing.py", line 628, in build_mesh
    raise ValueError('Meshing error: unclaimed region detected!')
ValueError: Meshing error: unclaimed region detected!

2026-06-09 11:00:31,170 pid=587093 weight_fb=1.00e-03 params=[59.3697 72.5093 88.2171 55.0314 83.5609  0.3006  0.2643  0.1852  0.7605
  0.0898]
Traceback (most recent call last):
  File "/home/nl2951/alfven/PF_location_optimization/opt_comp_combined_boundary.py", line 185, in _free_boundary_cost
    make_mesh(scan_geom, mesh_file, lim)
  File "/home/nl2951/alfven/PF_location_optimization/opt_comp_combined_boundary.py", line 165, in make_mesh
    mesh_pts, mesh_lc, mesh_reg = gs_mesh.build_mesh()
                                  ^^^^^^^^^^^^^^^^^^^^
  File "/home/nl2951/OpenFUSIONToolkit/install_release/python/OpenFUSIONToolkit/TokaMaker/meshing.py", line 628, in build_mesh
    raise ValueError('Meshing error: unclaimed region detected!')
ValueError: Meshing error: unclaimed region detected!

2026-06-09 11:01:03,984 pid=587093 weight_fb=1.00e-03 params=[139.3697 152.5093 168.2171 135.0314 163.5609   0.8006   0.7643   0.6852
   0.2605   0.5898]
Traceback (most recent call last):
  File "/home/nl2951/alfven/PF_location_optimization/opt_comp_combined_boundary.py", line 185, in _free_boundary_cost
    make_mesh(scan_geom, mesh_file, lim)
  File "/home/nl2951/alfven/PF_location_optimization/opt_comp_combined_boundary.py", line 165, in make_mesh
    mesh_pts, mesh_lc, mesh_reg = gs_mesh.build_mesh()
                                  ^^^^^^^^^^^^^^^^^^^^
  File "/home/nl2951/OpenFUSIONToolkit/install_release/python/OpenFUSIONToolkit/TokaMaker/meshing.py", line 628, in build_mesh
    raise ValueError('Meshing error: unclaimed region detected!')
ValueError: Meshing error: unclaimed region detected!

2026-06-09 11:04:06,168 pid=587093 weight_fb=1.00e-03 params=[119.3697  12.5093 108.2171 115.0314 143.5609   0.6756   0.8893   0.3102
   0.3855   0.2148]
Traceback (most recent call last):
  File "/home/nl2951/alfven/PF_location_optimization/opt_comp_combined_boundary.py", line 185, in _free_boundary_cost
    make_mesh(scan_geom, mesh_file, lim)
  File "/home/nl2951/alfven/PF_location_optimization/opt_comp_combined_boundary.py", line 165, in make_mesh
    mesh_pts, mesh_lc, mesh_reg = gs_mesh.build_mesh()
                                  ^^^^^^^^^^^^^^^^^^^^
  File "/home/nl2951/OpenFUSIONToolkit/install_release/python/OpenFUSIONToolkit/TokaMaker/meshing.py", line 628, in build_mesh
    raise ValueError('Meshing error: unclaimed region detected!')
ValueError: Meshing error: unclaimed region detected!

2026-06-09 11:18:47,549 pid=587093 weight_fb=1.00e-03 params=[4.1870e+01 1.3001e+02 1.2072e+02 1.3253e+02 1.0106e+02 2.8493e-01
 8.1120e-01 4.5082e-01 3.6984e-01 4.2938e-02]
Traceback (most recent call last):
  File "/home/nl2951/alfven/PF_location_optimization/opt_comp_combined_boundary.py", line 213, in _free_boundary_cost
    mygs.solve()
  File "/home/nl2951/OpenFUSIONToolkit/install_release/python/OpenFUSIONToolkit/TokaMaker/_core.py", line 695, in solve
    raise ValueError("Error in solve: {0}".format(error_string.value.decode()))
ValueError: Error in solve: Exceeded "maxits"                       

2026-06-09 11:20:09,243 pid=587093 weight_fb=1.00e-03 params=[1.6187e+02 1.0009e+01 1.6072e+02 1.2531e+01 6.1061e+01 5.3493e-01
 6.1198e-02 2.0082e-01 6.1984e-01 7.9294e-01]
Traceback (most recent call last):
  File "/home/nl2951/alfven/PF_location_optimization/opt_comp_combined_boundary.py", line 185, in _free_boundary_cost
    make_mesh(scan_geom, mesh_file, lim)
  File "/home/nl2951/alfven/PF_location_optimization/opt_comp_combined_boundary.py", line 165, in make_mesh
    mesh_pts, mesh_lc, mesh_reg = gs_mesh.build_mesh()
                                  ^^^^^^^^^^^^^^^^^^^^
  File "/home/nl2951/OpenFUSIONToolkit/install_release/python/OpenFUSIONToolkit/TokaMaker/meshing.py", line 628, in build_mesh
    raise ValueError('Meshing error: unclaimed region detected!')
ValueError: Meshing error: unclaimed region detected!

2026-06-09 11:20:42,053 pid=587093 weight_fb=1.00e-03 params=[141.8697 110.0093 140.7171  32.5314 121.0609   0.6599   0.4362   0.5758
   0.7448   0.4179]
Traceback (most recent call last):
  File "/home/nl2951/alfven/PF_location_optimization/opt_comp_combined_boundary.py", line 185, in _free_boundary_cost
    make_mesh(scan_geom, mesh_file, lim)
  File "/home/nl2951/alfven/PF_location_optimization/opt_comp_combined_boundary.py", line 165, in make_mesh
    mesh_pts, mesh_lc, mesh_reg = gs_mesh.build_mesh()
                                  ^^^^^^^^^^^^^^^^^^^^
  File "/home/nl2951/OpenFUSIONToolkit/install_release/python/OpenFUSIONToolkit/TokaMaker/meshing.py", line 628, in build_mesh
    raise ValueError('Meshing error: unclaimed region detected!')
ValueError: Meshing error: unclaimed region detected!

2026-06-09 11:21:14,861 pid=587093 weight_fb=1.00e-03 params=[6.1870e+01 3.0009e+01 6.0717e+01 1.1253e+02 4.1061e+01 1.5993e-01
 9.3620e-01 7.5823e-02 2.4484e-01 9.1794e-01]
Traceback (most recent call last):
  File "/home/nl2951/alfven/PF_location_optimization/opt_comp_combined_boundary.py", line 185, in _free_boundary_cost
    make_mesh(scan_geom, mesh_file, lim)
  File "/home/nl2951/alfven/PF_location_optimization/opt_comp_combined_boundary.py", line 165, in make_mesh
    mesh_pts, mesh_lc, mesh_reg = gs_mesh.build_mesh()
                                  ^^^^^^^^^^^^^^^^^^^^
  File "/home/nl2951/OpenFUSIONToolkit/install_release/python/OpenFUSIONToolkit/TokaMaker/meshing.py", line 628, in build_mesh
    raise ValueError('Meshing error: unclaimed region detected!')
ValueError: Meshing error: unclaimed region detected!

2026-06-09 11:21:47,605 pid=587093 weight_fb=1.00e-03 params=[ 21.8697  70.0093  20.7171  72.5314 161.0609   0.4099   0.6862   0.3258
   0.9948   0.6679]
Traceback (most recent call last):
  File "/home/nl2951/alfven/PF_location_optimization/opt_comp_combined_boundary.py", line 185, in _free_boundary_cost
    make_mesh(scan_geom, mesh_file, lim)
  File "/home/nl2951/alfven/PF_location_optimization/opt_comp_combined_boundary.py", line 165, in make_mesh
    mesh_pts, mesh_lc, mesh_reg = gs_mesh.build_mesh()
                                  ^^^^^^^^^^^^^^^^^^^^
  File "/home/nl2951/OpenFUSIONToolkit/install_release/python/OpenFUSIONToolkit/TokaMaker/meshing.py", line 628, in build_mesh
    raise ValueError('Meshing error: unclaimed region detected!')
ValueError: Meshing error: unclaimed region detected!

2026-06-09 11:22:21,253 pid=587093 weight_fb=1.00e-03 params=[101.8697 150.0093 100.7171 152.5314  81.0609   0.9099   0.1862   0.8258
   0.4948   0.1679]
Traceback (most recent call last):
  File "/home/nl2951/alfven/PF_location_optimization/opt_comp_combined_boundary.py", line 185, in _free_boundary_cost
    make_mesh(scan_geom, mesh_file, lim)
  File "/home/nl2951/alfven/PF_location_optimization/opt_comp_combined_boundary.py", line 165, in make_mesh
    mesh_pts, mesh_lc, mesh_reg = gs_mesh.build_mesh()
                                  ^^^^^^^^^^^^^^^^^^^^
  File "/home/nl2951/OpenFUSIONToolkit/install_release/python/OpenFUSIONToolkit/TokaMaker/meshing.py", line 628, in build_mesh
    raise ValueError('Meshing error: unclaimed region detected!')
ValueError: Meshing error: unclaimed region detected!

2026-06-09 11:36:18,675 pid=587093 weight_fb=1.00e-03 params=[8.8120e+01 1.0126e+02 1.4447e+02 1.5878e+02 3.2311e+01 7.3992e-02
 3.8151e-01 2.8676e-01 4.7140e-01 8.0075e-01]
Traceback (most recent call last):
  File "/home/nl2951/alfven/PF_location_optimization/opt_comp_combined_boundary.py", line 213, in _free_boundary_cost
    mygs.solve()
  File "/home/nl2951/OpenFUSIONToolkit/install_release/python/OpenFUSIONToolkit/TokaMaker/_core.py", line 695, in solve
    raise ValueError("Error in solve: {0}".format(error_string.value.decode()))
ValueError: Error in solve: Exceeded "maxits"                       

2026-06-09 11:38:47,426 pid=587093 weight_fb=1.00e-03 params=[1.2812e+02 1.4126e+02 1.0447e+02 3.8781e+01 7.2311e+01 3.2399e-01
 1.3151e-01 3.6761e-02 2.2140e-01 5.5075e-01]
Traceback (most recent call last):
  File "/home/nl2951/alfven/PF_location_optimization/opt_comp_combined_boundary.py", line 213, in _free_boundary_cost
    mygs.solve()
  File "/home/nl2951/OpenFUSIONToolkit/install_release/python/OpenFUSIONToolkit/TokaMaker/_core.py", line 695, in solve
    raise ValueError("Error in solve: {0}".format(error_string.value.decode()))
ValueError: Error in solve: Exceeded "maxits"                       

2026-06-09 11:45:50,333 pid=587093 weight_fb=1.00e-03 params=[1.3812e+02 9.1259e+01 1.5447e+02 8.8781e+01 4.2311e+01 2.6149e-01
 3.1901e-01 4.7426e-01 4.0890e-01 1.1325e-01]
Traceback (most recent call last):
  File "/home/nl2951/alfven/PF_location_optimization/opt_comp_combined_boundary.py", line 185, in _free_boundary_cost
    make_mesh(scan_geom, mesh_file, lim)
  File "/home/nl2951/alfven/PF_location_optimization/opt_comp_combined_boundary.py", line 165, in make_mesh
    mesh_pts, mesh_lc, mesh_reg = gs_mesh.build_mesh()
                                  ^^^^^^^^^^^^^^^^^^^^
  File "/home/nl2951/OpenFUSIONToolkit/install_release/python/OpenFUSIONToolkit/TokaMaker/meshing.py", line 628, in build_mesh
    raise ValueError('Meshing error: unclaimed region detected!')
ValueError: Meshing error: unclaimed region detected!

2026-06-09 11:48:04,580 pid=587093 weight_fb=1.00e-03 params=[9.8120e+01 1.3126e+02 3.4467e+01 1.2878e+02 1.6231e+02 1.1492e-02
 6.9010e-02 7.2426e-01 1.5890e-01 3.6325e-01]
Traceback (most recent call last):
  File "/home/nl2951/alfven/PF_location_optimization/opt_comp_combined_boundary.py", line 185, in _free_boundary_cost
    make_mesh(scan_geom, mesh_file, lim)
  File "/home/nl2951/alfven/PF_location_optimization/opt_comp_combined_boundary.py", line 165, in make_mesh
    mesh_pts, mesh_lc, mesh_reg = gs_mesh.build_mesh()
                                  ^^^^^^^^^^^^^^^^^^^^
  File "/home/nl2951/OpenFUSIONToolkit/install_release/python/OpenFUSIONToolkit/TokaMaker/meshing.py", line 628, in build_mesh
    raise ValueError('Meshing error: unclaimed region detected!')
ValueError: Meshing error: unclaimed region detected!

2026-06-09 11:54:24,303 pid=587093 weight_fb=1.00e-03 params=[1.2312e+02 1.5626e+02 1.1947e+02 7.3781e+01 1.3731e+02 8.5524e-01
 5.3776e-01 6.3051e-01 3.1515e-01 1.9500e-02]
Traceback (most recent call last):
  File "/home/nl2951/alfven/PF_location_optimization/opt_comp_combined_boundary.py", line 185, in _free_boundary_cost
    make_mesh(scan_geom, mesh_file, lim)
  File "/home/nl2951/alfven/PF_location_optimization/opt_comp_combined_boundary.py", line 165, in make_mesh
    mesh_pts, mesh_lc, mesh_reg = gs_mesh.build_mesh()
                                  ^^^^^^^^^^^^^^^^^^^^
  File "/home/nl2951/OpenFUSIONToolkit/install_release/python/OpenFUSIONToolkit/TokaMaker/meshing.py", line 628, in build_mesh
    raise ValueError('Meshing error: unclaimed region detected!')
ValueError: Meshing error: unclaimed region detected!

2026-06-09 12:00:42,751 pid=587093 weight_fb=1.00e-03 params=[93.1197 26.2593 89.4671 23.7814 47.3109  0.7927  0.6003  0.568   0.3776
  0.957 ]
Traceback (most recent call last):
  File "/home/nl2951/alfven/PF_location_optimization/opt_comp_combined_boundary.py", line 185, in _free_boundary_cost
    make_mesh(scan_geom, mesh_file, lim)
  File "/home/nl2951/alfven/PF_location_optimization/opt_comp_combined_boundary.py", line 165, in make_mesh
    mesh_pts, mesh_lc, mesh_reg = gs_mesh.build_mesh()
                                  ^^^^^^^^^^^^^^^^^^^^
  File "/home/nl2951/OpenFUSIONToolkit/install_release/python/OpenFUSIONToolkit/TokaMaker/meshing.py", line 628, in build_mesh
    raise ValueError('Meshing error: unclaimed region detected!')
ValueError: Meshing error: unclaimed region detected!

2026-06-09 12:02:56,231 pid=587093 weight_fb=1.00e-03 params=[5.0620e+01 9.8759e+01 1.0197e+02 4.6281e+01 3.9811e+01 4.3337e-01
 8.6589e-01 9.5864e-01 1.4327e-01 3.8752e-03]
Traceback (most recent call last):
  File "/home/nl2951/alfven/PF_location_optimization/opt_comp_combined_boundary.py", line 185, in _free_boundary_cost
    make_mesh(scan_geom, mesh_file, lim)
  File "/home/nl2951/alfven/PF_location_optimization/opt_comp_combined_boundary.py", line 165, in make_mesh
    mesh_pts, mesh_lc, mesh_reg = gs_mesh.build_mesh()
                                  ^^^^^^^^^^^^^^^^^^^^
  File "/home/nl2951/OpenFUSIONToolkit/install_release/python/OpenFUSIONToolkit/TokaMaker/meshing.py", line 628, in build_mesh
    raise ValueError('Meshing error: unclaimed region detected!')
ValueError: Meshing error: unclaimed region detected!

2026-06-09 12:03:29,795 pid=587093 weight_fb=1.00e-03 params=[130.6197  18.7593  21.9671 126.2814 119.8109   0.9334   0.3659   0.4586
   0.6433   0.5039]
Traceback (most recent call last):
  File "/home/nl2951/alfven/PF_location_optimization/opt_comp_combined_boundary.py", line 185, in _free_boundary_cost
    make_mesh(scan_geom, mesh_file, lim)
  File "/home/nl2951/alfven/PF_location_optimization/opt_comp_combined_boundary.py", line 165, in make_mesh
    mesh_pts, mesh_lc, mesh_reg = gs_mesh.build_mesh()
                                  ^^^^^^^^^^^^^^^^^^^^
  File "/home/nl2951/OpenFUSIONToolkit/install_release/python/OpenFUSIONToolkit/TokaMaker/meshing.py", line 628, in build_mesh
    raise ValueError('Meshing error: unclaimed region detected!')
ValueError: Meshing error: unclaimed region detected!

2026-06-09 12:14:00,645 pid=587093 weight_fb=1.00e-03 params=[ 95.6197  93.7593 106.9671  61.2814 124.8109   0.3396   0.6471   0.3649
   0.612    0.6601]
Traceback (most recent call last):
  File "/home/nl2951/alfven/PF_location_optimization/opt_comp_combined_boundary.py", line 185, in _free_boundary_cost
    make_mesh(scan_geom, mesh_file, lim)
  File "/home/nl2951/alfven/PF_location_optimization/opt_comp_combined_boundary.py", line 165, in make_mesh
    mesh_pts, mesh_lc, mesh_reg = gs_mesh.build_mesh()
                                  ^^^^^^^^^^^^^^^^^^^^
  File "/home/nl2951/OpenFUSIONToolkit/install_release/python/OpenFUSIONToolkit/TokaMaker/meshing.py", line 628, in build_mesh
    raise ValueError('Meshing error: unclaimed region detected!')
ValueError: Meshing error: unclaimed region detected!

2026-06-09 12:15:27,031 pid=587093 weight_fb=1.00e-03 params=[5.5620e+01 5.3759e+01 6.6967e+01 1.0128e+02 1.6481e+02 5.8962e-01
 3.9714e-01 1.1489e-01 3.6202e-01 4.1013e-01]
Traceback (most recent call last):
  File "/home/nl2951/alfven/PF_location_optimization/opt_comp_combined_boundary.py", line 185, in _free_boundary_cost
    make_mesh(scan_geom, mesh_file, lim)
  File "/home/nl2951/alfven/PF_location_optimization/opt_comp_combined_boundary.py", line 165, in make_mesh
    mesh_pts, mesh_lc, mesh_reg = gs_mesh.build_mesh()
                                  ^^^^^^^^^^^^^^^^^^^^
  File "/home/nl2951/OpenFUSIONToolkit/install_release/python/OpenFUSIONToolkit/TokaMaker/meshing.py", line 628, in build_mesh
    raise ValueError('Meshing error: unclaimed region detected!')
ValueError: Meshing error: unclaimed region detected!

2026-06-09 12:22:59,242 pid=587093 weight_fb=1.00e-03 params=[1.4562e+02 1.6376e+02 9.6967e+01 7.1281e+01 1.4811e+01 2.7117e-02
 9.5964e-01 5.5239e-01 7.9952e-01 8.4763e-01]
Traceback (most recent call last):
  File "/home/nl2951/alfven/PF_location_optimization/opt_comp_combined_boundary.py", line 213, in _free_boundary_cost
    mygs.solve()
  File "/home/nl2951/OpenFUSIONToolkit/install_release/python/OpenFUSIONToolkit/TokaMaker/_core.py", line 695, in solve
    raise ValueError("Error in solve: {0}".format(error_string.value.decode()))
ValueError: Error in solve: Exceeded "maxits"                       

2026-06-09 12:23:32,615 pid=587093 weight_fb=1.00e-03 params=[125.6197 103.7593  36.9671 131.2814 114.8109   0.1521   0.5846   0.1774
   0.6745   0.2226]
Traceback (most recent call last):
  File "/home/nl2951/alfven/PF_location_optimization/opt_comp_combined_boundary.py", line 185, in _free_boundary_cost
    make_mesh(scan_geom, mesh_file, lim)
  File "/home/nl2951/alfven/PF_location_optimization/opt_comp_combined_boundary.py", line 165, in make_mesh
    mesh_pts, mesh_lc, mesh_reg = gs_mesh.build_mesh()
                                  ^^^^^^^^^^^^^^^^^^^^
  File "/home/nl2951/OpenFUSIONToolkit/install_release/python/OpenFUSIONToolkit/TokaMaker/meshing.py", line 628, in build_mesh
    raise ValueError('Meshing error: unclaimed region detected!')
ValueError: Meshing error: unclaimed region detected!

2026-06-09 12:36:10,111 pid=587093 weight_fb=1.00e-03 params=[14.3016 10.     98.6515 10.     71.864   0.69    0.3559  0.9859  0.561
  0.5625]
Traceback (most recent call last):
  File "/home/nl2951/alfven/PF_location_optimization/opt_comp_combined_boundary.py", line 213, in _free_boundary_cost
    mygs.solve()
  File "/home/nl2951/OpenFUSIONToolkit/install_release/python/OpenFUSIONToolkit/TokaMaker/_core.py", line 695, in solve
    raise ValueError("Error in solve: {0}".format(error_string.value.decode()))
ValueError: Error in solve: Exceeded "maxits"                       

2026-06-09 12:36:46,411 pid=587093 weight_fb=1.00e-03 params=[51.5917 10.     70.2973 10.     83.2806  0.3639  0.4724  0.9984  0.4827
  0.7294]
Traceback (most recent call last):
  File "/home/nl2951/alfven/PF_location_optimization/opt_comp_combined_boundary.py", line 185, in _free_boundary_cost
    make_mesh(scan_geom, mesh_file, lim)
  File "/home/nl2951/alfven/PF_location_optimization/opt_comp_combined_boundary.py", line 165, in make_mesh
    mesh_pts, mesh_lc, mesh_reg = gs_mesh.build_mesh()
                                  ^^^^^^^^^^^^^^^^^^^^
  File "/home/nl2951/OpenFUSIONToolkit/install_release/python/OpenFUSIONToolkit/TokaMaker/meshing.py", line 628, in build_mesh
    raise ValueError('Meshing error: unclaimed region detected!')
ValueError: Meshing error: unclaimed region detected!

2026-06-09 12:37:21,929 pid=587093 weight_fb=1.00e-03 params=[54.2938 10.     71.0359 10.     83.7689  0.3546  0.4702  0.4588  0.4838
  0.1932]
Traceback (most recent call last):
  File "/home/nl2951/alfven/PF_location_optimization/opt_comp_combined_boundary.py", line 185, in _free_boundary_cost
    make_mesh(scan_geom, mesh_file, lim)
  File "/home/nl2951/alfven/PF_location_optimization/opt_comp_combined_boundary.py", line 165, in make_mesh
    mesh_pts, mesh_lc, mesh_reg = gs_mesh.build_mesh()
                                  ^^^^^^^^^^^^^^^^^^^^
  File "/home/nl2951/OpenFUSIONToolkit/install_release/python/OpenFUSIONToolkit/TokaMaker/meshing.py", line 628, in build_mesh
    raise ValueError('Meshing error: unclaimed region detected!')
ValueError: Meshing error: unclaimed region detected!

2026-06-09 12:46:04,380 pid=587093 weight_fb=1.00e-03 params=[101.5581  10.      86.9143  10.      93.9105   0.3089   0.4615   0.1539
   0.3634   0.1504]
Traceback (most recent call last):
  File "/home/nl2951/alfven/PF_location_optimization/opt_comp_combined_boundary.py", line 185, in _free_boundary_cost
    make_mesh(scan_geom, mesh_file, lim)
  File "/home/nl2951/alfven/PF_location_optimization/opt_comp_combined_boundary.py", line 165, in make_mesh
    mesh_pts, mesh_lc, mesh_reg = gs_mesh.build_mesh()
                                  ^^^^^^^^^^^^^^^^^^^^
  File "/home/nl2951/OpenFUSIONToolkit/install_release/python/OpenFUSIONToolkit/TokaMaker/meshing.py", line 628, in build_mesh
    raise ValueError('Meshing error: unclaimed region detected!')
ValueError: Meshing error: unclaimed region detected!

2026-06-09 12:46:40,084 pid=587093 weight_fb=1.00e-03 params=[101.513   10.      88.6607  10.      93.736    0.3199   0.4538   0.8838
   0.3649   0.1685]
Traceback (most recent call last):
  File "/home/nl2951/alfven/PF_location_optimization/opt_comp_combined_boundary.py", line 185, in _free_boundary_cost
    make_mesh(scan_geom, mesh_file, lim)
  File "/home/nl2951/alfven/PF_location_optimization/opt_comp_combined_boundary.py", line 165, in make_mesh
    mesh_pts, mesh_lc, mesh_reg = gs_mesh.build_mesh()
                                  ^^^^^^^^^^^^^^^^^^^^
  File "/home/nl2951/OpenFUSIONToolkit/install_release/python/OpenFUSIONToolkit/TokaMaker/meshing.py", line 628, in build_mesh
    raise ValueError('Meshing error: unclaimed region detected!')
ValueError: Meshing error: unclaimed region detected!

2026-06-09 12:48:12,206 pid=587093 weight_fb=1.00e-03 params=[1.0000e+01 1.5576e+02 1.0000e+01 9.3359e+01 1.0000e+01 1.9160e-01
 4.3120e-01 8.7226e-01 6.9576e-01 1.3363e-01]
Traceback (most recent call last):
  File "/home/nl2951/alfven/PF_location_optimization/opt_comp_combined_boundary.py", line 185, in _free_boundary_cost
    make_mesh(scan_geom, mesh_file, lim)
  File "/home/nl2951/alfven/PF_location_optimization/opt_comp_combined_boundary.py", line 165, in make_mesh
    mesh_pts, mesh_lc, mesh_reg = gs_mesh.build_mesh()
                                  ^^^^^^^^^^^^^^^^^^^^
  File "/home/nl2951/OpenFUSIONToolkit/install_release/python/OpenFUSIONToolkit/TokaMaker/meshing.py", line 628, in build_mesh
    raise ValueError('Meshing error: unclaimed region detected!')
ValueError: Meshing error: unclaimed region detected!

2026-06-09 12:50:40,576 pid=587093 weight_fb=1.00e-03 params=[1.0000e+01 1.5188e+02 1.0000e+01 9.4172e+01 1.0000e+01 2.1793e-01
 4.2663e-01 7.2756e-01 6.6726e-01 1.4651e-01]
Traceback (most recent call last):
  File "/home/nl2951/alfven/PF_location_optimization/opt_comp_combined_boundary.py", line 185, in _free_boundary_cost
    make_mesh(scan_geom, mesh_file, lim)
  File "/home/nl2951/alfven/PF_location_optimization/opt_comp_combined_boundary.py", line 165, in make_mesh
    mesh_pts, mesh_lc, mesh_reg = gs_mesh.build_mesh()
                                  ^^^^^^^^^^^^^^^^^^^^
  File "/home/nl2951/OpenFUSIONToolkit/install_release/python/OpenFUSIONToolkit/TokaMaker/meshing.py", line 628, in build_mesh
    raise ValueError('Meshing error: unclaimed region detected!')
ValueError: Meshing error: unclaimed region detected!

2026-06-09 13:00:27,056 pid=587093 weight_fb=1.00e-03 params=[ 95.9293  12.4257 114.5205  10.      93.2131   0.315    0.4018   0.1437
   0.3662   0.4287]
Traceback (most recent call last):
  File "/home/nl2951/alfven/PF_location_optimization/opt_comp_combined_boundary.py", line 185, in _free_boundary_cost
    make_mesh(scan_geom, mesh_file, lim)
  File "/home/nl2951/alfven/PF_location_optimization/opt_comp_combined_boundary.py", line 165, in make_mesh
    mesh_pts, mesh_lc, mesh_reg = gs_mesh.build_mesh()
                                  ^^^^^^^^^^^^^^^^^^^^
  File "/home/nl2951/OpenFUSIONToolkit/install_release/python/OpenFUSIONToolkit/TokaMaker/meshing.py", line 628, in build_mesh
    raise ValueError('Meshing error: unclaimed region detected!')
ValueError: Meshing error: unclaimed region detected!

2026-06-09 13:01:03,746 pid=587093 weight_fb=1.00e-03 params=[ 85.9875  22.6422 129.0724  10.      89.7907   0.3703   0.254    0.3623
   0.3495   0.4792]
Traceback (most recent call last):
  File "/home/nl2951/alfven/PF_location_optimization/opt_comp_combined_boundary.py", line 185, in _free_boundary_cost
    make_mesh(scan_geom, mesh_file, lim)
  File "/home/nl2951/alfven/PF_location_optimization/opt_comp_combined_boundary.py", line 165, in make_mesh
    mesh_pts, mesh_lc, mesh_reg = gs_mesh.build_mesh()
                                  ^^^^^^^^^^^^^^^^^^^^
  File "/home/nl2951/OpenFUSIONToolkit/install_release/python/OpenFUSIONToolkit/TokaMaker/meshing.py", line 628, in build_mesh
    raise ValueError('Meshing error: unclaimed region detected!')
ValueError: Meshing error: unclaimed region detected!

2026-06-09 13:01:40,595 pid=587093 weight_fb=1.00e-03 params=[ 34.808   48.6153  47.4154  66.2685 151.3344   0.7186   0.772    0.555
   0.9626   0.446 ]
Traceback (most recent call last):
  File "/home/nl2951/alfven/PF_location_optimization/opt_comp_combined_boundary.py", line 185, in _free_boundary_cost
    make_mesh(scan_geom, mesh_file, lim)
  File "/home/nl2951/alfven/PF_location_optimization/opt_comp_combined_boundary.py", line 165, in make_mesh
    mesh_pts, mesh_lc, mesh_reg = gs_mesh.build_mesh()
                                  ^^^^^^^^^^^^^^^^^^^^
  File "/home/nl2951/OpenFUSIONToolkit/install_release/python/OpenFUSIONToolkit/TokaMaker/meshing.py", line 628, in build_mesh
    raise ValueError('Meshing error: unclaimed region detected!')
ValueError: Meshing error: unclaimed region detected!

2026-06-09 13:34:40,308 pid=587093 weight_fb=1.00e-03 params=[ 70.3537 149.99    10.      85.9832  10.       0.1556   0.       0.5853
   1.       0.5968]
Traceback (most recent call last):
  File "/home/nl2951/alfven/PF_location_optimization/opt_comp_combined_boundary.py", line 185, in _free_boundary_cost
    make_mesh(scan_geom, mesh_file, lim)
  File "/home/nl2951/alfven/PF_location_optimization/opt_comp_combined_boundary.py", line 165, in make_mesh
    mesh_pts, mesh_lc, mesh_reg = gs_mesh.build_mesh()
                                  ^^^^^^^^^^^^^^^^^^^^
  File "/home/nl2951/OpenFUSIONToolkit/install_release/python/OpenFUSIONToolkit/TokaMaker/meshing.py", line 628, in build_mesh
    raise ValueError('Meshing error: unclaimed region detected!')
ValueError: Meshing error: unclaimed region detected!

2026-06-09 13:42:42,435 pid=587093 weight_fb=1.00e-03 params=[ 72.1433 152.059   10.      77.6359  10.       0.4515   0.       0.4013
   1.       0.4164]
Traceback (most recent call last):
  File "/home/nl2951/alfven/PF_location_optimization/opt_comp_combined_boundary.py", line 185, in _free_boundary_cost
    make_mesh(scan_geom, mesh_file, lim)
  File "/home/nl2951/alfven/PF_location_optimization/opt_comp_combined_boundary.py", line 165, in make_mesh
    mesh_pts, mesh_lc, mesh_reg = gs_mesh.build_mesh()
                                  ^^^^^^^^^^^^^^^^^^^^
  File "/home/nl2951/OpenFUSIONToolkit/install_release/python/OpenFUSIONToolkit/TokaMaker/meshing.py", line 628, in build_mesh
    raise ValueError('Meshing error: unclaimed region detected!')
ValueError: Meshing error: unclaimed region detected!

2026-06-09 13:47:00,286 pid=587093 weight_fb=1.00e-03 params=[1.0000e+01 1.0000e+01 1.0000e+01 1.5140e+02 1.0000e+01 8.3519e-01
 0.0000e+00 8.7681e-01 1.5093e-01 0.0000e+00]
Traceback (most recent call last):
  File "/home/nl2951/alfven/PF_location_optimization/opt_comp_combined_boundary.py", line 185, in _free_boundary_cost
    make_mesh(scan_geom, mesh_file, lim)
  File "/home/nl2951/alfven/PF_location_optimization/opt_comp_combined_boundary.py", line 165, in make_mesh
    mesh_pts, mesh_lc, mesh_reg = gs_mesh.build_mesh()
                                  ^^^^^^^^^^^^^^^^^^^^
  File "/home/nl2951/OpenFUSIONToolkit/install_release/python/OpenFUSIONToolkit/TokaMaker/meshing.py", line 628, in build_mesh
    raise ValueError('Meshing error: unclaimed region detected!')
ValueError: Meshing error: unclaimed region detected!

2026-06-09 13:57:01,469 pid=587093 weight_fb=1.00e-03 params=[18.2451 10.     83.1988 87.2204 18.7046  0.5604  0.1004  0.4803  0.4848
  0.4913]
Traceback (most recent call last):
  File "/home/nl2951/alfven/PF_location_optimization/opt_comp_combined_boundary.py", line 185, in _free_boundary_cost
    make_mesh(scan_geom, mesh_file, lim)
  File "/home/nl2951/alfven/PF_location_optimization/opt_comp_combined_boundary.py", line 165, in make_mesh
    mesh_pts, mesh_lc, mesh_reg = gs_mesh.build_mesh()
                                  ^^^^^^^^^^^^^^^^^^^^
  File "/home/nl2951/OpenFUSIONToolkit/install_release/python/OpenFUSIONToolkit/TokaMaker/meshing.py", line 628, in build_mesh
    raise ValueError('Meshing error: unclaimed region detected!')
ValueError: Meshing error: unclaimed region detected!

2026-06-09 14:00:23,375 pid=587093 weight_fb=1.00e-03 params=[18.1526 10.     82.3146 88.27   18.7888  0.5171  0.5459  0.8661  0.5333
  0.4793]
Traceback (most recent call last):
  File "/home/nl2951/alfven/PF_location_optimization/opt_comp_combined_boundary.py", line 185, in _free_boundary_cost
    make_mesh(scan_geom, mesh_file, lim)
  File "/home/nl2951/alfven/PF_location_optimization/opt_comp_combined_boundary.py", line 165, in make_mesh
    mesh_pts, mesh_lc, mesh_reg = gs_mesh.build_mesh()
                                  ^^^^^^^^^^^^^^^^^^^^
  File "/home/nl2951/OpenFUSIONToolkit/install_release/python/OpenFUSIONToolkit/TokaMaker/meshing.py", line 628, in build_mesh
    raise ValueError('Meshing error: unclaimed region detected!')
ValueError: Meshing error: unclaimed region detected!

2026-06-09 14:02:53,213 pid=587093 weight_fb=1.00e-03 params=[18.5174 10.     85.2662 85.7678 18.4356  0.5362  0.5967  0.6689  0.1536
  0.4705]
Traceback (most recent call last):
  File "/home/nl2951/alfven/PF_location_optimization/opt_comp_combined_boundary.py", line 185, in _free_boundary_cost
    make_mesh(scan_geom, mesh_file, lim)
  File "/home/nl2951/alfven/PF_location_optimization/opt_comp_combined_boundary.py", line 165, in make_mesh
    mesh_pts, mesh_lc, mesh_reg = gs_mesh.build_mesh()
                                  ^^^^^^^^^^^^^^^^^^^^
  File "/home/nl2951/OpenFUSIONToolkit/install_release/python/OpenFUSIONToolkit/TokaMaker/meshing.py", line 628, in build_mesh
    raise ValueError('Meshing error: unclaimed region detected!')
ValueError: Meshing error: unclaimed region detected!

2026-06-09 14:04:26,568 pid=587093 weight_fb=1.00e-03 params=[17.8823 10.     82.0294 82.5401 16.9293  0.5137  0.2247  0.915   0.8301
  0.6849]
Traceback (most recent call last):
  File "/home/nl2951/alfven/PF_location_optimization/opt_comp_combined_boundary.py", line 185, in _free_boundary_cost
    make_mesh(scan_geom, mesh_file, lim)
  File "/home/nl2951/alfven/PF_location_optimization/opt_comp_combined_boundary.py", line 165, in make_mesh
    mesh_pts, mesh_lc, mesh_reg = gs_mesh.build_mesh()
                                  ^^^^^^^^^^^^^^^^^^^^
  File "/home/nl2951/OpenFUSIONToolkit/install_release/python/OpenFUSIONToolkit/TokaMaker/meshing.py", line 628, in build_mesh
    raise ValueError('Meshing error: unclaimed region detected!')
ValueError: Meshing error: unclaimed region detected!

2026-06-09 14:10:47,512 pid=587093 weight_fb=1.00e-03 params=[1.6735e+01 8.7716e+01 1.0000e+01 8.9157e+01 9.8982e+01 6.3628e-02
 6.8565e-01 6.0231e-01 5.6126e-01 1.9627e-01]
Traceback (most recent call last):
  File "/home/nl2951/alfven/PF_location_optimization/opt_comp_combined_boundary.py", line 185, in _free_boundary_cost
    make_mesh(scan_geom, mesh_file, lim)
  File "/home/nl2951/alfven/PF_location_optimization/opt_comp_combined_boundary.py", line 165, in make_mesh
    mesh_pts, mesh_lc, mesh_reg = gs_mesh.build_mesh()
                                  ^^^^^^^^^^^^^^^^^^^^
  File "/home/nl2951/OpenFUSIONToolkit/install_release/python/OpenFUSIONToolkit/TokaMaker/meshing.py", line 628, in build_mesh
    raise ValueError('Meshing error: unclaimed region detected!')
ValueError: Meshing error: unclaimed region detected!

2026-06-09 14:11:24,614 pid=587093 weight_fb=1.00e-03 params=[106.4734  10.     115.7409  10.     130.6348   0.5548   0.2052   1.
   0.2913   0.248 ]
Traceback (most recent call last):
  File "/home/nl2951/alfven/PF_location_optimization/opt_comp_combined_boundary.py", line 185, in _free_boundary_cost
    make_mesh(scan_geom, mesh_file, lim)
  File "/home/nl2951/alfven/PF_location_optimization/opt_comp_combined_boundary.py", line 165, in make_mesh
    mesh_pts, mesh_lc, mesh_reg = gs_mesh.build_mesh()
                                  ^^^^^^^^^^^^^^^^^^^^
  File "/home/nl2951/OpenFUSIONToolkit/install_release/python/OpenFUSIONToolkit/TokaMaker/meshing.py", line 628, in build_mesh
    raise ValueError('Meshing error: unclaimed region detected!')
ValueError: Meshing error: unclaimed region detected!

2026-06-09 14:12:02,685 pid=587093 weight_fb=1.00e-03 params=[109.4725 111.7007  10.      86.8986  43.7328   0.3868   0.1869   0.5725
   0.7978   0.8551]
Traceback (most recent call last):
  File "/home/nl2951/alfven/PF_location_optimization/opt_comp_combined_boundary.py", line 185, in _free_boundary_cost
    make_mesh(scan_geom, mesh_file, lim)
  File "/home/nl2951/alfven/PF_location_optimization/opt_comp_combined_boundary.py", line 165, in make_mesh
    mesh_pts, mesh_lc, mesh_reg = gs_mesh.build_mesh()
                                  ^^^^^^^^^^^^^^^^^^^^
  File "/home/nl2951/OpenFUSIONToolkit/install_release/python/OpenFUSIONToolkit/TokaMaker/meshing.py", line 628, in build_mesh
    raise ValueError('Meshing error: unclaimed region detected!')
ValueError: Meshing error: unclaimed region detected!

2026-06-09 14:13:36,383 pid=587093 weight_fb=1.00e-03 params=[107.9379  10.     110.7915  10.     125.1121   0.7349   0.4295   1.
   0.246    0.4785]
Traceback (most recent call last):
  File "/home/nl2951/alfven/PF_location_optimization/opt_comp_combined_boundary.py", line 185, in _free_boundary_cost
    make_mesh(scan_geom, mesh_file, lim)
  File "/home/nl2951/alfven/PF_location_optimization/opt_comp_combined_boundary.py", line 165, in make_mesh
    mesh_pts, mesh_lc, mesh_reg = gs_mesh.build_mesh()
                                  ^^^^^^^^^^^^^^^^^^^^
  File "/home/nl2951/OpenFUSIONToolkit/install_release/python/OpenFUSIONToolkit/TokaMaker/meshing.py", line 628, in build_mesh
    raise ValueError('Meshing error: unclaimed region detected!')
ValueError: Meshing error: unclaimed region detected!

2026-06-09 14:24:43,937 pid=587093 weight_fb=1.00e-03 params=[ 64.1099 134.756   10.     134.1013  10.       0.8824   0.5803   1.
   1.       0.3743]
Traceback (most recent call last):
  File "/home/nl2951/alfven/PF_location_optimization/opt_comp_combined_boundary.py", line 185, in _free_boundary_cost
    make_mesh(scan_geom, mesh_file, lim)
  File "/home/nl2951/alfven/PF_location_optimization/opt_comp_combined_boundary.py", line 165, in make_mesh
    mesh_pts, mesh_lc, mesh_reg = gs_mesh.build_mesh()
                                  ^^^^^^^^^^^^^^^^^^^^
  File "/home/nl2951/OpenFUSIONToolkit/install_release/python/OpenFUSIONToolkit/TokaMaker/meshing.py", line 628, in build_mesh
    raise ValueError('Meshing error: unclaimed region detected!')
ValueError: Meshing error: unclaimed region detected!

2026-06-09 14:35:04,048 pid=587093 weight_fb=1.00e-03 params=[1.0000e+01 8.5627e+01 1.0000e+01 8.7123e+01 1.0022e+02 4.1881e-02
 6.7505e-01 6.8568e-01 5.5722e-01 2.8939e-01]
Traceback (most recent call last):
  File "/home/nl2951/alfven/PF_location_optimization/opt_comp_combined_boundary.py", line 185, in _free_boundary_cost
    make_mesh(scan_geom, mesh_file, lim)
  File "/home/nl2951/alfven/PF_location_optimization/opt_comp_combined_boundary.py", line 165, in make_mesh
    mesh_pts, mesh_lc, mesh_reg = gs_mesh.build_mesh()
                                  ^^^^^^^^^^^^^^^^^^^^
  File "/home/nl2951/OpenFUSIONToolkit/install_release/python/OpenFUSIONToolkit/TokaMaker/meshing.py", line 628, in build_mesh
    raise ValueError('Meshing error: unclaimed region detected!')
ValueError: Meshing error: unclaimed region detected!

2026-06-09 14:36:41,939 pid=587093 weight_fb=1.00e-03 params=[2.1215e+01 6.5976e+01 3.8326e+01 3.0496e+01 6.4264e+01 1.0000e+00
 2.0886e-01 1.0000e+00 1.0000e+00 4.9145e-02]
Traceback (most recent call last):
  File "/home/nl2951/alfven/PF_location_optimization/opt_comp_combined_boundary.py", line 185, in _free_boundary_cost
    make_mesh(scan_geom, mesh_file, lim)
  File "/home/nl2951/alfven/PF_location_optimization/opt_comp_combined_boundary.py", line 165, in make_mesh
    mesh_pts, mesh_lc, mesh_reg = gs_mesh.build_mesh()
                                  ^^^^^^^^^^^^^^^^^^^^
  File "/home/nl2951/OpenFUSIONToolkit/install_release/python/OpenFUSIONToolkit/TokaMaker/meshing.py", line 628, in build_mesh
    raise ValueError('Meshing error: unclaimed region detected!')
ValueError: Meshing error: unclaimed region detected!

2026-06-09 14:42:24,562 pid=587093 weight_fb=1.00e-03 params=[99.0772 10.     59.6573 59.544  56.168   0.8209  0.      1.      1.
  0.9297]
Traceback (most recent call last):
  File "/home/nl2951/alfven/PF_location_optimization/opt_comp_combined_boundary.py", line 185, in _free_boundary_cost
    make_mesh(scan_geom, mesh_file, lim)
  File "/home/nl2951/alfven/PF_location_optimization/opt_comp_combined_boundary.py", line 165, in make_mesh
    mesh_pts, mesh_lc, mesh_reg = gs_mesh.build_mesh()
                                  ^^^^^^^^^^^^^^^^^^^^
  File "/home/nl2951/OpenFUSIONToolkit/install_release/python/OpenFUSIONToolkit/TokaMaker/meshing.py", line 628, in build_mesh
    raise ValueError('Meshing error: unclaimed region detected!')
ValueError: Meshing error: unclaimed region detected!

2026-06-09 14:43:08,463 pid=587093 weight_fb=1.00e-03 params=[10.4629 89.0122 10.     89.6214 94.4612  0.1714  0.5924  0.588   0.5832
  0.4882]
Traceback (most recent call last):
  File "/home/nl2951/alfven/PF_location_optimization/opt_comp_combined_boundary.py", line 185, in _free_boundary_cost
    make_mesh(scan_geom, mesh_file, lim)
  File "/home/nl2951/alfven/PF_location_optimization/opt_comp_combined_boundary.py", line 165, in make_mesh
    mesh_pts, mesh_lc, mesh_reg = gs_mesh.build_mesh()
                                  ^^^^^^^^^^^^^^^^^^^^
  File "/home/nl2951/OpenFUSIONToolkit/install_release/python/OpenFUSIONToolkit/TokaMaker/meshing.py", line 628, in build_mesh
    raise ValueError('Meshing error: unclaimed region detected!')
ValueError: Meshing error: unclaimed region detected!

2026-06-09 14:43:51,229 pid=587093 weight_fb=1.00e-03 params=[10.     93.7845 10.     92.0529 92.2342  0.226   0.8423  0.8106  0.5812
  0.2801]
Traceback (most recent call last):
  File "/home/nl2951/alfven/PF_location_optimization/opt_comp_combined_boundary.py", line 185, in _free_boundary_cost
    make_mesh(scan_geom, mesh_file, lim)
  File "/home/nl2951/alfven/PF_location_optimization/opt_comp_combined_boundary.py", line 165, in make_mesh
    mesh_pts, mesh_lc, mesh_reg = gs_mesh.build_mesh()
                                  ^^^^^^^^^^^^^^^^^^^^
  File "/home/nl2951/OpenFUSIONToolkit/install_release/python/OpenFUSIONToolkit/TokaMaker/meshing.py", line 628, in build_mesh
    raise ValueError('Meshing error: unclaimed region detected!')
ValueError: Meshing error: unclaimed region detected!

2026-06-09 14:44:34,009 pid=587093 weight_fb=1.00e-03 params=[10.     93.8152 10.     91.7981 91.9935  0.2218  0.8377  0.59    0.5828
  0.4732]
Traceback (most recent call last):
  File "/home/nl2951/alfven/PF_location_optimization/opt_comp_combined_boundary.py", line 185, in _free_boundary_cost
    make_mesh(scan_geom, mesh_file, lim)
  File "/home/nl2951/alfven/PF_location_optimization/opt_comp_combined_boundary.py", line 165, in make_mesh
    mesh_pts, mesh_lc, mesh_reg = gs_mesh.build_mesh()
                                  ^^^^^^^^^^^^^^^^^^^^
  File "/home/nl2951/OpenFUSIONToolkit/install_release/python/OpenFUSIONToolkit/TokaMaker/meshing.py", line 628, in build_mesh
    raise ValueError('Meshing error: unclaimed region detected!')
ValueError: Meshing error: unclaimed region detected!

2026-06-09 14:47:11,679 pid=587093 weight_fb=1.00e-03 params=[1.0000e+01 9.3758e+01 1.0000e+01 9.2082e+01 9.2364e+01 2.1186e-01
 5.0867e-02 5.7738e-01 5.7457e-01 3.3909e-01]
Traceback (most recent call last):
  File "/home/nl2951/alfven/PF_location_optimization/opt_comp_combined_boundary.py", line 185, in _free_boundary_cost
    make_mesh(scan_geom, mesh_file, lim)
  File "/home/nl2951/alfven/PF_location_optimization/opt_comp_combined_boundary.py", line 165, in make_mesh
    mesh_pts, mesh_lc, mesh_reg = gs_mesh.build_mesh()
                                  ^^^^^^^^^^^^^^^^^^^^
  File "/home/nl2951/OpenFUSIONToolkit/install_release/python/OpenFUSIONToolkit/TokaMaker/meshing.py", line 628, in build_mesh
    raise ValueError('Meshing error: unclaimed region detected!')
ValueError: Meshing error: unclaimed region detected!

2026-06-09 14:47:52,351 pid=587093 weight_fb=1.00e-03 params=[12.9447 92.7837 10.     92.3217 92.2745  0.2205  0.9832  0.4189  0.5718
  0.5797]
Traceback (most recent call last):
  File "/home/nl2951/alfven/PF_location_optimization/opt_comp_combined_boundary.py", line 185, in _free_boundary_cost
    make_mesh(scan_geom, mesh_file, lim)
  File "/home/nl2951/alfven/PF_location_optimization/opt_comp_combined_boundary.py", line 165, in make_mesh
    mesh_pts, mesh_lc, mesh_reg = gs_mesh.build_mesh()
                                  ^^^^^^^^^^^^^^^^^^^^
  File "/home/nl2951/OpenFUSIONToolkit/install_release/python/OpenFUSIONToolkit/TokaMaker/meshing.py", line 628, in build_mesh
    raise ValueError('Meshing error: unclaimed region detected!')
ValueError: Meshing error: unclaimed region detected!

2026-06-09 15:22:20,227 pid=587093 weight_fb=1.00e-03 params=[ 10.     113.207   10.      76.4695  25.8145   1.       0.1526   0.928
   0.3359   0.5841]
Traceback (most recent call last):
  File "/home/nl2951/alfven/PF_location_optimization/opt_comp_combined_boundary.py", line 185, in _free_boundary_cost
    make_mesh(scan_geom, mesh_file, lim)
  File "/home/nl2951/alfven/PF_location_optimization/opt_comp_combined_boundary.py", line 165, in make_mesh
    mesh_pts, mesh_lc, mesh_reg = gs_mesh.build_mesh()
                                  ^^^^^^^^^^^^^^^^^^^^
  File "/home/nl2951/OpenFUSIONToolkit/install_release/python/OpenFUSIONToolkit/TokaMaker/meshing.py", line 628, in build_mesh
    raise ValueError('Meshing error: unclaimed region detected!')
ValueError: Meshing error: unclaimed region detected!

2026-06-09 15:23:13,578 pid=587093 weight_fb=1.00e-03 params=[ 56.9048  54.6897  10.      87.8164 145.2956   0.8751   0.7954   0.8705
   0.8898   0.5902]
Traceback (most recent call last):
  File "/home/nl2951/alfven/PF_location_optimization/opt_comp_combined_boundary.py", line 185, in _free_boundary_cost
    make_mesh(scan_geom, mesh_file, lim)
  File "/home/nl2951/alfven/PF_location_optimization/opt_comp_combined_boundary.py", line 165, in make_mesh
    mesh_pts, mesh_lc, mesh_reg = gs_mesh.build_mesh()
                                  ^^^^^^^^^^^^^^^^^^^^
  File "/home/nl2951/OpenFUSIONToolkit/install_release/python/OpenFUSIONToolkit/TokaMaker/meshing.py", line 628, in build_mesh
    raise ValueError('Meshing error: unclaimed region detected!')
ValueError: Meshing error: unclaimed region detected!

2026-06-09 15:33:45,218 pid=587093 weight_fb=1.00e-03 params=[ 10.     113.0307  10.      76.1698  24.9107   1.       0.3687   0.9132
   0.3818   0.1687]
Traceback (most recent call last):
  File "/home/nl2951/alfven/PF_location_optimization/opt_comp_combined_boundary.py", line 185, in _free_boundary_cost
    make_mesh(scan_geom, mesh_file, lim)
  File "/home/nl2951/alfven/PF_location_optimization/opt_comp_combined_boundary.py", line 165, in make_mesh
    mesh_pts, mesh_lc, mesh_reg = gs_mesh.build_mesh()
                                  ^^^^^^^^^^^^^^^^^^^^
  File "/home/nl2951/OpenFUSIONToolkit/install_release/python/OpenFUSIONToolkit/TokaMaker/meshing.py", line 628, in build_mesh
    raise ValueError('Meshing error: unclaimed region detected!')
ValueError: Meshing error: unclaimed region detected!

2026-06-09 15:46:05,823 pid=587093 weight_fb=1.00e-03 params=[1.1041e+02 2.5493e+01 5.0576e+01 2.6914e+01 6.3929e+01 1.0000e+00
 4.5694e-01 1.0000e+00 5.7342e-01 6.9435e-02]
Traceback (most recent call last):
  File "/home/nl2951/alfven/PF_location_optimization/opt_comp_combined_boundary.py", line 185, in _free_boundary_cost
    make_mesh(scan_geom, mesh_file, lim)
  File "/home/nl2951/alfven/PF_location_optimization/opt_comp_combined_boundary.py", line 165, in make_mesh
    mesh_pts, mesh_lc, mesh_reg = gs_mesh.build_mesh()
                                  ^^^^^^^^^^^^^^^^^^^^
  File "/home/nl2951/OpenFUSIONToolkit/install_release/python/OpenFUSIONToolkit/TokaMaker/meshing.py", line 628, in build_mesh
    raise ValueError('Meshing error: unclaimed region detected!')
ValueError: Meshing error: unclaimed region detected!

2026-06-09 15:46:58,727 pid=587093 weight_fb=1.00e-03 params=[107.0379  78.7344  28.5088  55.1038  53.2989   1.       0.4282   1.
   0.7946   0.6351]
Traceback (most recent call last):
  File "/home/nl2951/alfven/PF_location_optimization/opt_comp_combined_boundary.py", line 185, in _free_boundary_cost
    make_mesh(scan_geom, mesh_file, lim)
  File "/home/nl2951/alfven/PF_location_optimization/opt_comp_combined_boundary.py", line 165, in make_mesh
    mesh_pts, mesh_lc, mesh_reg = gs_mesh.build_mesh()
                                  ^^^^^^^^^^^^^^^^^^^^
  File "/home/nl2951/OpenFUSIONToolkit/install_release/python/OpenFUSIONToolkit/TokaMaker/meshing.py", line 628, in build_mesh
    raise ValueError('Meshing error: unclaimed region detected!')
ValueError: Meshing error: unclaimed region detected!

2026-06-09 15:49:01,912 pid=587093 weight_fb=1.00e-03 params=[ 82.5909  56.2811  10.     116.4797  11.9721   0.7073   0.5051   0.2931
   0.4797   0.2285]
Traceback (most recent call last):
  File "/home/nl2951/alfven/PF_location_optimization/opt_comp_combined_boundary.py", line 185, in _free_boundary_cost
    make_mesh(scan_geom, mesh_file, lim)
  File "/home/nl2951/alfven/PF_location_optimization/opt_comp_combined_boundary.py", line 165, in make_mesh
    mesh_pts, mesh_lc, mesh_reg = gs_mesh.build_mesh()
                                  ^^^^^^^^^^^^^^^^^^^^
  File "/home/nl2951/OpenFUSIONToolkit/install_release/python/OpenFUSIONToolkit/TokaMaker/meshing.py", line 628, in build_mesh
    raise ValueError('Meshing error: unclaimed region detected!')
ValueError: Meshing error: unclaimed region detected!

2026-06-09 16:00:48,407 pid=587093 weight_fb=1.00e-03 params=[ 81.5049  56.6166  10.     116.7513  11.3615   0.6955   0.5403   0.7242
   0.494    0.6489]
Traceback (most recent call last):
  File "/home/nl2951/alfven/PF_location_optimization/opt_comp_combined_boundary.py", line 185, in _free_boundary_cost
    make_mesh(scan_geom, mesh_file, lim)
  File "/home/nl2951/alfven/PF_location_optimization/opt_comp_combined_boundary.py", line 165, in make_mesh
    mesh_pts, mesh_lc, mesh_reg = gs_mesh.build_mesh()
                                  ^^^^^^^^^^^^^^^^^^^^
  File "/home/nl2951/OpenFUSIONToolkit/install_release/python/OpenFUSIONToolkit/TokaMaker/meshing.py", line 628, in build_mesh
    raise ValueError('Meshing error: unclaimed region detected!')
ValueError: Meshing error: unclaimed region detected!

2026-06-09 16:10:06,181 pid=587093 weight_fb=1.00e-03 params=[110.0241  26.7619  59.0684  21.0872  60.5882   0.8227   0.7818   1.
   0.8139   1.    ]
Traceback (most recent call last):
  File "/home/nl2951/alfven/PF_location_optimization/opt_comp_combined_boundary.py", line 185, in _free_boundary_cost
    make_mesh(scan_geom, mesh_file, lim)
  File "/home/nl2951/alfven/PF_location_optimization/opt_comp_combined_boundary.py", line 165, in make_mesh
    mesh_pts, mesh_lc, mesh_reg = gs_mesh.build_mesh()
                                  ^^^^^^^^^^^^^^^^^^^^
  File "/home/nl2951/OpenFUSIONToolkit/install_release/python/OpenFUSIONToolkit/TokaMaker/meshing.py", line 628, in build_mesh
    raise ValueError('Meshing error: unclaimed region detected!')
ValueError: Meshing error: unclaimed region detected!

2026-06-09 16:20:51,499 pid=587093 weight_fb=1.00e-03 params=[6.2624e+01 6.2280e+01 1.0000e+01 1.2919e+02 1.5158e+01 1.9131e-01
 3.4081e-02 5.4435e-01 3.3108e-01 1.0000e+00]
Traceback (most recent call last):
  File "/home/nl2951/alfven/PF_location_optimization/opt_comp_combined_boundary.py", line 185, in _free_boundary_cost
    make_mesh(scan_geom, mesh_file, lim)
  File "/home/nl2951/alfven/PF_location_optimization/opt_comp_combined_boundary.py", line 165, in make_mesh
    mesh_pts, mesh_lc, mesh_reg = gs_mesh.build_mesh()
                                  ^^^^^^^^^^^^^^^^^^^^
  File "/home/nl2951/OpenFUSIONToolkit/install_release/python/OpenFUSIONToolkit/TokaMaker/meshing.py", line 628, in build_mesh
    raise ValueError('Meshing error: unclaimed region detected!')
ValueError: Meshing error: unclaimed region detected!

2026-06-09 16:23:00,555 pid=587093 weight_fb=1.00e-03 params=[84.6119 50.4841 86.2887 34.0463 17.6804  0.2881  0.9153  0.3731  0.7141
  1.    ]
Traceback (most recent call last):
  File "/home/nl2951/alfven/PF_location_optimization/opt_comp_combined_boundary.py", line 185, in _free_boundary_cost
    make_mesh(scan_geom, mesh_file, lim)
  File "/home/nl2951/alfven/PF_location_optimization/opt_comp_combined_boundary.py", line 165, in make_mesh
    mesh_pts, mesh_lc, mesh_reg = gs_mesh.build_mesh()
                                  ^^^^^^^^^^^^^^^^^^^^
  File "/home/nl2951/OpenFUSIONToolkit/install_release/python/OpenFUSIONToolkit/TokaMaker/meshing.py", line 628, in build_mesh
    raise ValueError('Meshing error: unclaimed region detected!')
ValueError: Meshing error: unclaimed region detected!

2026-06-09 16:29:12,332 pid=587093 weight_fb=1.00e-03 params=[8.5125e+01 4.1367e+01 9.8026e+01 2.9357e+01 1.0899e+01 6.1096e-02
 1.0000e+00 6.7995e-01 7.5103e-01 1.0000e+00]
Traceback (most recent call last):
  File "/home/nl2951/alfven/PF_location_optimization/opt_comp_combined_boundary.py", line 213, in _free_boundary_cost
    mygs.solve()
  File "/home/nl2951/OpenFUSIONToolkit/install_release/python/OpenFUSIONToolkit/TokaMaker/_core.py", line 695, in solve
    raise ValueError("Error in solve: {0}".format(error_string.value.decode()))
ValueError: Error in solve: Exceeded "maxits"                       

2026-06-09 16:42:40,094 pid=587093 weight_fb=1.00e-03 params=[ 10.      60.4125  10.     103.339   51.9189   0.9015   0.       0.8686
   0.4558   0.3206]
Traceback (most recent call last):
  File "/home/nl2951/alfven/PF_location_optimization/opt_comp_combined_boundary.py", line 185, in _free_boundary_cost
    make_mesh(scan_geom, mesh_file, lim)
  File "/home/nl2951/alfven/PF_location_optimization/opt_comp_combined_boundary.py", line 165, in make_mesh
    mesh_pts, mesh_lc, mesh_reg = gs_mesh.build_mesh()
                                  ^^^^^^^^^^^^^^^^^^^^
  File "/home/nl2951/OpenFUSIONToolkit/install_release/python/OpenFUSIONToolkit/TokaMaker/meshing.py", line 628, in build_mesh
    raise ValueError('Meshing error: unclaimed region detected!')
ValueError: Meshing error: unclaimed region detected!

2026-06-09 17:10:08,205 pid=587093 weight_fb=1.00e-03 params=[ 56.2426  11.0959 102.3189  78.8327  99.3419   0.7298   0.       0.8675
   0.5892   0.835 ]
Traceback (most recent call last):
  File "/home/nl2951/alfven/PF_location_optimization/opt_comp_combined_boundary.py", line 185, in _free_boundary_cost
    make_mesh(scan_geom, mesh_file, lim)
  File "/home/nl2951/alfven/PF_location_optimization/opt_comp_combined_boundary.py", line 165, in make_mesh
    mesh_pts, mesh_lc, mesh_reg = gs_mesh.build_mesh()
                                  ^^^^^^^^^^^^^^^^^^^^
  File "/home/nl2951/OpenFUSIONToolkit/install_release/python/OpenFUSIONToolkit/TokaMaker/meshing.py", line 628, in build_mesh
    raise ValueError('Meshing error: unclaimed region detected!')
ValueError: Meshing error: unclaimed region detected!

2026-06-09 17:12:33,910 pid=587093 weight_fb=1.00e-03 params=[ 55.9866  10.4077 102.5013  78.7532  99.4409   0.7154   0.1755   0.8283
   0.6263   0.8896]
Traceback (most recent call last):
  File "/home/nl2951/alfven/PF_location_optimization/opt_comp_combined_boundary.py", line 185, in _free_boundary_cost
    make_mesh(scan_geom, mesh_file, lim)
  File "/home/nl2951/alfven/PF_location_optimization/opt_comp_combined_boundary.py", line 165, in make_mesh
    mesh_pts, mesh_lc, mesh_reg = gs_mesh.build_mesh()
                                  ^^^^^^^^^^^^^^^^^^^^
  File "/home/nl2951/OpenFUSIONToolkit/install_release/python/OpenFUSIONToolkit/TokaMaker/meshing.py", line 628, in build_mesh
    raise ValueError('Meshing error: unclaimed region detected!')
ValueError: Meshing error: unclaimed region detected!

2026-06-09 17:13:39,554 pid=587093 weight_fb=1.00e-03 params=[ 57.4778  10.3972 101.5773  78.8128  97.4149   0.8349   0.2461   0.9376
   0.61     0.8323]
Traceback (most recent call last):
  File "/home/nl2951/alfven/PF_location_optimization/opt_comp_combined_boundary.py", line 185, in _free_boundary_cost
    make_mesh(scan_geom, mesh_file, lim)
  File "/home/nl2951/alfven/PF_location_optimization/opt_comp_combined_boundary.py", line 165, in make_mesh
    mesh_pts, mesh_lc, mesh_reg = gs_mesh.build_mesh()
                                  ^^^^^^^^^^^^^^^^^^^^
  File "/home/nl2951/OpenFUSIONToolkit/install_release/python/OpenFUSIONToolkit/TokaMaker/meshing.py", line 628, in build_mesh
    raise ValueError('Meshing error: unclaimed region detected!')
ValueError: Meshing error: unclaimed region detected!

2026-06-09 17:40:23,017 pid=587093 weight_fb=1.00e-03 params=[ 53.7994  10.6305 102.4912  77.5504  99.3259   0.8239   0.       0.6502
   0.6604   0.5845]
Traceback (most recent call last):
  File "/home/nl2951/alfven/PF_location_optimization/opt_comp_combined_boundary.py", line 185, in _free_boundary_cost
    make_mesh(scan_geom, mesh_file, lim)
  File "/home/nl2951/alfven/PF_location_optimization/opt_comp_combined_boundary.py", line 165, in make_mesh
    mesh_pts, mesh_lc, mesh_reg = gs_mesh.build_mesh()
                                  ^^^^^^^^^^^^^^^^^^^^
  File "/home/nl2951/OpenFUSIONToolkit/install_release/python/OpenFUSIONToolkit/TokaMaker/meshing.py", line 628, in build_mesh
    raise ValueError('Meshing error: unclaimed region detected!')
ValueError: Meshing error: unclaimed region detected!

2026-06-09 17:43:07,015 pid=587093 weight_fb=1.00e-03 params=[5.3420e+01 1.0000e+01 1.0263e+02 7.8125e+01 1.0124e+02 7.5720e-01
 2.7445e-02 7.0131e-01 6.2775e-01 9.4722e-01]
Traceback (most recent call last):
  File "/home/nl2951/alfven/PF_location_optimization/opt_comp_combined_boundary.py", line 185, in _free_boundary_cost
    make_mesh(scan_geom, mesh_file, lim)
  File "/home/nl2951/alfven/PF_location_optimization/opt_comp_combined_boundary.py", line 165, in make_mesh
    mesh_pts, mesh_lc, mesh_reg = gs_mesh.build_mesh()
                                  ^^^^^^^^^^^^^^^^^^^^
  File "/home/nl2951/OpenFUSIONToolkit/install_release/python/OpenFUSIONToolkit/TokaMaker/meshing.py", line 628, in build_mesh
    raise ValueError('Meshing error: unclaimed region detected!')
ValueError: Meshing error: unclaimed region detected!

2026-06-09 17:45:51,925 pid=587093 weight_fb=1.00e-03 params=[5.5042e+01 1.2623e+01 1.0207e+02 7.8602e+01 9.9567e+01 8.3246e-01
 2.6233e-02 8.9801e-01 6.0476e-01 8.9318e-01]
Traceback (most recent call last):
  File "/home/nl2951/alfven/PF_location_optimization/opt_comp_combined_boundary.py", line 185, in _free_boundary_cost
    make_mesh(scan_geom, mesh_file, lim)
  File "/home/nl2951/alfven/PF_location_optimization/opt_comp_combined_boundary.py", line 165, in make_mesh
    mesh_pts, mesh_lc, mesh_reg = gs_mesh.build_mesh()
                                  ^^^^^^^^^^^^^^^^^^^^
  File "/home/nl2951/OpenFUSIONToolkit/install_release/python/OpenFUSIONToolkit/TokaMaker/meshing.py", line 628, in build_mesh
    raise ValueError('Meshing error: unclaimed region detected!')
ValueError: Meshing error: unclaimed region detected!

2026-06-09 17:50:06,327 pid=587093 weight_fb=1.00e-03 params=[5.4197e+01 1.0000e+01 1.0045e+02 7.7361e+01 1.0014e+02 8.2229e-01
 5.5814e-02 6.8161e-01 6.6088e-01 8.8997e-01]
Traceback (most recent call last):
  File "/home/nl2951/alfven/PF_location_optimization/opt_comp_combined_boundary.py", line 185, in _free_boundary_cost
    make_mesh(scan_geom, mesh_file, lim)
  File "/home/nl2951/alfven/PF_location_optimization/opt_comp_combined_boundary.py", line 165, in make_mesh
    mesh_pts, mesh_lc, mesh_reg = gs_mesh.build_mesh()
                                  ^^^^^^^^^^^^^^^^^^^^
  File "/home/nl2951/OpenFUSIONToolkit/install_release/python/OpenFUSIONToolkit/TokaMaker/meshing.py", line 628, in build_mesh
    raise ValueError('Meshing error: unclaimed region detected!')
ValueError: Meshing error: unclaimed region detected!

2026-06-09 17:51:17,811 pid=587093 weight_fb=1.00e-03 params=[ 54.7255  11.5283 102.0439  78.7134  99.6189   0.7871   0.       0.6463
   0.61     0.9126]
Traceback (most recent call last):
  File "/home/nl2951/alfven/PF_location_optimization/opt_comp_combined_boundary.py", line 185, in _free_boundary_cost
    make_mesh(scan_geom, mesh_file, lim)
  File "/home/nl2951/alfven/PF_location_optimization/opt_comp_combined_boundary.py", line 165, in make_mesh
    mesh_pts, mesh_lc, mesh_reg = gs_mesh.build_mesh()
                                  ^^^^^^^^^^^^^^^^^^^^
  File "/home/nl2951/OpenFUSIONToolkit/install_release/python/OpenFUSIONToolkit/TokaMaker/meshing.py", line 628, in build_mesh
    raise ValueError('Meshing error: unclaimed region detected!')
ValueError: Meshing error: unclaimed region detected!

2026-06-09 17:55:30,853 pid=587093 weight_fb=1.00e-03 params=[5.4091e+01 1.3072e+01 1.0205e+02 7.9763e+01 1.0035e+02 9.2504e-01
 8.1577e-03 9.4298e-01 6.0719e-01 7.8014e-01]
Traceback (most recent call last):
  File "/home/nl2951/alfven/PF_location_optimization/opt_comp_combined_boundary.py", line 185, in _free_boundary_cost
    make_mesh(scan_geom, mesh_file, lim)
  File "/home/nl2951/alfven/PF_location_optimization/opt_comp_combined_boundary.py", line 165, in make_mesh
    mesh_pts, mesh_lc, mesh_reg = gs_mesh.build_mesh()
                                  ^^^^^^^^^^^^^^^^^^^^
  File "/home/nl2951/OpenFUSIONToolkit/install_release/python/OpenFUSIONToolkit/TokaMaker/meshing.py", line 628, in build_mesh
    raise ValueError('Meshing error: unclaimed region detected!')
ValueError: Meshing error: unclaimed region detected!

2026-06-09 17:56:36,279 pid=587093 weight_fb=1.00e-03 params=[5.4186e+01 1.2400e+01 1.0213e+02 7.9253e+01 1.0024e+02 9.3877e-01
 4.1119e-03 7.0498e-01 5.9478e-01 8.1475e-01]
Traceback (most recent call last):
  File "/home/nl2951/alfven/PF_location_optimization/opt_comp_combined_boundary.py", line 185, in _free_boundary_cost
    make_mesh(scan_geom, mesh_file, lim)
  File "/home/nl2951/alfven/PF_location_optimization/opt_comp_combined_boundary.py", line 165, in make_mesh
    mesh_pts, mesh_lc, mesh_reg = gs_mesh.build_mesh()
                                  ^^^^^^^^^^^^^^^^^^^^
  File "/home/nl2951/OpenFUSIONToolkit/install_release/python/OpenFUSIONToolkit/TokaMaker/meshing.py", line 628, in build_mesh
    raise ValueError('Meshing error: unclaimed region detected!')
ValueError: Meshing error: unclaimed region detected!

2026-06-09 18:00:46,181 pid=587093 weight_fb=1.00e-03 params=[5.2916e+01 1.0994e+01 9.9604e+01 7.7978e+01 1.0088e+02 9.9033e-01
 5.0098e-02 3.7197e-01 6.1948e-01 3.2641e-01]
Traceback (most recent call last):
  File "/home/nl2951/alfven/PF_location_optimization/opt_comp_combined_boundary.py", line 185, in _free_boundary_cost
    make_mesh(scan_geom, mesh_file, lim)
  File "/home/nl2951/alfven/PF_location_optimization/opt_comp_combined_boundary.py", line 165, in make_mesh
    mesh_pts, mesh_lc, mesh_reg = gs_mesh.build_mesh()
                                  ^^^^^^^^^^^^^^^^^^^^
  File "/home/nl2951/OpenFUSIONToolkit/install_release/python/OpenFUSIONToolkit/TokaMaker/meshing.py", line 628, in build_mesh
    raise ValueError('Meshing error: unclaimed region detected!')
ValueError: Meshing error: unclaimed region detected!

2026-06-09 18:18:10,315 pid=587093 weight_fb=1.00e-03 params=[ 62.6793  15.5009 100.6074  81.8175  97.6684   0.7093   0.       0.9637
   0.5125   0.7092]
Traceback (most recent call last):
  File "/home/nl2951/alfven/PF_location_optimization/opt_comp_combined_boundary.py", line 185, in _free_boundary_cost
    make_mesh(scan_geom, mesh_file, lim)
  File "/home/nl2951/alfven/PF_location_optimization/opt_comp_combined_boundary.py", line 165, in make_mesh
    mesh_pts, mesh_lc, mesh_reg = gs_mesh.build_mesh()
                                  ^^^^^^^^^^^^^^^^^^^^
  File "/home/nl2951/OpenFUSIONToolkit/install_release/python/OpenFUSIONToolkit/TokaMaker/meshing.py", line 628, in build_mesh
    raise ValueError('Meshing error: unclaimed region detected!')
ValueError: Meshing error: unclaimed region detected!

2026-06-09 18:30:25,648 pid=587093 weight_fb=1.00e-03 params=[83.9556 39.9525 98.6547 32.9901 10.8569  0.1279  0.8772  0.3642  0.6754
  1.    ]
Traceback (most recent call last):
  File "/home/nl2951/alfven/PF_location_optimization/opt_comp_combined_boundary.py", line 213, in _free_boundary_cost
    mygs.solve()
  File "/home/nl2951/OpenFUSIONToolkit/install_release/python/OpenFUSIONToolkit/TokaMaker/_core.py", line 695, in solve
    raise ValueError("Error in solve: {0}".format(error_string.value.decode()))
ValueError: Error in solve: Exceeded "maxits"                       

2026-06-09 18:33:06,049 pid=587093 weight_fb=1.00e-03 params=[1.1316e+02 8.3851e+01 1.0000e+01 9.4344e+01 8.3720e+01 6.5121e-01
 4.9404e-02 1.0000e+00 8.4187e-01 9.9306e-02]
Traceback (most recent call last):
  File "/home/nl2951/alfven/PF_location_optimization/opt_comp_combined_boundary.py", line 185, in _free_boundary_cost
    make_mesh(scan_geom, mesh_file, lim)
  File "/home/nl2951/alfven/PF_location_optimization/opt_comp_combined_boundary.py", line 165, in make_mesh
    mesh_pts, mesh_lc, mesh_reg = gs_mesh.build_mesh()
                                  ^^^^^^^^^^^^^^^^^^^^
  File "/home/nl2951/OpenFUSIONToolkit/install_release/python/OpenFUSIONToolkit/TokaMaker/meshing.py", line 628, in build_mesh
    raise ValueError('Meshing error: unclaimed region detected!')
ValueError: Meshing error: unclaimed region detected!

2026-06-09 18:34:18,538 pid=587093 weight_fb=1.00e-03 params=[ 75.8668  54.2781  10.      75.6868 139.354    0.7898   0.       1.
   1.       0.    ]
Traceback (most recent call last):
  File "/home/nl2951/alfven/PF_location_optimization/opt_comp_combined_boundary.py", line 185, in _free_boundary_cost
    make_mesh(scan_geom, mesh_file, lim)
  File "/home/nl2951/alfven/PF_location_optimization/opt_comp_combined_boundary.py", line 165, in make_mesh
    mesh_pts, mesh_lc, mesh_reg = gs_mesh.build_mesh()
                                  ^^^^^^^^^^^^^^^^^^^^
  File "/home/nl2951/OpenFUSIONToolkit/install_release/python/OpenFUSIONToolkit/TokaMaker/meshing.py", line 628, in build_mesh
    raise ValueError('Meshing error: unclaimed region detected!')
ValueError: Meshing error: unclaimed region detected!

2026-06-09 18:37:06,317 pid=587093 weight_fb=1.00e-03 params=[92.1383 45.0533 95.2876 50.2275 10.      0.5037  0.      0.7162  0.7145
  0.3182]
Traceback (most recent call last):
  File "/home/nl2951/alfven/PF_location_optimization/opt_comp_combined_boundary.py", line 185, in _free_boundary_cost
    make_mesh(scan_geom, mesh_file, lim)
  File "/home/nl2951/alfven/PF_location_optimization/opt_comp_combined_boundary.py", line 165, in make_mesh
    mesh_pts, mesh_lc, mesh_reg = gs_mesh.build_mesh()
                                  ^^^^^^^^^^^^^^^^^^^^
  File "/home/nl2951/OpenFUSIONToolkit/install_release/python/OpenFUSIONToolkit/TokaMaker/meshing.py", line 628, in build_mesh
    raise ValueError('Meshing error: unclaimed region detected!')
ValueError: Meshing error: unclaimed region detected!

2026-06-09 18:38:23,454 pid=587093 weight_fb=1.00e-03 params=[92.6153 43.2704 92.316  51.9522 10.      0.2559  0.      0.5124  0.7924
  1.    ]
Traceback (most recent call last):
  File "/home/nl2951/alfven/PF_location_optimization/opt_comp_combined_boundary.py", line 185, in _free_boundary_cost
    make_mesh(scan_geom, mesh_file, lim)
  File "/home/nl2951/alfven/PF_location_optimization/opt_comp_combined_boundary.py", line 165, in make_mesh
    mesh_pts, mesh_lc, mesh_reg = gs_mesh.build_mesh()
                                  ^^^^^^^^^^^^^^^^^^^^
  File "/home/nl2951/OpenFUSIONToolkit/install_release/python/OpenFUSIONToolkit/TokaMaker/meshing.py", line 628, in build_mesh
    raise ValueError('Meshing error: unclaimed region detected!')
ValueError: Meshing error: unclaimed region detected!

2026-06-09 18:41:24,002 pid=587093 weight_fb=1.00e-03 params=[93.3591 46.199  92.2724 50.6423 10.      0.4844  0.      0.7539  0.6808
  0.5385]
Traceback (most recent call last):
  File "/home/nl2951/alfven/PF_location_optimization/opt_comp_combined_boundary.py", line 185, in _free_boundary_cost
    make_mesh(scan_geom, mesh_file, lim)
  File "/home/nl2951/alfven/PF_location_optimization/opt_comp_combined_boundary.py", line 165, in make_mesh
    mesh_pts, mesh_lc, mesh_reg = gs_mesh.build_mesh()
                                  ^^^^^^^^^^^^^^^^^^^^
  File "/home/nl2951/OpenFUSIONToolkit/install_release/python/OpenFUSIONToolkit/TokaMaker/meshing.py", line 628, in build_mesh
    raise ValueError('Meshing error: unclaimed region detected!')
ValueError: Meshing error: unclaimed region detected!

2026-06-09 20:23:54,164 pid=587093 weight_fb=1.00e-03 params=[ 66.3473 125.4141 141.7598  10.      69.0086   0.6922   0.       0.4623
   1.       0.7734]
Traceback (most recent call last):
  File "/home/nl2951/alfven/PF_location_optimization/opt_comp_combined_boundary.py", line 185, in _free_boundary_cost
    make_mesh(scan_geom, mesh_file, lim)
  File "/home/nl2951/alfven/PF_location_optimization/opt_comp_combined_boundary.py", line 165, in make_mesh
    mesh_pts, mesh_lc, mesh_reg = gs_mesh.build_mesh()
                                  ^^^^^^^^^^^^^^^^^^^^
  File "/home/nl2951/OpenFUSIONToolkit/install_release/python/OpenFUSIONToolkit/TokaMaker/meshing.py", line 628, in build_mesh
    raise ValueError('Meshing error: unclaimed region detected!')
ValueError: Meshing error: unclaimed region detected!

2026-06-09 20:32:15,504 pid=587093 weight_fb=1.00e-03 params=[4.3856e+01 3.1120e+01 1.0000e+01 8.0089e+01 1.4520e+02 9.1723e-01
 0.0000e+00 8.9206e-02 1.5276e-01 4.3044e-01]
Traceback (most recent call last):
  File "/home/nl2951/alfven/PF_location_optimization/opt_comp_combined_boundary.py", line 213, in _free_boundary_cost
    mygs.solve()
  File "/home/nl2951/OpenFUSIONToolkit/install_release/python/OpenFUSIONToolkit/TokaMaker/_core.py", line 695, in solve
    raise ValueError("Error in solve: {0}".format(error_string.value.decode()))
ValueError: Error in solve: Matrix solve failed for targets         

2026-06-09 20:33:32,442 pid=587093 weight_fb=1.00e-03 params=[139.6148  26.3704  10.      44.3456  42.9827   0.8897   0.       0.8703
   1.       0.9716]
Traceback (most recent call last):
  File "/home/nl2951/alfven/PF_location_optimization/opt_comp_combined_boundary.py", line 185, in _free_boundary_cost
    make_mesh(scan_geom, mesh_file, lim)
  File "/home/nl2951/alfven/PF_location_optimization/opt_comp_combined_boundary.py", line 165, in make_mesh
    mesh_pts, mesh_lc, mesh_reg = gs_mesh.build_mesh()
                                  ^^^^^^^^^^^^^^^^^^^^
  File "/home/nl2951/OpenFUSIONToolkit/install_release/python/OpenFUSIONToolkit/TokaMaker/meshing.py", line 628, in build_mesh
    raise ValueError('Meshing error: unclaimed region detected!')
ValueError: Meshing error: unclaimed region detected!

2026-06-09 20:53:11,636 pid=587093 weight_fb=1.00e-03 params=[140.2509  24.8517  10.      43.094   41.2543   0.9998   0.       0.9053
   1.       0.8579]
Traceback (most recent call last):
  File "/home/nl2951/alfven/PF_location_optimization/opt_comp_combined_boundary.py", line 185, in _free_boundary_cost
    make_mesh(scan_geom, mesh_file, lim)
  File "/home/nl2951/alfven/PF_location_optimization/opt_comp_combined_boundary.py", line 165, in make_mesh
    mesh_pts, mesh_lc, mesh_reg = gs_mesh.build_mesh()
                                  ^^^^^^^^^^^^^^^^^^^^
  File "/home/nl2951/OpenFUSIONToolkit/install_release/python/OpenFUSIONToolkit/TokaMaker/meshing.py", line 628, in build_mesh
    raise ValueError('Meshing error: unclaimed region detected!')
ValueError: Meshing error: unclaimed region detected!

2026-06-09 21:01:02,441 pid=587093 weight_fb=1.00e-03 params=[140.1092  23.4429  10.      43.5366  42.5099   0.905    0.       0.892
   1.       0.9536]
Traceback (most recent call last):
  File "/home/nl2951/alfven/PF_location_optimization/opt_comp_combined_boundary.py", line 185, in _free_boundary_cost
    make_mesh(scan_geom, mesh_file, lim)
  File "/home/nl2951/alfven/PF_location_optimization/opt_comp_combined_boundary.py", line 165, in make_mesh
    mesh_pts, mesh_lc, mesh_reg = gs_mesh.build_mesh()
                                  ^^^^^^^^^^^^^^^^^^^^
  File "/home/nl2951/OpenFUSIONToolkit/install_release/python/OpenFUSIONToolkit/TokaMaker/meshing.py", line 628, in build_mesh
    raise ValueError('Meshing error: unclaimed region detected!')
ValueError: Meshing error: unclaimed region detected!

2026-06-09 21:02:21,232 pid=587093 weight_fb=1.00e-03 params=[140.9472  21.7732  10.      44.1026  43.0004   1.       0.       0.4741
   1.       0.975 ]
Traceback (most recent call last):
  File "/home/nl2951/alfven/PF_location_optimization/opt_comp_combined_boundary.py", line 185, in _free_boundary_cost
    make_mesh(scan_geom, mesh_file, lim)
  File "/home/nl2951/alfven/PF_location_optimization/opt_comp_combined_boundary.py", line 165, in make_mesh
    mesh_pts, mesh_lc, mesh_reg = gs_mesh.build_mesh()
                                  ^^^^^^^^^^^^^^^^^^^^
  File "/home/nl2951/OpenFUSIONToolkit/install_release/python/OpenFUSIONToolkit/TokaMaker/meshing.py", line 628, in build_mesh
    raise ValueError('Meshing error: unclaimed region detected!')
ValueError: Meshing error: unclaimed region detected!

2026-06-09 21:38:02,994 pid=587093 weight_fb=1.00e-03 params=[4.5720e+01 3.7349e+01 1.0000e+01 8.5630e+01 1.3659e+02 1.0000e+00
 0.0000e+00 6.3599e-01 3.4826e-01 1.0459e-01]
Traceback (most recent call last):
  File "/home/nl2951/alfven/PF_location_optimization/opt_comp_combined_boundary.py", line 213, in _free_boundary_cost
    mygs.solve()
  File "/home/nl2951/OpenFUSIONToolkit/install_release/python/OpenFUSIONToolkit/TokaMaker/_core.py", line 695, in solve
    raise ValueError("Error in solve: {0}".format(error_string.value.decode()))
ValueError: Error in solve: Matrix solve failed for targets         

2026-06-09 21:49:10,035 pid=587093 weight_fb=1.00e-03 params=[148.4713  13.1958  10.      50.6933  48.3448   1.       0.       0.389
   1.       0.9488]
Traceback (most recent call last):
  File "/home/nl2951/alfven/PF_location_optimization/opt_comp_combined_boundary.py", line 185, in _free_boundary_cost
    make_mesh(scan_geom, mesh_file, lim)
  File "/home/nl2951/alfven/PF_location_optimization/opt_comp_combined_boundary.py", line 165, in make_mesh
    mesh_pts, mesh_lc, mesh_reg = gs_mesh.build_mesh()
                                  ^^^^^^^^^^^^^^^^^^^^
  File "/home/nl2951/OpenFUSIONToolkit/install_release/python/OpenFUSIONToolkit/TokaMaker/meshing.py", line 628, in build_mesh
    raise ValueError('Meshing error: unclaimed region detected!')
ValueError: Meshing error: unclaimed region detected!

2026-06-09 21:59:02,031 pid=587093 weight_fb=1.00e-03 params=[1.0000e+01 1.0000e+01 8.4780e+01 1.6551e+02 6.8940e+01 0.0000e+00
 9.6479e-02 8.8365e-01 1.0000e+00 1.1027e-01]
Traceback (most recent call last):
  File "/home/nl2951/alfven/PF_location_optimization/opt_comp_combined_boundary.py", line 185, in _free_boundary_cost
    make_mesh(scan_geom, mesh_file, lim)
  File "/home/nl2951/alfven/PF_location_optimization/opt_comp_combined_boundary.py", line 165, in make_mesh
    mesh_pts, mesh_lc, mesh_reg = gs_mesh.build_mesh()
                                  ^^^^^^^^^^^^^^^^^^^^
  File "/home/nl2951/OpenFUSIONToolkit/install_release/python/OpenFUSIONToolkit/TokaMaker/meshing.py", line 628, in build_mesh
    raise ValueError('Meshing error: unclaimed region detected!')
ValueError: Meshing error: unclaimed region detected!

2026-06-09 22:05:58,471 pid=587093 weight_fb=1.00e-03 params=[1.0000e+01 1.0000e+01 8.4488e+01 1.6516e+02 6.9265e+01 0.0000e+00
 8.7069e-02 4.0085e-01 1.0000e+00 7.2586e-01]
Traceback (most recent call last):
  File "/home/nl2951/alfven/PF_location_optimization/opt_comp_combined_boundary.py", line 185, in _free_boundary_cost
    make_mesh(scan_geom, mesh_file, lim)
  File "/home/nl2951/alfven/PF_location_optimization/opt_comp_combined_boundary.py", line 165, in make_mesh
    mesh_pts, mesh_lc, mesh_reg = gs_mesh.build_mesh()
                                  ^^^^^^^^^^^^^^^^^^^^
  File "/home/nl2951/OpenFUSIONToolkit/install_release/python/OpenFUSIONToolkit/TokaMaker/meshing.py", line 628, in build_mesh
    raise ValueError('Meshing error: unclaimed region detected!')
ValueError: Meshing error: unclaimed region detected!

2026-06-09 22:10:46,326 pid=587093 weight_fb=1.00e-03 params=[1.0000e+01 1.0000e+01 8.4917e+01 1.6425e+02 6.9801e+01 0.0000e+00
 3.3215e-02 3.5884e-01 1.0000e+00 9.3142e-01]
Traceback (most recent call last):
  File "/home/nl2951/alfven/PF_location_optimization/opt_comp_combined_boundary.py", line 185, in _free_boundary_cost
    make_mesh(scan_geom, mesh_file, lim)
  File "/home/nl2951/alfven/PF_location_optimization/opt_comp_combined_boundary.py", line 165, in make_mesh
    mesh_pts, mesh_lc, mesh_reg = gs_mesh.build_mesh()
                                  ^^^^^^^^^^^^^^^^^^^^
  File "/home/nl2951/OpenFUSIONToolkit/install_release/python/OpenFUSIONToolkit/TokaMaker/meshing.py", line 628, in build_mesh
    raise ValueError('Meshing error: unclaimed region detected!')
ValueError: Meshing error: unclaimed region detected!

2026-06-09 23:59:59,322 pid=587093 weight_fb=1.00e-03 params=[1.1703e+02 1.0000e+01 1.0000e+01 3.2758e+01 1.2883e+02 0.0000e+00
 0.0000e+00 8.6626e-02 1.0000e+00 6.8959e-02]
Traceback (most recent call last):
  File "/home/nl2951/alfven/PF_location_optimization/opt_comp_combined_boundary.py", line 185, in _free_boundary_cost
    make_mesh(scan_geom, mesh_file, lim)
  File "/home/nl2951/alfven/PF_location_optimization/opt_comp_combined_boundary.py", line 165, in make_mesh
    mesh_pts, mesh_lc, mesh_reg = gs_mesh.build_mesh()
                                  ^^^^^^^^^^^^^^^^^^^^
  File "/home/nl2951/OpenFUSIONToolkit/install_release/python/OpenFUSIONToolkit/TokaMaker/meshing.py", line 628, in build_mesh
    raise ValueError('Meshing error: unclaimed region detected!')
ValueError: Meshing error: unclaimed region detected!

2026-06-10 00:47:12,487 pid=587093 weight_fb=1.00e-03 params=[1.4287e+02 1.7000e+02 1.0000e+01 9.8740e+01 1.5737e+01 0.0000e+00
 0.0000e+00 8.2909e-01 1.0000e+00 8.8569e-02]
Traceback (most recent call last):
  File "/home/nl2951/alfven/PF_location_optimization/opt_comp_combined_boundary.py", line 213, in _free_boundary_cost
    mygs.solve()
  File "/home/nl2951/OpenFUSIONToolkit/install_release/python/OpenFUSIONToolkit/TokaMaker/_core.py", line 695, in solve
    raise ValueError("Error in solve: {0}".format(error_string.value.decode()))
ValueError: Error in solve: Exceeded "maxits"                       

2026-06-10 01:01:27,573 pid=587093 weight_fb=1.00e-03 params=[ 44.79    37.6581  10.      86.3624 137.6042   1.       0.       0.2609
   0.       0.6845]
Traceback (most recent call last):
  File "/home/nl2951/alfven/PF_location_optimization/opt_comp_combined_boundary.py", line 213, in _free_boundary_cost
    mygs.solve()
  File "/home/nl2951/OpenFUSIONToolkit/install_release/python/OpenFUSIONToolkit/TokaMaker/_core.py", line 695, in solve
    raise ValueError("Error in solve: {0}".format(error_string.value.decode()))
ValueError: Error in solve: Matrix solve failed for targets         

2026-06-10 01:14:19,857 pid=587093 weight_fb=1.00e-03 params=[142.4208 170.      10.      97.8919  10.       0.       0.       0.2897
   1.       0.2251]
Traceback (most recent call last):
  File "/home/nl2951/alfven/PF_location_optimization/opt_comp_combined_boundary.py", line 185, in _free_boundary_cost
    make_mesh(scan_geom, mesh_file, lim)
  File "/home/nl2951/alfven/PF_location_optimization/opt_comp_combined_boundary.py", line 165, in make_mesh
    mesh_pts, mesh_lc, mesh_reg = gs_mesh.build_mesh()
                                  ^^^^^^^^^^^^^^^^^^^^
  File "/home/nl2951/OpenFUSIONToolkit/install_release/python/OpenFUSIONToolkit/TokaMaker/meshing.py", line 628, in build_mesh
    raise ValueError('Meshing error: unclaimed region detected!')
ValueError: Meshing error: unclaimed region detected!

2026-06-10 01:17:23,544 pid=587093 weight_fb=1.00e-03 params=[143.1074 170.      10.      97.5972  10.       0.       0.       0.3841
   1.       0.4666]
Traceback (most recent call last):
  File "/home/nl2951/alfven/PF_location_optimization/opt_comp_combined_boundary.py", line 185, in _free_boundary_cost
    make_mesh(scan_geom, mesh_file, lim)
  File "/home/nl2951/alfven/PF_location_optimization/opt_comp_combined_boundary.py", line 165, in make_mesh
    mesh_pts, mesh_lc, mesh_reg = gs_mesh.build_mesh()
                                  ^^^^^^^^^^^^^^^^^^^^
  File "/home/nl2951/OpenFUSIONToolkit/install_release/python/OpenFUSIONToolkit/TokaMaker/meshing.py", line 628, in build_mesh
    raise ValueError('Meshing error: unclaimed region detected!')
ValueError: Meshing error: unclaimed region detected!

2026-06-10 01:20:46,743 pid=587093 weight_fb=1.00e-03 params=[4.2669e+01 3.6641e+01 1.0000e+01 8.5778e+01 1.3971e+02 1.0000e+00
 0.0000e+00 5.1133e-02 0.0000e+00 3.1931e-01]
Traceback (most recent call last):
  File "/home/nl2951/alfven/PF_location_optimization/opt_comp_combined_boundary.py", line 213, in _free_boundary_cost
    mygs.solve()
  File "/home/nl2951/OpenFUSIONToolkit/install_release/python/OpenFUSIONToolkit/TokaMaker/_core.py", line 695, in solve
    raise ValueError("Error in solve: {0}".format(error_string.value.decode()))
ValueError: Error in solve: Matrix solve failed for targets         

2026-06-10 01:41:17,782 pid=587093 weight_fb=1.00e-03 params=[ 10.     150.3713 170.     116.2733  10.       0.3799   0.       0.8464
   0.       0.377 ]
Traceback (most recent call last):
  File "/home/nl2951/alfven/PF_location_optimization/opt_comp_combined_boundary.py", line 185, in _free_boundary_cost
    make_mesh(scan_geom, mesh_file, lim)
  File "/home/nl2951/alfven/PF_location_optimization/opt_comp_combined_boundary.py", line 165, in make_mesh
    mesh_pts, mesh_lc, mesh_reg = gs_mesh.build_mesh()
                                  ^^^^^^^^^^^^^^^^^^^^
  File "/home/nl2951/OpenFUSIONToolkit/install_release/python/OpenFUSIONToolkit/TokaMaker/meshing.py", line 628, in build_mesh
    raise ValueError('Meshing error: unclaimed region detected!')
ValueError: Meshing error: unclaimed region detected!

2026-06-10 01:42:47,437 pid=587093 weight_fb=1.00e-03 params=[147.2448 170.      10.      97.7888  10.       0.       0.       0.7474
   1.       0.8349]
Traceback (most recent call last):
  File "/home/nl2951/alfven/PF_location_optimization/opt_comp_combined_boundary.py", line 185, in _free_boundary_cost
    make_mesh(scan_geom, mesh_file, lim)
  File "/home/nl2951/alfven/PF_location_optimization/opt_comp_combined_boundary.py", line 165, in make_mesh
    mesh_pts, mesh_lc, mesh_reg = gs_mesh.build_mesh()
                                  ^^^^^^^^^^^^^^^^^^^^
  File "/home/nl2951/OpenFUSIONToolkit/install_release/python/OpenFUSIONToolkit/TokaMaker/meshing.py", line 628, in build_mesh
    raise ValueError('Meshing error: unclaimed region detected!')
ValueError: Meshing error: unclaimed region detected!

2026-06-10 02:17:26,529 pid=587093 weight_fb=1.00e-03 params=[ 40.9898  35.7004  10.      85.1537 141.3615   1.       0.       0.834
   0.       0.1965]
Traceback (most recent call last):
  File "/home/nl2951/alfven/PF_location_optimization/opt_comp_combined_boundary.py", line 213, in _free_boundary_cost
    mygs.solve()
  File "/home/nl2951/OpenFUSIONToolkit/install_release/python/OpenFUSIONToolkit/TokaMaker/_core.py", line 695, in solve
    raise ValueError("Error in solve: {0}".format(error_string.value.decode()))
ValueError: Error in solve: Exceeded "maxits"                       

2026-06-10 02:31:11,230 pid=587093 weight_fb=1.00e-03 params=[1.0000e+01 1.6824e+02 1.4459e+02 1.2279e+02 1.0000e+01 0.0000e+00
 0.0000e+00 2.2930e-01 0.0000e+00 7.0041e-02]
Traceback (most recent call last):
  File "/home/nl2951/alfven/PF_location_optimization/opt_comp_combined_boundary.py", line 185, in _free_boundary_cost
    make_mesh(scan_geom, mesh_file, lim)
  File "/home/nl2951/alfven/PF_location_optimization/opt_comp_combined_boundary.py", line 165, in make_mesh
    mesh_pts, mesh_lc, mesh_reg = gs_mesh.build_mesh()
                                  ^^^^^^^^^^^^^^^^^^^^
  File "/home/nl2951/OpenFUSIONToolkit/install_release/python/OpenFUSIONToolkit/TokaMaker/meshing.py", line 628, in build_mesh
    raise ValueError('Meshing error: unclaimed region detected!')
ValueError: Meshing error: unclaimed region detected!

2026-06-10 02:54:38,836 pid=587093 weight_fb=1.00e-03 params=[1.0000e+01 1.6899e+02 1.4547e+02 1.2316e+02 1.0000e+01 0.0000e+00
 0.0000e+00 1.3834e-01 0.0000e+00 2.7561e-02]
Traceback (most recent call last):
  File "/home/nl2951/alfven/PF_location_optimization/opt_comp_combined_boundary.py", line 185, in _free_boundary_cost
    make_mesh(scan_geom, mesh_file, lim)
  File "/home/nl2951/alfven/PF_location_optimization/opt_comp_combined_boundary.py", line 165, in make_mesh
    mesh_pts, mesh_lc, mesh_reg = gs_mesh.build_mesh()
                                  ^^^^^^^^^^^^^^^^^^^^
  File "/home/nl2951/OpenFUSIONToolkit/install_release/python/OpenFUSIONToolkit/TokaMaker/meshing.py", line 628, in build_mesh
    raise ValueError('Meshing error: unclaimed region detected!')
ValueError: Meshing error: unclaimed region detected!

2026-06-10 03:01:54,187 pid=587093 weight_fb=1.00e-03 params=[108.0098 114.1389  10.      40.2515  29.5541   0.       0.       0.6322
   1.       0.6388]
Traceback (most recent call last):
  File "/home/nl2951/alfven/PF_location_optimization/opt_comp_combined_boundary.py", line 185, in _free_boundary_cost
    make_mesh(scan_geom, mesh_file, lim)
  File "/home/nl2951/alfven/PF_location_optimization/opt_comp_combined_boundary.py", line 165, in make_mesh
    mesh_pts, mesh_lc, mesh_reg = gs_mesh.build_mesh()
                                  ^^^^^^^^^^^^^^^^^^^^
  File "/home/nl2951/OpenFUSIONToolkit/install_release/python/OpenFUSIONToolkit/TokaMaker/meshing.py", line 628, in build_mesh
    raise ValueError('Meshing error: unclaimed region detected!')
ValueError: Meshing error: unclaimed region detected!

2026-06-10 03:17:50,557 pid=587093 weight_fb=1.00e-03 params=[5.7747e+01 5.7141e+01 6.9327e+01 1.0000e+01 1.7000e+02 0.0000e+00
 1.5992e-01 7.1028e-02 1.0000e+00 2.0288e-01]
Traceback (most recent call last):
  File "/home/nl2951/alfven/PF_location_optimization/opt_comp_combined_boundary.py", line 185, in _free_boundary_cost
    make_mesh(scan_geom, mesh_file, lim)
  File "/home/nl2951/alfven/PF_location_optimization/opt_comp_combined_boundary.py", line 165, in make_mesh
    mesh_pts, mesh_lc, mesh_reg = gs_mesh.build_mesh()
                                  ^^^^^^^^^^^^^^^^^^^^
  File "/home/nl2951/OpenFUSIONToolkit/install_release/python/OpenFUSIONToolkit/TokaMaker/meshing.py", line 628, in build_mesh
    raise ValueError('Meshing error: unclaimed region detected!')
ValueError: Meshing error: unclaimed region detected!

2026-06-10 03:36:36,599 pid=587093 weight_fb=1.00e-03 params=[ 10.     111.4478  68.0942  84.7988  10.       0.5084   0.       0.1931
   0.       0.9323]
Traceback (most recent call last):
  File "/home/nl2951/alfven/PF_location_optimization/opt_comp_combined_boundary.py", line 213, in _free_boundary_cost
    mygs.solve()
  File "/home/nl2951/OpenFUSIONToolkit/install_release/python/OpenFUSIONToolkit/TokaMaker/_core.py", line 695, in solve
    raise ValueError("Error in solve: {0}".format(error_string.value.decode()))
ValueError: Error in solve: Exceeded "maxits"                       

2026-06-10 03:49:06,609 pid=587093 weight_fb=1.00e-03 params=[ 10.     111.2786  67.789   85.6422  10.       1.       0.       0.1458
   0.       0.477 ]
Traceback (most recent call last):
  File "/home/nl2951/alfven/PF_location_optimization/opt_comp_combined_boundary.py", line 213, in _free_boundary_cost
    mygs.solve()
  File "/home/nl2951/OpenFUSIONToolkit/install_release/python/OpenFUSIONToolkit/TokaMaker/_core.py", line 695, in solve
    raise ValueError("Error in solve: {0}".format(error_string.value.decode()))
ValueError: Error in solve: Exceeded "maxits"                       

2026-06-10 03:59:06,375 pid=587093 weight_fb=1.00e-03 params=[121.2085  10.      10.      32.8674 125.8411   0.       0.       0.7497
   1.       0.    ]
Traceback (most recent call last):
  File "/home/nl2951/alfven/PF_location_optimization/opt_comp_combined_boundary.py", line 185, in _free_boundary_cost
    make_mesh(scan_geom, mesh_file, lim)
  File "/home/nl2951/alfven/PF_location_optimization/opt_comp_combined_boundary.py", line 165, in make_mesh
    mesh_pts, mesh_lc, mesh_reg = gs_mesh.build_mesh()
                                  ^^^^^^^^^^^^^^^^^^^^
  File "/home/nl2951/OpenFUSIONToolkit/install_release/python/OpenFUSIONToolkit/TokaMaker/meshing.py", line 628, in build_mesh
    raise ValueError('Meshing error: unclaimed region detected!')
ValueError: Meshing error: unclaimed region detected!

2026-06-10 04:00:49,207 pid=587093 weight_fb=1.00e-03 params=[122.4966  10.      10.      33.1965 127.034    0.       0.       0.9436
   1.       0.    ]
Traceback (most recent call last):
  File "/home/nl2951/alfven/PF_location_optimization/opt_comp_combined_boundary.py", line 185, in _free_boundary_cost
    make_mesh(scan_geom, mesh_file, lim)
  File "/home/nl2951/alfven/PF_location_optimization/opt_comp_combined_boundary.py", line 165, in make_mesh
    mesh_pts, mesh_lc, mesh_reg = gs_mesh.build_mesh()
                                  ^^^^^^^^^^^^^^^^^^^^
  File "/home/nl2951/OpenFUSIONToolkit/install_release/python/OpenFUSIONToolkit/TokaMaker/meshing.py", line 628, in build_mesh
    raise ValueError('Meshing error: unclaimed region detected!')
ValueError: Meshing error: unclaimed region detected!

2026-06-10 04:02:35,623 pid=587093 weight_fb=1.00e-03 params=[121.6466  10.      10.      33.2625 125.2003   0.       0.2316   0.5971
   1.       0.    ]
Traceback (most recent call last):
  File "/home/nl2951/alfven/PF_location_optimization/opt_comp_combined_boundary.py", line 185, in _free_boundary_cost
    make_mesh(scan_geom, mesh_file, lim)
  File "/home/nl2951/alfven/PF_location_optimization/opt_comp_combined_boundary.py", line 165, in make_mesh
    mesh_pts, mesh_lc, mesh_reg = gs_mesh.build_mesh()
                                  ^^^^^^^^^^^^^^^^^^^^
  File "/home/nl2951/OpenFUSIONToolkit/install_release/python/OpenFUSIONToolkit/TokaMaker/meshing.py", line 628, in build_mesh
    raise ValueError('Meshing error: unclaimed region detected!')
ValueError: Meshing error: unclaimed region detected!

2026-06-10 04:08:36,417 pid=587093 weight_fb=1.00e-03 params=[ 57.6717  58.131   66.5321  10.     163.4701   0.       0.       0.7877
   1.       0.    ]
Traceback (most recent call last):
  File "/home/nl2951/alfven/PF_location_optimization/opt_comp_combined_boundary.py", line 185, in _free_boundary_cost
    make_mesh(scan_geom, mesh_file, lim)
  File "/home/nl2951/alfven/PF_location_optimization/opt_comp_combined_boundary.py", line 165, in make_mesh
    mesh_pts, mesh_lc, mesh_reg = gs_mesh.build_mesh()
                                  ^^^^^^^^^^^^^^^^^^^^
  File "/home/nl2951/OpenFUSIONToolkit/install_release/python/OpenFUSIONToolkit/TokaMaker/meshing.py", line 628, in build_mesh
    raise ValueError('Meshing error: unclaimed region detected!')
ValueError: Meshing error: unclaimed region detected!

2026-06-10 04:10:43,168 pid=587093 weight_fb=1.00e-03 params=[5.9464e+01 5.8060e+01 6.8067e+01 1.0000e+01 1.6215e+02 0.0000e+00
 8.2108e-02 4.5588e-01 1.0000e+00 0.0000e+00]
Traceback (most recent call last):
  File "/home/nl2951/alfven/PF_location_optimization/opt_comp_combined_boundary.py", line 185, in _free_boundary_cost
    make_mesh(scan_geom, mesh_file, lim)
  File "/home/nl2951/alfven/PF_location_optimization/opt_comp_combined_boundary.py", line 165, in make_mesh
    mesh_pts, mesh_lc, mesh_reg = gs_mesh.build_mesh()
                                  ^^^^^^^^^^^^^^^^^^^^
  File "/home/nl2951/OpenFUSIONToolkit/install_release/python/OpenFUSIONToolkit/TokaMaker/meshing.py", line 628, in build_mesh
    raise ValueError('Meshing error: unclaimed region detected!')
ValueError: Meshing error: unclaimed region detected!

2026-06-10 04:28:05,252 pid=587093 weight_fb=1.00e-03 params=[ 54.6844  10.      57.3681  71.2213 130.9246   0.6817   0.       0.7397
   0.       0.    ]
Traceback (most recent call last):
  File "/home/nl2951/alfven/PF_location_optimization/opt_comp_combined_boundary.py", line 185, in _free_boundary_cost
    make_mesh(scan_geom, mesh_file, lim)
  File "/home/nl2951/alfven/PF_location_optimization/opt_comp_combined_boundary.py", line 165, in make_mesh
    mesh_pts, mesh_lc, mesh_reg = gs_mesh.build_mesh()
                                  ^^^^^^^^^^^^^^^^^^^^
  File "/home/nl2951/OpenFUSIONToolkit/install_release/python/OpenFUSIONToolkit/TokaMaker/meshing.py", line 628, in build_mesh
    raise ValueError('Meshing error: unclaimed region detected!')
ValueError: Meshing error: unclaimed region detected!

2026-06-10 04:36:33,666 pid=587093 weight_fb=1.00e-03 params=[1.0000e+01 1.0593e+01 8.5276e+01 1.5177e+02 6.2721e+01 0.0000e+00
 0.0000e+00 1.1275e-01 0.0000e+00 0.0000e+00]
Traceback (most recent call last):
  File "/home/nl2951/alfven/PF_location_optimization/opt_comp_combined_boundary.py", line 185, in _free_boundary_cost
    make_mesh(scan_geom, mesh_file, lim)
  File "/home/nl2951/alfven/PF_location_optimization/opt_comp_combined_boundary.py", line 165, in make_mesh
    mesh_pts, mesh_lc, mesh_reg = gs_mesh.build_mesh()
                                  ^^^^^^^^^^^^^^^^^^^^
  File "/home/nl2951/OpenFUSIONToolkit/install_release/python/OpenFUSIONToolkit/TokaMaker/meshing.py", line 628, in build_mesh
    raise ValueError('Meshing error: unclaimed region detected!')
ValueError: Meshing error: unclaimed region detected!

2026-06-10 05:19:56,571 pid=587093 weight_fb=1.00e-03 params=[1.0000e+01 6.4676e+01 1.7000e+02 9.8037e+01 9.6171e+01 1.0000e+00
 0.0000e+00 3.1091e-02 0.0000e+00 0.0000e+00]
Traceback (most recent call last):
  File "/home/nl2951/alfven/PF_location_optimization/opt_comp_combined_boundary.py", line 185, in _free_boundary_cost
    make_mesh(scan_geom, mesh_file, lim)
  File "/home/nl2951/alfven/PF_location_optimization/opt_comp_combined_boundary.py", line 165, in make_mesh
    mesh_pts, mesh_lc, mesh_reg = gs_mesh.build_mesh()
                                  ^^^^^^^^^^^^^^^^^^^^
  File "/home/nl2951/OpenFUSIONToolkit/install_release/python/OpenFUSIONToolkit/TokaMaker/meshing.py", line 628, in build_mesh
    raise ValueError('Meshing error: unclaimed region detected!')
ValueError: Meshing error: unclaimed region detected!

2026-06-10 05:35:47,248 pid=587093 weight_fb=1.00e-03 params=[ 10.      10.067   81.1922 150.9654  64.8329   0.       0.       0.1893
   0.       0.    ]
Traceback (most recent call last):
  File "/home/nl2951/alfven/PF_location_optimization/opt_comp_combined_boundary.py", line 185, in _free_boundary_cost
    make_mesh(scan_geom, mesh_file, lim)
  File "/home/nl2951/alfven/PF_location_optimization/opt_comp_combined_boundary.py", line 165, in make_mesh
    mesh_pts, mesh_lc, mesh_reg = gs_mesh.build_mesh()
                                  ^^^^^^^^^^^^^^^^^^^^
  File "/home/nl2951/OpenFUSIONToolkit/install_release/python/OpenFUSIONToolkit/TokaMaker/meshing.py", line 628, in build_mesh
    raise ValueError('Meshing error: unclaimed region detected!')
ValueError: Meshing error: unclaimed region detected!

2026-06-10 05:42:58,527 pid=587093 weight_fb=1.00e-03 params=[ 10.      10.6547  80.8896 150.5882  63.949    0.       0.       0.4948
   0.       0.    ]
Traceback (most recent call last):
  File "/home/nl2951/alfven/PF_location_optimization/opt_comp_combined_boundary.py", line 185, in _free_boundary_cost
    make_mesh(scan_geom, mesh_file, lim)
  File "/home/nl2951/alfven/PF_location_optimization/opt_comp_combined_boundary.py", line 165, in make_mesh
    mesh_pts, mesh_lc, mesh_reg = gs_mesh.build_mesh()
                                  ^^^^^^^^^^^^^^^^^^^^
  File "/home/nl2951/OpenFUSIONToolkit/install_release/python/OpenFUSIONToolkit/TokaMaker/meshing.py", line 628, in build_mesh
    raise ValueError('Meshing error: unclaimed region detected!')
ValueError: Meshing error: unclaimed region detected!

2026-06-10 05:44:58,985 pid=587093 weight_fb=1.00e-03 params=[ 10.      10.6929  81.7581 150.242   63.3094   0.       0.       0.8559
   0.       0.    ]
Traceback (most recent call last):
  File "/home/nl2951/alfven/PF_location_optimization/opt_comp_combined_boundary.py", line 185, in _free_boundary_cost
    make_mesh(scan_geom, mesh_file, lim)
  File "/home/nl2951/alfven/PF_location_optimization/opt_comp_combined_boundary.py", line 165, in make_mesh
    mesh_pts, mesh_lc, mesh_reg = gs_mesh.build_mesh()
                                  ^^^^^^^^^^^^^^^^^^^^
  File "/home/nl2951/OpenFUSIONToolkit/install_release/python/OpenFUSIONToolkit/TokaMaker/meshing.py", line 628, in build_mesh
    raise ValueError('Meshing error: unclaimed region detected!')
ValueError: Meshing error: unclaimed region detected!

2026-06-10 05:51:56,438 pid=587093 weight_fb=1.00e-03 params=[ 51.9876  10.     138.15    64.7305  51.0952   1.       0.       0.804
   1.       1.    ]
Traceback (most recent call last):
  File "/home/nl2951/alfven/PF_location_optimization/opt_comp_combined_boundary.py", line 185, in _free_boundary_cost
    make_mesh(scan_geom, mesh_file, lim)
  File "/home/nl2951/alfven/PF_location_optimization/opt_comp_combined_boundary.py", line 165, in make_mesh
    mesh_pts, mesh_lc, mesh_reg = gs_mesh.build_mesh()
                                  ^^^^^^^^^^^^^^^^^^^^
  File "/home/nl2951/OpenFUSIONToolkit/install_release/python/OpenFUSIONToolkit/TokaMaker/meshing.py", line 628, in build_mesh
    raise ValueError('Meshing error: unclaimed region detected!')
ValueError: Meshing error: unclaimed region detected!

2026-06-10 06:17:57,916 pid=587093 weight_fb=1.00e-03 params=[ 58.78    59.0861  10.     125.2919  64.4561   0.       0.       0.205
   0.       0.    ]
Traceback (most recent call last):
  File "/home/nl2951/alfven/PF_location_optimization/opt_comp_combined_boundary.py", line 185, in _free_boundary_cost
    make_mesh(scan_geom, mesh_file, lim)
  File "/home/nl2951/alfven/PF_location_optimization/opt_comp_combined_boundary.py", line 165, in make_mesh
    mesh_pts, mesh_lc, mesh_reg = gs_mesh.build_mesh()
                                  ^^^^^^^^^^^^^^^^^^^^
  File "/home/nl2951/OpenFUSIONToolkit/install_release/python/OpenFUSIONToolkit/TokaMaker/meshing.py", line 628, in build_mesh
    raise ValueError('Meshing error: unclaimed region detected!')
ValueError: Meshing error: unclaimed region detected!

2026-06-10 06:32:39,756 pid=587093 weight_fb=1.00e-03 params=[ 60.5161  58.2475  10.     124.4371  65.2439   0.       0.       0.5047
   0.       0.    ]
Traceback (most recent call last):
  File "/home/nl2951/alfven/PF_location_optimization/opt_comp_combined_boundary.py", line 185, in _free_boundary_cost
    make_mesh(scan_geom, mesh_file, lim)
  File "/home/nl2951/alfven/PF_location_optimization/opt_comp_combined_boundary.py", line 165, in make_mesh
    mesh_pts, mesh_lc, mesh_reg = gs_mesh.build_mesh()
                                  ^^^^^^^^^^^^^^^^^^^^
  File "/home/nl2951/OpenFUSIONToolkit/install_release/python/OpenFUSIONToolkit/TokaMaker/meshing.py", line 628, in build_mesh
    raise ValueError('Meshing error: unclaimed region detected!')
ValueError: Meshing error: unclaimed region detected!

2026-06-10 06:57:48,540 pid=587093 weight_fb=1.00e-03 params=[ 55.7485  71.0109  10.     124.7594  68.8847   0.5905   0.       0.7158
   0.       0.    ]
Traceback (most recent call last):
  File "/home/nl2951/alfven/PF_location_optimization/opt_comp_combined_boundary.py", line 185, in _free_boundary_cost
    make_mesh(scan_geom, mesh_file, lim)
  File "/home/nl2951/alfven/PF_location_optimization/opt_comp_combined_boundary.py", line 165, in make_mesh
    mesh_pts, mesh_lc, mesh_reg = gs_mesh.build_mesh()
                                  ^^^^^^^^^^^^^^^^^^^^
  File "/home/nl2951/OpenFUSIONToolkit/install_release/python/OpenFUSIONToolkit/TokaMaker/meshing.py", line 628, in build_mesh
    raise ValueError('Meshing error: unclaimed region detected!')
ValueError: Meshing error: unclaimed region detected!

2026-06-10 07:13:57,026 pid=587093 weight_fb=1.00e-03 params=[ 55.4451  73.0869  10.     123.562   69.7525   1.       0.       0.7944
   0.2606   0.    ]
Traceback (most recent call last):
  File "/home/nl2951/alfven/PF_location_optimization/opt_comp_combined_boundary.py", line 185, in _free_boundary_cost
    make_mesh(scan_geom, mesh_file, lim)
  File "/home/nl2951/alfven/PF_location_optimization/opt_comp_combined_boundary.py", line 165, in make_mesh
    mesh_pts, mesh_lc, mesh_reg = gs_mesh.build_mesh()
                                  ^^^^^^^^^^^^^^^^^^^^
  File "/home/nl2951/OpenFUSIONToolkit/install_release/python/OpenFUSIONToolkit/TokaMaker/meshing.py", line 628, in build_mesh
    raise ValueError('Meshing error: unclaimed region detected!')
ValueError: Meshing error: unclaimed region detected!

2026-06-10 07:18:46,419 pid=587093 weight_fb=1.00e-03 params=[ 56.3673  74.4203  10.     120.2352  72.0215   1.       0.       1.
   0.2919   0.    ]
Traceback (most recent call last):
  File "/home/nl2951/alfven/PF_location_optimization/opt_comp_combined_boundary.py", line 185, in _free_boundary_cost
    make_mesh(scan_geom, mesh_file, lim)
  File "/home/nl2951/alfven/PF_location_optimization/opt_comp_combined_boundary.py", line 165, in make_mesh
    mesh_pts, mesh_lc, mesh_reg = gs_mesh.build_mesh()
                                  ^^^^^^^^^^^^^^^^^^^^
  File "/home/nl2951/OpenFUSIONToolkit/install_release/python/OpenFUSIONToolkit/TokaMaker/meshing.py", line 628, in build_mesh
    raise ValueError('Meshing error: unclaimed region detected!')
ValueError: Meshing error: unclaimed region detected!

2026-06-10 08:30:46,614 pid=587093 weight_fb=1.00e-03 params=[1.7000e+02 1.0000e+01 8.5263e+01 1.0000e+01 1.6180e+02 0.0000e+00
 0.0000e+00 8.0384e-01 1.0000e+00 1.1283e-02]
Traceback (most recent call last):
  File "/home/nl2951/alfven/PF_location_optimization/opt_comp_combined_boundary.py", line 213, in _free_boundary_cost
    mygs.solve()
  File "/home/nl2951/OpenFUSIONToolkit/install_release/python/OpenFUSIONToolkit/TokaMaker/_core.py", line 695, in solve
    raise ValueError("Error in solve: {0}".format(error_string.value.decode()))
ValueError: Error in solve: Exceeded "maxits"                       

2026-06-10 08:39:47,453 pid=587093 weight_fb=1.00e-03 params=[170.      10.      80.3325  10.     155.2739   0.       0.       0.8531
   1.       0.    ]
Traceback (most recent call last):
  File "/home/nl2951/alfven/PF_location_optimization/opt_comp_combined_boundary.py", line 213, in _free_boundary_cost
    mygs.solve()
  File "/home/nl2951/OpenFUSIONToolkit/install_release/python/OpenFUSIONToolkit/TokaMaker/_core.py", line 695, in solve
    raise ValueError("Error in solve: {0}".format(error_string.value.decode()))
ValueError: Error in solve: Exceeded "maxits"                       

2026-06-10 09:15:57,757 pid=587093 weight_fb=1.00e-03 params=[ 60.3622  10.     131.9923  61.6486  47.1082   1.       0.       0.4746
   1.       1.    ]
Traceback (most recent call last):
  File "/home/nl2951/alfven/PF_location_optimization/opt_comp_combined_boundary.py", line 185, in _free_boundary_cost
    make_mesh(scan_geom, mesh_file, lim)
  File "/home/nl2951/alfven/PF_location_optimization/opt_comp_combined_boundary.py", line 165, in make_mesh
    mesh_pts, mesh_lc, mesh_reg = gs_mesh.build_mesh()
                                  ^^^^^^^^^^^^^^^^^^^^
  File "/home/nl2951/OpenFUSIONToolkit/install_release/python/OpenFUSIONToolkit/TokaMaker/meshing.py", line 628, in build_mesh
    raise ValueError('Meshing error: unclaimed region detected!')
ValueError: Meshing error: unclaimed region detected!

2026-06-10 09:18:36,473 pid=587093 weight_fb=1.00e-03 params=[ 61.3011  10.     132.2117  61.4633  47.2452   1.       0.       0.178
   1.       1.    ]
Traceback (most recent call last):
  File "/home/nl2951/alfven/PF_location_optimization/opt_comp_combined_boundary.py", line 185, in _free_boundary_cost
    make_mesh(scan_geom, mesh_file, lim)
  File "/home/nl2951/alfven/PF_location_optimization/opt_comp_combined_boundary.py", line 165, in make_mesh
    mesh_pts, mesh_lc, mesh_reg = gs_mesh.build_mesh()
                                  ^^^^^^^^^^^^^^^^^^^^
  File "/home/nl2951/OpenFUSIONToolkit/install_release/python/OpenFUSIONToolkit/TokaMaker/meshing.py", line 628, in build_mesh
    raise ValueError('Meshing error: unclaimed region detected!')
ValueError: Meshing error: unclaimed region detected!

2026-06-10 09:38:14,605 pid=587093 weight_fb=1.00e-03 params=[106.0286 112.0252  10.      36.0891  52.5246   0.       0.       1.
   1.       1.    ]
Traceback (most recent call last):
  File "/home/nl2951/alfven/PF_location_optimization/opt_comp_combined_boundary.py", line 185, in _free_boundary_cost
    make_mesh(scan_geom, mesh_file, lim)
  File "/home/nl2951/alfven/PF_location_optimization/opt_comp_combined_boundary.py", line 165, in make_mesh
    mesh_pts, mesh_lc, mesh_reg = gs_mesh.build_mesh()
                                  ^^^^^^^^^^^^^^^^^^^^
  File "/home/nl2951/OpenFUSIONToolkit/install_release/python/OpenFUSIONToolkit/TokaMaker/meshing.py", line 628, in build_mesh
    raise ValueError('Meshing error: unclaimed region detected!')
ValueError: Meshing error: unclaimed region detected!

2026-06-10 11:29:59,902 pid=587093 weight_fb=1.00e-03 params=[ 94.379   82.635  119.0084  10.     104.1938   0.       0.       0.
   1.       0.    ]
Traceback (most recent call last):
  File "/home/nl2951/alfven/PF_location_optimization/opt_comp_combined_boundary.py", line 213, in _free_boundary_cost
    mygs.solve()
  File "/home/nl2951/OpenFUSIONToolkit/install_release/python/OpenFUSIONToolkit/TokaMaker/_core.py", line 695, in solve
    raise ValueError("Error in solve: {0}".format(error_string.value.decode()))
ValueError: Error in solve: Matrix solve failed for targets         

2026-06-10 11:49:11,589 pid=587093 weight_fb=1.00e-03 params=[7.0603e+01 6.5052e+01 1.0718e+02 1.0000e+01 1.0600e+02 0.0000e+00
 6.2791e-01 1.4401e-02 3.0648e-01 0.0000e+00]
Traceback (most recent call last):
  File "/home/nl2951/alfven/PF_location_optimization/opt_comp_combined_boundary.py", line 185, in _free_boundary_cost
    make_mesh(scan_geom, mesh_file, lim)
  File "/home/nl2951/alfven/PF_location_optimization/opt_comp_combined_boundary.py", line 165, in make_mesh
    mesh_pts, mesh_lc, mesh_reg = gs_mesh.build_mesh()
                                  ^^^^^^^^^^^^^^^^^^^^
  File "/home/nl2951/OpenFUSIONToolkit/install_release/python/OpenFUSIONToolkit/TokaMaker/meshing.py", line 628, in build_mesh
    raise ValueError('Meshing error: unclaimed region detected!')
ValueError: Meshing error: unclaimed region detected!

2026-06-10 12:11:00,351 pid=587093 weight_fb=1.00e-03 params=[3.8578e+01 7.6738e+01 7.3908e+01 1.0000e+01 1.4913e+02 0.0000e+00
 0.0000e+00 1.8852e-02 1.0000e+00 0.0000e+00]
Traceback (most recent call last):
  File "/home/nl2951/alfven/PF_location_optimization/opt_comp_combined_boundary.py", line 185, in _free_boundary_cost
    make_mesh(scan_geom, mesh_file, lim)
  File "/home/nl2951/alfven/PF_location_optimization/opt_comp_combined_boundary.py", line 165, in make_mesh
    mesh_pts, mesh_lc, mesh_reg = gs_mesh.build_mesh()
                                  ^^^^^^^^^^^^^^^^^^^^
  File "/home/nl2951/OpenFUSIONToolkit/install_release/python/OpenFUSIONToolkit/TokaMaker/meshing.py", line 628, in build_mesh
    raise ValueError('Meshing error: unclaimed region detected!')
ValueError: Meshing error: unclaimed region detected!

2026-06-10 12:23:36,694 pid=587093 weight_fb=1.00e-03 params=[ 38.145   75.9195  75.5015  10.     149.2135   0.       0.       0.2693
   1.       0.    ]
Traceback (most recent call last):
  File "/home/nl2951/alfven/PF_location_optimization/opt_comp_combined_boundary.py", line 185, in _free_boundary_cost
    make_mesh(scan_geom, mesh_file, lim)
  File "/home/nl2951/alfven/PF_location_optimization/opt_comp_combined_boundary.py", line 165, in make_mesh
    mesh_pts, mesh_lc, mesh_reg = gs_mesh.build_mesh()
                                  ^^^^^^^^^^^^^^^^^^^^
  File "/home/nl2951/OpenFUSIONToolkit/install_release/python/OpenFUSIONToolkit/TokaMaker/meshing.py", line 628, in build_mesh
    raise ValueError('Meshing error: unclaimed region detected!')
ValueError: Meshing error: unclaimed region detected!

2026-06-10 12:42:12,007 pid=587093 weight_fb=1.00e-03 params=[7.8830e+01 8.1308e+01 9.2715e+01 5.7214e+01 1.0000e+01 0.0000e+00
 3.6362e-03 9.4504e-01 1.0000e+00 1.0000e+00]
Traceback (most recent call last):
  File "/home/nl2951/alfven/PF_location_optimization/opt_comp_combined_boundary.py", line 185, in _free_boundary_cost
    make_mesh(scan_geom, mesh_file, lim)
  File "/home/nl2951/alfven/PF_location_optimization/opt_comp_combined_boundary.py", line 165, in make_mesh
    mesh_pts, mesh_lc, mesh_reg = gs_mesh.build_mesh()
                                  ^^^^^^^^^^^^^^^^^^^^
  File "/home/nl2951/OpenFUSIONToolkit/install_release/python/OpenFUSIONToolkit/TokaMaker/meshing.py", line 628, in build_mesh
    raise ValueError('Meshing error: unclaimed region detected!')
ValueError: Meshing error: unclaimed region detected!

2026-06-10 12:45:04,735 pid=587093 weight_fb=1.00e-03 params=[ 10.     116.2907  10.      63.3704  24.6617   0.5947   0.7649   0.5648
   0.6675   0.6464]
Traceback (most recent call last):
  File "/home/nl2951/alfven/PF_location_optimization/opt_comp_combined_boundary.py", line 185, in _free_boundary_cost
    make_mesh(scan_geom, mesh_file, lim)
  File "/home/nl2951/alfven/PF_location_optimization/opt_comp_combined_boundary.py", line 165, in make_mesh
    mesh_pts, mesh_lc, mesh_reg = gs_mesh.build_mesh()
                                  ^^^^^^^^^^^^^^^^^^^^
  File "/home/nl2951/OpenFUSIONToolkit/install_release/python/OpenFUSIONToolkit/TokaMaker/meshing.py", line 628, in build_mesh
    raise ValueError('Meshing error: unclaimed region detected!')
ValueError: Meshing error: unclaimed region detected!

