{
  "optimization_settings": {
    "method": "brute_force_sobol",
    "num_coils": 2,
    "n_samples": 262144,
    "omega": 1e-07,
    "dist_th": 5.0,
    "reg_in": 1e-07,
    "rfil": 0.01
  },
  "best_cost": 0.0030923199636146595,
  "best_flux_err": 0.0030923199636146595,
  "n_evals": 262144,
  "time": 286.2666370868683,
  "parameters": {
    "thetas": [
      156.31167888641357,
      13.876735270023346
    ],
    "radials": [
      0.7816742826253176,
      0.16808438766747713
    ]
  },
  "coil_positions_top": [
    [
      0.8576122065595513,
      0.7267688160992438
    ],
    [
      2.5075781772758345,
      0.4428536053796722
    ]
  ],
  "coil_currents": [
    52568.37029688101,
    52522.07239537637,
    12224.776661693753,
    13967.66823499001
  ]
}