{
  "optimization_settings": {
    "method": "brute_force_sobol",
    "num_coils": 2,
    "n_samples": 262144,
    "omega": 1e-07,
    "dist_th": 5.0,
    "reg_in": 1e-08,
    "rfil": 0.01
  },
  "best_cost": 0.0030340928777113267,
  "best_flux_err": 0.0030340928777113267,
  "n_evals": 262144,
  "time": 297.40025544166565,
  "parameters": {
    "thetas": [
      156.31167888641357,
      13.876735270023346
    ],
    "radials": [
      0.7816742826253176,
      0.16808438766747713
    ]
  },
  "coil_positions_top": [
    [
      0.8576122065595513,
      0.7267688160992438
    ],
    [
      2.5075781772758345,
      0.4428536053796722
    ]
  ],
  "coil_currents": [
    52711.00882000011,
    52662.25783704025,
    12227.354951603353,
    13974.014337665498
  ]
}