{
  "optimization_settings": {
    "method": "brute_force_sobol",
    "num_coils": 3,
    "n_samples": 262144,
    "omega": 1e-07,
    "dist_th": 5.0,
    "reg_in": 1e-06,
    "rfil": 0.01
  },
  "best_cost": 0.00301922689831437,
  "best_flux_err": 0.00301922689831437,
  "n_evals": 262144,
  "time": 448.766401052475,
  "parameters": {
    "thetas": [
      15.15131264925003,
      45.23846745491028,
      142.98927813768387
    ],
    "radials": [
      0.28984989132732153,
      0.12934711948037148,
      0.023876318708062172
    ]
  },
  "coil_positions_top": [
    [
      2.565464908171419,
      0.4895232401472647
    ],
    [
      2.039120582172765,
      1.1790975824234136
    ],
    [
      0.9182400770230315,
      0.9576690603186956
    ]
  ],
  "coil_currents": [
    12668.840222098406,
    15707.983352548521,
    -4673.474875527998,
    -6103.632208667261,
    29985.092173637215,
    32830.69984240593
  ]
}