{
  "3_coils_lambda_1.00e-05_Multi-start L-BFGS": {
    "num_coils": 3,
    "lambda": 1e-05,
    "method": "Multi-start L-BFGS",
    "total_current": NaN,
    "flux_error_fixed_boundary": 0.028825239856086277,
    "coil_params": {
      "thetas": [
        10.0,
        10.467327769542939,
        16.664171490534354
      ],
      "radials": [
        0.0,
        0.0,
        0.0
      ]
    },
    "success": false
  },
  "3_coils_lambda_1.00e-05_Bayesian": {
    "num_coils": 3,
    "lambda": 1e-05,
    "method": "Bayesian",
    "total_current": NaN,
    "flux_error_fixed_boundary": 0.028825239857792288,
    "coil_params": {
      "thetas": [
        16.664326192130474,
        10.467327269796941,
        10.0
      ],
      "radials": [
        0.0,
        0.0,
        0.0
      ]
    },
    "success": false
  },
  "3_coils_lambda_1.00e-06_Multi-start L-BFGS": {
    "num_coils": 3,
    "lambda": 1e-06,
    "method": "Multi-start L-BFGS",
    "total_current": 1291352.743512322,
    "flux_error_fixed_boundary": 0.002784750197403312,
    "coil_params": {
      "thetas": [
        43.210845029332404,
        146.33939794169487,
        15.407143914331074
      ],
      "radials": [
        0.0,
        0.0,
        0.34651343420659264
      ]
    },
    "success": true
  },
  "3_coils_lambda_1.00e-06_Bayesian": {
    "num_coils": 3,
    "lambda": 1e-06,
    "method": "Bayesian",
    "total_current": 1291352.2522924975,
    "flux_error_fixed_boundary": 0.0027847501974978817,
    "coil_params": {
      "thetas": [
        146.33952808677608,
        15.40708225125438,
        43.21098281278163
      ],
      "radials": [
        0.0,
        0.3465130398152905,
        0.0
      ]
    },
    "success": true
  },
  "3_coils_lambda_1.00e-07_Multi-start L-BFGS": {
    "num_coils": 3,
    "lambda": 1e-07,
    "method": "Multi-start L-BFGS",
    "total_current": 1314679.398021215,
    "flux_error_fixed_boundary": 9.10405894216933e-05,
    "coil_params": {
      "thetas": [
        140.75234418113533,
        49.967125899408416,
        16.371461649448314
      ],
      "radials": [
        0.0,
        0.31181074636413353,
        0.42242086488936276
      ]
    },
    "success": true
  },
  "3_coils_lambda_1.00e-07_Bayesian": {
    "num_coils": 3,
    "lambda": 1e-07,
    "method": "Bayesian",
    "total_current": 1314685.3294532364,
    "flux_error_fixed_boundary": 9.104058987345825e-05,
    "coil_params": {
      "thetas": [
        140.7523457083037,
        49.966245832706264,
        16.371483120497548
      ],
      "radials": [
        0.0,
        0.31175247612954105,
        0.42242589390841156
      ]
    },
    "success": true
  },
  "3_coils_lambda_1.00e-08_Multi-start L-BFGS": {
    "num_coils": 3,
    "lambda": 1e-08,
    "method": "Multi-start L-BFGS",
    "total_current": 1674674.1065877154,
    "flux_error_fixed_boundary": 4.438899107155421e-05,
    "coil_params": {
      "thetas": [
        54.80430813757334,
        16.750041003891894,
        141.25810963358427
      ],
      "radials": [
        0.6599401803660463,
        0.44809256337389164,
        1.0
      ]
    },
    "success": true
  },
  "3_coils_lambda_1.00e-08_Bayesian": {
    "num_coils": 3,
    "lambda": 1e-08,
    "method": "Bayesian",
    "total_current": 1674849.711876792,
    "flux_error_fixed_boundary": 4.438900034618336e-05,
    "coil_params": {
      "thetas": [
        141.2551211761974,
        54.81085506926816,
        16.75147099867096
      ],
      "radials": [
        1.0,
        0.6607631583892737,
        0.4482218814536017
      ]
    },
    "success": true
  },
  "3_coils_lambda_5.00e-06_Multi-start L-BFGS": {
    "num_coils": 3,
    "lambda": 4.9999999999999996e-06,
    "method": "Multi-start L-BFGS",
    "total_current": 834751.3406314756,
    "flux_error_fixed_boundary": 0.017829336896969052,
    "coil_params": {
      "thetas": [
        12.382560924255198,
        170.0,
        43.90181853188494
      ],
      "radials": [
        0.029760934112612065,
        0.0,
        0.0
      ]
    },
    "success": true
  },
  "3_coils_lambda_5.00e-06_Bayesian": {
    "num_coils": 3,
    "lambda": 4.9999999999999996e-06,
    "method": "Bayesian",
    "total_current": 834750.7077910564,
    "flux_error_fixed_boundary": 0.017829336897063945,
    "coil_params": {
      "thetas": [
        43.901786780525654,
        170.0,
        12.382551756044098
      ],
      "radials": [
        0.0,
        0.0,
        0.029761806356906687
      ]
    },
    "success": true
  }
}