{
  "optimization_settings": {
    "method": "brute_force_sobol",
    "num_coils": 8,
    "n_samples": 262144,
    "omega": 1e-07,
    "dist_th": 5.0,
    "reg_in": 1e-06,
    "rfil": 0.01
  },
  "best_cost": 0.00129720567420922,
  "best_flux_err": 0.001295377123955666,
  "n_evals": 262144,
  "time": 1165.46280002594,
  "parameters": {
    "thetas": [
      154.70538794994354,
      12.450395971536636,
      147.1971969306469,
      20.545394271612167,
      25.187984108924866,
      47.64398783445358,
      82.79152944684029,
      146.45838931202888
    ],
    "radials": [
      0.11442700959742069,
      0.3224120829254389,
      0.8263380331918597,
      0.26116175297647715,
      0.6342322155833244,
      0.24252905882894993,
      0.24751772824674845,
      0.03267749771475792
    ]
  },
  "coil_positions_top": [
    [
      0.9109352525381229,
      0.721077949281307
    ],
    [
      2.604107445428284,
      0.40740326882733047
    ],
    [
      0.8538974422194793,
      0.947658732683336
    ],
    [
      2.4978425496250383,
      0.6472394202172631
    ],
    [
      2.6308688543509113,
      0.8142965505232422
    ],
    [
      2.030195250260052,
      1.2325974317199222
    ],
    [
      1.3291007317971297,
      1.4790393719632198
    ],
    [
      0.9173975818885967,
      0.8934893819355498
    ]
  ],
  "coil_currents": [
    11435.535269633856,
    8829.921031634552,
    8747.185830793022,
    9186.329444202285,
    8557.777742480508,
    9909.224591736816,
    4162.624550994303,
    5448.93447359091,
    674.7483209974514,
    2356.6907355544336,
    -6465.5921004618085,
    -9402.757284119523,
    5905.246087318993,
    9774.743710212555,
    11089.681046284071,
    12678.197975780657
  ]
}