{
  "optimization_settings": {
    "method": "brute_force_sobol",
    "num_coils": 3,
    "n_samples": 262144,
    "omega": 1e-07,
    "dist_th": 5.0,
    "reg_in": 1e-08,
    "rfil": 0.01
  },
  "best_cost": 5.645356896926929e-05,
  "best_flux_err": 5.645356896926929e-05,
  "n_evals": 262144,
  "time": 442.5305049419403,
  "parameters": {
    "thetas": [
      139.55548018217087,
      17.17818647623062,
      54.87176328897476
    ],
    "radials": [
      0.8304652096703649,
      0.4546156246215105,
      0.7946105040609837
    ]
  },
  "coil_positions_top": [
    [
      0.8542891929950771,
      1.0978427142820035
    ],
    [
      2.6376849057054867,
      0.5631701686863401
    ],
    [
      2.0339779883173237,
      1.4151454531381047
    ]
  ],
  "coil_currents": [
    57030.38212664198,
    57384.26694712105,
    16178.164513298967,
    18593.468400848345,
    -14257.30807819566,
    -14203.457924850323
  ]
}