{
  "optimization_settings": {
    "method": "brute_force_sobol",
    "num_coils": 2,
    "n_samples": 262144,
    "omega": 1e-07,
    "dist_th": 5.0,
    "reg_in": 1e-05,
    "rfil": 0.01
  },
  "best_cost": 0.033002932282727555,
  "best_flux_err": 0.03300191485084333,
  "n_evals": 262144,
  "time": 286.8008620738983,
  "parameters": {
    "thetas": [
      10.912943184375763,
      12.723222374916077
    ],
    "radials": [
      0.018151188269257545,
      0.037419614382088184
    ]
  },
  "coil_positions_top": [
    [
      2.441664489666552,
      0.3440094850495134
    ],
    [
      2.4421317987606663,
      0.40019898084519706
    ]
  ],
  "coil_currents": [
    4847.634988050061,
    5496.437216014724,
    5150.4052291761245,
    5627.502059639743
  ]
}