{
  "optimization_settings": {
    "method": "brute_force_sobol",
    "num_coils": 3,
    "n_samples": 262144,
    "omega": 1e-07,
    "dist_th": 5.0,
    "reg_in": 1e-05,
    "rfil": 0.01
  },
  "best_cost": 0.03062025537363816,
  "best_flux_err": 0.030617430304675394,
  "n_evals": 262144,
  "time": 448.3576638698578,
  "parameters": {
    "thetas": [
      11.232934147119522,
      10.653747916221619,
      13.282155394554138
    ],
    "radials": [
      0.8764756349846721,
      0.04745899047702551,
      0.005492636002600193
    ]
  },
  "coil_positions_top": [
    [
      2.9255386644962655,
      0.3959767649299515
    ],
    [
      2.459641480662036,
      0.3374200569451644
    ],
    [
      2.4206998977183716,
      0.415243975750622
    ]
  ],
  "coil_currents": [
    3244.285357017162,
    2115.0039351287687,
    3868.549191080611,
    4555.881090709449,
    3967.4044305654006,
    4652.902443726575
  ]
}