{"method": "L-BFGS", "n_evals": 50, "elapsed": 2752.5222687721252, "best_cost": 0.11895742391638543, "best_flux_err": 0.029006540429815337, "best_fb_cost": 1.0078580448397154, "initial_fixed_cost": 0.20760270419716353, "initial_fb_cost": 9.435102174806824, "best_norm_fixed": 0.13972139978613848, "best_norm_fb": 0.10682004563033262, "best_params": [10.0, 104.19050444770315, 107.21261674939939, 0.99999999, 0.853773337765363, 0.25996470549967504]}