{
  "optimization_settings": {
    "method": "brute_force_sobol",
    "num_coils": 7,
    "n_samples": 262144,
    "omega": 1e-07,
    "dist_th": 5.0,
    "reg_in": 1e-07,
    "rfil": 0.01
  },
  "best_cost": 4.01339106443437e-05,
  "best_flux_err": 4.01339106443437e-05,
  "n_evals": 262144,
  "time": 997.4443008899689,
  "parameters": {
    "thetas": [
      22.69578218460083,
      141.69619634747505,
      111.7672611773014,
      54.865771383047104,
      158.45083579421043,
      36.11785680055618,
      14.84534204006195
    ],
    "radials": [
      0.10982455406337976,
      0.41732877772301435,
      0.07248644530773163,
      0.20676554180681705,
      0.7806432396173477,
      0.903086993843317,
      0.4204521607607603
    ]
  },
  "coil_positions_top": [
    [
      2.3940015188618053,
      0.6932050088577553
    ],
    [
      0.8869168285164343,
      1.018639117084986
    ],
    [
      0.9764782711522119,
      1.3616420350239669
    ],
    [
      1.86448818790275,
      1.3161161189777206
    ],
    [
      0.8577280273370509,
      0.6697528491995305
    ],
    [
      2.54759917364651,
      1.1228089349050452
    ],
    [
      2.640461950117846,
      0.4885452296246878
    ]
  ],
  "coil_currents": [
    3094.2719136916703,
    3059.350598878364,
    20943.980303106666,
    24862.746600418508,
    18479.77326232784,
    28258.755517118756,
    -6856.263838855749,
    -10250.484030293712,
    11758.292416193439,
    5486.908708069008,
    -5744.629682586403,
    -4225.403283344066,
    13415.923981269296,
    15569.222548590942
  ]
}