{"method": "L-BFGS", "n_evals": 1086, "current_start": 3, "elapsed": 52384.53034758568, "best_cost": 0.2355376217639737, "best_flux_err": 0.019860416026914792, "best_fb_cost": 2.6130204289844388, "initial_fixed_cost": 0.20760270419716353, "initial_fb_cost": 9.435102174806824, "best_norm_fixed": 0.09566549772903268, "best_norm_fb": 0.27694670185571557, "best_params": [10.0, 84.46139655447239, 87.48371585730996, 1e-08, 0.0, 0.4144908419262601]}