{"method": "L-BFGS", "n_evals": 1068, "current_start": 8, "elapsed": 52333.7255218029, "best_cost": 0.16784243544942776, "best_flux_err": 0.00938646317945824, "best_fb_cost": 1.9268268594014566, "initial_fixed_cost": 0.20760270419716353, "initial_fb_cost": 9.231691719566504, "best_norm_fixed": 0.04521358821291542, "best_norm_fb": 0.20871871786159854, "best_params": [10.0, 47.69452208602123, 124.80836491743317, 0.25763591107772166, 0.0, 0.7296752463964942]}