{
  "optimization_settings": {
    "method": "brute_force_sobol",
    "num_coils": 7,
    "n_samples": 262144,
    "omega": 1e-07,
    "dist_th": 5.0,
    "reg_in": 1e-06,
    "rfil": 0.01
  },
  "best_cost": 0.0014595549706911853,
  "best_flux_err": 0.0014575979015238314,
  "n_evals": 262144,
  "time": 1141.756140947342,
  "parameters": {
    "thetas": [
      141.4000178873539,
      154.62955817580223,
      113.92576411366463,
      12.078960537910461,
      27.142971009016037,
      42.18458354473114,
      154.05343562364578
    ],
    "radials": [
      0.12829978112131357,
      0.6885206745937467,
      0.3321941616013646,
      0.19100713916122913,
      0.40370812360197306,
      0.013178260996937752,
      0.4099433748051524
    ]
  },
  "coil_positions_top": [
    [
      0.9100397631684651,
      0.9956992182074347
    ],
    [
      0.8650266273949554,
      0.7634221048475652
    ],
    [
      0.9487002952087515,
      1.3826226261158805
    ],
    [
      2.5325814280761647,
      0.3887240629780259
    ],
    [
      2.4849393337139807,
      0.8419998055701965
    ],
    [
      2.053291528568727,
      1.112099495835012
    ],
    [
      0.8872916385405396,
      0.7577394696178288
    ]
  ],
  "coil_currents": [
    10931.929699675322,
    14235.473066109658,
    10151.814840993962,
    8779.96708231789,
    6788.195518305117,
    9906.366532243786,
    9027.244086343233,
    9903.70388878663,
    4732.2815780191395,
    7276.766538752581,
    -4748.4139156006595,
    -6800.33079745117,
    11166.450751971111,
    9791.914268602855
  ]
}