2026-06-08 20:09:06,163 pid=567318 weight_fb=1.00e-04 params=[124.3697 157.5093 113.2171 150.0314  38.5609   0.9568   0.2331   0.3414
   0.9792   0.6836]
Traceback (most recent call last):
  File "/home/nl2951/alfven/PF_location_optimization/opt_comp_combined_boundary.py", line 213, in _free_boundary_cost
    mygs.solve()
  File "/home/nl2951/OpenFUSIONToolkit/install_release/python/OpenFUSIONToolkit/TokaMaker/_core.py", line 695, in solve
    raise ValueError("Error in solve: {0}".format(error_string.value.decode()))
ValueError: Error in solve: Exceeded "maxits"                       

2026-06-08 20:14:10,080 pid=567318 weight_fb=1.00e-04 params=[3.4370e+01 1.6751e+02 4.3217e+01 6.0031e+01 1.6856e+02 8.9430e-01
 5.4557e-01 2.8948e-02 9.1671e-01 9.9606e-01]
Traceback (most recent call last):
  File "/home/nl2951/alfven/PF_location_optimization/opt_comp_combined_boundary.py", line 185, in _free_boundary_cost
    make_mesh(scan_geom, mesh_file, lim)
  File "/home/nl2951/alfven/PF_location_optimization/opt_comp_combined_boundary.py", line 165, in make_mesh
    mesh_pts, mesh_lc, mesh_reg = gs_mesh.build_mesh()
                                  ^^^^^^^^^^^^^^^^^^^^
  File "/home/nl2951/OpenFUSIONToolkit/install_release/python/OpenFUSIONToolkit/TokaMaker/meshing.py", line 628, in build_mesh
    raise ValueError('Meshing error: unclaimed region detected!')
ValueError: Meshing error: unclaimed region detected!

2026-06-08 20:15:40,675 pid=567318 weight_fb=1.00e-04 params=[1.5437e+02 1.2751e+02 8.3217e+01 1.0003e+02 1.2856e+02 1.4430e-01
 2.9557e-01 7.7895e-01 1.6671e-01 7.4606e-01]
Traceback (most recent call last):
  File "/home/nl2951/alfven/PF_location_optimization/opt_comp_combined_boundary.py", line 185, in _free_boundary_cost
    make_mesh(scan_geom, mesh_file, lim)
  File "/home/nl2951/alfven/PF_location_optimization/opt_comp_combined_boundary.py", line 165, in make_mesh
    mesh_pts, mesh_lc, mesh_reg = gs_mesh.build_mesh()
                                  ^^^^^^^^^^^^^^^^^^^^
  File "/home/nl2951/OpenFUSIONToolkit/install_release/python/OpenFUSIONToolkit/TokaMaker/meshing.py", line 628, in build_mesh
    raise ValueError('Meshing error: unclaimed region detected!')
ValueError: Meshing error: unclaimed region detected!

2026-06-08 20:16:16,432 pid=567318 weight_fb=1.00e-04 params=[1.3437e+02 6.7509e+01 6.3217e+01 1.2003e+02 6.8561e+01 1.9304e-02
 1.7057e-01 9.0395e-01 2.9171e-01 3.7106e-01]
Traceback (most recent call last):
  File "/home/nl2951/alfven/PF_location_optimization/opt_comp_combined_boundary.py", line 185, in _free_boundary_cost
    make_mesh(scan_geom, mesh_file, lim)
  File "/home/nl2951/alfven/PF_location_optimization/opt_comp_combined_boundary.py", line 165, in make_mesh
    mesh_pts, mesh_lc, mesh_reg = gs_mesh.build_mesh()
                                  ^^^^^^^^^^^^^^^^^^^^
  File "/home/nl2951/OpenFUSIONToolkit/install_release/python/OpenFUSIONToolkit/TokaMaker/meshing.py", line 628, in build_mesh
    raise ValueError('Meshing error: unclaimed region detected!')
ValueError: Meshing error: unclaimed region detected!

2026-06-08 20:16:51,735 pid=567318 weight_fb=1.00e-04 params=[ 54.3697 147.5093 143.2171  40.0314 148.5609   0.5193   0.6706   0.4039
   0.7917   0.8711]
Traceback (most recent call last):
  File "/home/nl2951/alfven/PF_location_optimization/opt_comp_combined_boundary.py", line 185, in _free_boundary_cost
    make_mesh(scan_geom, mesh_file, lim)
  File "/home/nl2951/alfven/PF_location_optimization/opt_comp_combined_boundary.py", line 165, in make_mesh
    mesh_pts, mesh_lc, mesh_reg = gs_mesh.build_mesh()
                                  ^^^^^^^^^^^^^^^^^^^^
  File "/home/nl2951/OpenFUSIONToolkit/install_release/python/OpenFUSIONToolkit/TokaMaker/meshing.py", line 628, in build_mesh
    raise ValueError('Meshing error: unclaimed region detected!')
ValueError: Meshing error: unclaimed region detected!

2026-06-08 20:20:07,371 pid=567318 weight_fb=1.00e-04 params=[1.9370e+01 3.2509e+01 1.2822e+02 1.5031e+01 1.2356e+02 5.0554e-02
 1.4323e-02 9.3520e-01 5.1046e-01 3.3981e-01]
Traceback (most recent call last):
  File "/home/nl2951/alfven/PF_location_optimization/opt_comp_combined_boundary.py", line 185, in _free_boundary_cost
    make_mesh(scan_geom, mesh_file, lim)
  File "/home/nl2951/alfven/PF_location_optimization/opt_comp_combined_boundary.py", line 165, in make_mesh
    mesh_pts, mesh_lc, mesh_reg = gs_mesh.build_mesh()
                                  ^^^^^^^^^^^^^^^^^^^^
  File "/home/nl2951/OpenFUSIONToolkit/install_release/python/OpenFUSIONToolkit/TokaMaker/meshing.py", line 628, in build_mesh
    raise ValueError('Meshing error: unclaimed region detected!')
ValueError: Meshing error: unclaimed region detected!

2026-06-08 20:20:47,541 pid=567318 weight_fb=1.00e-04 params=[59.3697 72.5093 88.2171 55.0314 83.5609  0.3006  0.2643  0.1852  0.7605
  0.0898]
Traceback (most recent call last):
  File "/home/nl2951/alfven/PF_location_optimization/opt_comp_combined_boundary.py", line 185, in _free_boundary_cost
    make_mesh(scan_geom, mesh_file, lim)
  File "/home/nl2951/alfven/PF_location_optimization/opt_comp_combined_boundary.py", line 165, in make_mesh
    mesh_pts, mesh_lc, mesh_reg = gs_mesh.build_mesh()
                                  ^^^^^^^^^^^^^^^^^^^^
  File "/home/nl2951/OpenFUSIONToolkit/install_release/python/OpenFUSIONToolkit/TokaMaker/meshing.py", line 628, in build_mesh
    raise ValueError('Meshing error: unclaimed region detected!')
ValueError: Meshing error: unclaimed region detected!

2026-06-08 20:21:35,374 pid=567318 weight_fb=1.00e-04 params=[139.3697 152.5093 168.2171 135.0314 163.5609   0.8006   0.7643   0.6852
   0.2605   0.5898]
Traceback (most recent call last):
  File "/home/nl2951/alfven/PF_location_optimization/opt_comp_combined_boundary.py", line 185, in _free_boundary_cost
    make_mesh(scan_geom, mesh_file, lim)
  File "/home/nl2951/alfven/PF_location_optimization/opt_comp_combined_boundary.py", line 165, in make_mesh
    mesh_pts, mesh_lc, mesh_reg = gs_mesh.build_mesh()
                                  ^^^^^^^^^^^^^^^^^^^^
  File "/home/nl2951/OpenFUSIONToolkit/install_release/python/OpenFUSIONToolkit/TokaMaker/meshing.py", line 628, in build_mesh
    raise ValueError('Meshing error: unclaimed region detected!')
ValueError: Meshing error: unclaimed region detected!

2026-06-08 20:25:07,044 pid=567318 weight_fb=1.00e-04 params=[119.3697  12.5093 108.2171 115.0314 143.5609   0.6756   0.8893   0.3102
   0.3855   0.2148]
Traceback (most recent call last):
  File "/home/nl2951/alfven/PF_location_optimization/opt_comp_combined_boundary.py", line 185, in _free_boundary_cost
    make_mesh(scan_geom, mesh_file, lim)
  File "/home/nl2951/alfven/PF_location_optimization/opt_comp_combined_boundary.py", line 165, in make_mesh
    mesh_pts, mesh_lc, mesh_reg = gs_mesh.build_mesh()
                                  ^^^^^^^^^^^^^^^^^^^^
  File "/home/nl2951/OpenFUSIONToolkit/install_release/python/OpenFUSIONToolkit/TokaMaker/meshing.py", line 628, in build_mesh
    raise ValueError('Meshing error: unclaimed region detected!')
ValueError: Meshing error: unclaimed region detected!

2026-06-08 20:41:19,688 pid=567318 weight_fb=1.00e-04 params=[4.1870e+01 1.3001e+02 1.2072e+02 1.3253e+02 1.0106e+02 2.8493e-01
 8.1120e-01 4.5082e-01 3.6984e-01 4.2938e-02]
Traceback (most recent call last):
  File "/home/nl2951/alfven/PF_location_optimization/opt_comp_combined_boundary.py", line 213, in _free_boundary_cost
    mygs.solve()
  File "/home/nl2951/OpenFUSIONToolkit/install_release/python/OpenFUSIONToolkit/TokaMaker/_core.py", line 695, in solve
    raise ValueError("Error in solve: {0}".format(error_string.value.decode()))
ValueError: Error in solve: Exceeded "maxits"                       

2026-06-08 20:42:50,243 pid=567318 weight_fb=1.00e-04 params=[1.6187e+02 1.0009e+01 1.6072e+02 1.2531e+01 6.1061e+01 5.3493e-01
 6.1198e-02 2.0082e-01 6.1984e-01 7.9294e-01]
Traceback (most recent call last):
  File "/home/nl2951/alfven/PF_location_optimization/opt_comp_combined_boundary.py", line 185, in _free_boundary_cost
    make_mesh(scan_geom, mesh_file, lim)
  File "/home/nl2951/alfven/PF_location_optimization/opt_comp_combined_boundary.py", line 165, in make_mesh
    mesh_pts, mesh_lc, mesh_reg = gs_mesh.build_mesh()
                                  ^^^^^^^^^^^^^^^^^^^^
  File "/home/nl2951/OpenFUSIONToolkit/install_release/python/OpenFUSIONToolkit/TokaMaker/meshing.py", line 628, in build_mesh
    raise ValueError('Meshing error: unclaimed region detected!')
ValueError: Meshing error: unclaimed region detected!

2026-06-08 20:43:27,313 pid=567318 weight_fb=1.00e-04 params=[141.8697 110.0093 140.7171  32.5314 121.0609   0.6599   0.4362   0.5758
   0.7448   0.4179]
Traceback (most recent call last):
  File "/home/nl2951/alfven/PF_location_optimization/opt_comp_combined_boundary.py", line 185, in _free_boundary_cost
    make_mesh(scan_geom, mesh_file, lim)
  File "/home/nl2951/alfven/PF_location_optimization/opt_comp_combined_boundary.py", line 165, in make_mesh
    mesh_pts, mesh_lc, mesh_reg = gs_mesh.build_mesh()
                                  ^^^^^^^^^^^^^^^^^^^^
  File "/home/nl2951/OpenFUSIONToolkit/install_release/python/OpenFUSIONToolkit/TokaMaker/meshing.py", line 628, in build_mesh
    raise ValueError('Meshing error: unclaimed region detected!')
ValueError: Meshing error: unclaimed region detected!

2026-06-08 20:44:03,972 pid=567318 weight_fb=1.00e-04 params=[6.1870e+01 3.0009e+01 6.0717e+01 1.1253e+02 4.1061e+01 1.5993e-01
 9.3620e-01 7.5823e-02 2.4484e-01 9.1794e-01]
Traceback (most recent call last):
  File "/home/nl2951/alfven/PF_location_optimization/opt_comp_combined_boundary.py", line 185, in _free_boundary_cost
    make_mesh(scan_geom, mesh_file, lim)
  File "/home/nl2951/alfven/PF_location_optimization/opt_comp_combined_boundary.py", line 165, in make_mesh
    mesh_pts, mesh_lc, mesh_reg = gs_mesh.build_mesh()
                                  ^^^^^^^^^^^^^^^^^^^^
  File "/home/nl2951/OpenFUSIONToolkit/install_release/python/OpenFUSIONToolkit/TokaMaker/meshing.py", line 628, in build_mesh
    raise ValueError('Meshing error: unclaimed region detected!')
ValueError: Meshing error: unclaimed region detected!

2026-06-08 20:44:40,562 pid=567318 weight_fb=1.00e-04 params=[ 21.8697  70.0093  20.7171  72.5314 161.0609   0.4099   0.6862   0.3258
   0.9948   0.6679]
Traceback (most recent call last):
  File "/home/nl2951/alfven/PF_location_optimization/opt_comp_combined_boundary.py", line 185, in _free_boundary_cost
    make_mesh(scan_geom, mesh_file, lim)
  File "/home/nl2951/alfven/PF_location_optimization/opt_comp_combined_boundary.py", line 165, in make_mesh
    mesh_pts, mesh_lc, mesh_reg = gs_mesh.build_mesh()
                                  ^^^^^^^^^^^^^^^^^^^^
  File "/home/nl2951/OpenFUSIONToolkit/install_release/python/OpenFUSIONToolkit/TokaMaker/meshing.py", line 628, in build_mesh
    raise ValueError('Meshing error: unclaimed region detected!')
ValueError: Meshing error: unclaimed region detected!

2026-06-08 20:45:17,948 pid=567318 weight_fb=1.00e-04 params=[101.8697 150.0093 100.7171 152.5314  81.0609   0.9099   0.1862   0.8258
   0.4948   0.1679]
Traceback (most recent call last):
  File "/home/nl2951/alfven/PF_location_optimization/opt_comp_combined_boundary.py", line 185, in _free_boundary_cost
    make_mesh(scan_geom, mesh_file, lim)
  File "/home/nl2951/alfven/PF_location_optimization/opt_comp_combined_boundary.py", line 165, in make_mesh
    mesh_pts, mesh_lc, mesh_reg = gs_mesh.build_mesh()
                                  ^^^^^^^^^^^^^^^^^^^^
  File "/home/nl2951/OpenFUSIONToolkit/install_release/python/OpenFUSIONToolkit/TokaMaker/meshing.py", line 628, in build_mesh
    raise ValueError('Meshing error: unclaimed region detected!')
ValueError: Meshing error: unclaimed region detected!

2026-06-08 21:11:25,247 pid=567318 weight_fb=1.00e-04 params=[1.3812e+02 9.1259e+01 1.5447e+02 8.8781e+01 4.2311e+01 2.6149e-01
 3.1901e-01 4.7426e-01 4.0890e-01 1.1325e-01]
Traceback (most recent call last):
  File "/home/nl2951/alfven/PF_location_optimization/opt_comp_combined_boundary.py", line 185, in _free_boundary_cost
    make_mesh(scan_geom, mesh_file, lim)
  File "/home/nl2951/alfven/PF_location_optimization/opt_comp_combined_boundary.py", line 165, in make_mesh
    mesh_pts, mesh_lc, mesh_reg = gs_mesh.build_mesh()
                                  ^^^^^^^^^^^^^^^^^^^^
  File "/home/nl2951/OpenFUSIONToolkit/install_release/python/OpenFUSIONToolkit/TokaMaker/meshing.py", line 628, in build_mesh
    raise ValueError('Meshing error: unclaimed region detected!')
ValueError: Meshing error: unclaimed region detected!

2026-06-08 21:13:54,731 pid=567318 weight_fb=1.00e-04 params=[9.8120e+01 1.3126e+02 3.4467e+01 1.2878e+02 1.6231e+02 1.1492e-02
 6.9010e-02 7.2426e-01 1.5890e-01 3.6325e-01]
Traceback (most recent call last):
  File "/home/nl2951/alfven/PF_location_optimization/opt_comp_combined_boundary.py", line 185, in _free_boundary_cost
    make_mesh(scan_geom, mesh_file, lim)
  File "/home/nl2951/alfven/PF_location_optimization/opt_comp_combined_boundary.py", line 165, in make_mesh
    mesh_pts, mesh_lc, mesh_reg = gs_mesh.build_mesh()
                                  ^^^^^^^^^^^^^^^^^^^^
  File "/home/nl2951/OpenFUSIONToolkit/install_release/python/OpenFUSIONToolkit/TokaMaker/meshing.py", line 628, in build_mesh
    raise ValueError('Meshing error: unclaimed region detected!')
ValueError: Meshing error: unclaimed region detected!

2026-06-08 21:20:44,422 pid=567318 weight_fb=1.00e-04 params=[1.2312e+02 1.5626e+02 1.1947e+02 7.3781e+01 1.3731e+02 8.5524e-01
 5.3776e-01 6.3051e-01 3.1515e-01 1.9500e-02]
Traceback (most recent call last):
  File "/home/nl2951/alfven/PF_location_optimization/opt_comp_combined_boundary.py", line 185, in _free_boundary_cost
    make_mesh(scan_geom, mesh_file, lim)
  File "/home/nl2951/alfven/PF_location_optimization/opt_comp_combined_boundary.py", line 165, in make_mesh
    mesh_pts, mesh_lc, mesh_reg = gs_mesh.build_mesh()
                                  ^^^^^^^^^^^^^^^^^^^^
  File "/home/nl2951/OpenFUSIONToolkit/install_release/python/OpenFUSIONToolkit/TokaMaker/meshing.py", line 628, in build_mesh
    raise ValueError('Meshing error: unclaimed region detected!')
ValueError: Meshing error: unclaimed region detected!

2026-06-08 21:27:26,879 pid=567318 weight_fb=1.00e-04 params=[93.1197 26.2593 89.4671 23.7814 47.3109  0.7927  0.6003  0.568   0.3776
  0.957 ]
Traceback (most recent call last):
  File "/home/nl2951/alfven/PF_location_optimization/opt_comp_combined_boundary.py", line 185, in _free_boundary_cost
    make_mesh(scan_geom, mesh_file, lim)
  File "/home/nl2951/alfven/PF_location_optimization/opt_comp_combined_boundary.py", line 165, in make_mesh
    mesh_pts, mesh_lc, mesh_reg = gs_mesh.build_mesh()
                                  ^^^^^^^^^^^^^^^^^^^^
  File "/home/nl2951/OpenFUSIONToolkit/install_release/python/OpenFUSIONToolkit/TokaMaker/meshing.py", line 628, in build_mesh
    raise ValueError('Meshing error: unclaimed region detected!')
ValueError: Meshing error: unclaimed region detected!

2026-06-08 21:29:46,406 pid=567318 weight_fb=1.00e-04 params=[5.0620e+01 9.8759e+01 1.0197e+02 4.6281e+01 3.9811e+01 4.3337e-01
 8.6589e-01 9.5864e-01 1.4327e-01 3.8752e-03]
Traceback (most recent call last):
  File "/home/nl2951/alfven/PF_location_optimization/opt_comp_combined_boundary.py", line 185, in _free_boundary_cost
    make_mesh(scan_geom, mesh_file, lim)
  File "/home/nl2951/alfven/PF_location_optimization/opt_comp_combined_boundary.py", line 165, in make_mesh
    mesh_pts, mesh_lc, mesh_reg = gs_mesh.build_mesh()
                                  ^^^^^^^^^^^^^^^^^^^^
  File "/home/nl2951/OpenFUSIONToolkit/install_release/python/OpenFUSIONToolkit/TokaMaker/meshing.py", line 628, in build_mesh
    raise ValueError('Meshing error: unclaimed region detected!')
ValueError: Meshing error: unclaimed region detected!

2026-06-08 21:30:22,345 pid=567318 weight_fb=1.00e-04 params=[130.6197  18.7593  21.9671 126.2814 119.8109   0.9334   0.3659   0.4586
   0.6433   0.5039]
Traceback (most recent call last):
  File "/home/nl2951/alfven/PF_location_optimization/opt_comp_combined_boundary.py", line 185, in _free_boundary_cost
    make_mesh(scan_geom, mesh_file, lim)
  File "/home/nl2951/alfven/PF_location_optimization/opt_comp_combined_boundary.py", line 165, in make_mesh
    mesh_pts, mesh_lc, mesh_reg = gs_mesh.build_mesh()
                                  ^^^^^^^^^^^^^^^^^^^^
  File "/home/nl2951/OpenFUSIONToolkit/install_release/python/OpenFUSIONToolkit/TokaMaker/meshing.py", line 628, in build_mesh
    raise ValueError('Meshing error: unclaimed region detected!')
ValueError: Meshing error: unclaimed region detected!

2026-06-08 21:36:32,709 pid=567318 weight_fb=1.00e-04 params=[8.0620e+01 6.8759e+01 1.5197e+02 1.3628e+02 1.2981e+02 2.4587e-01
 9.2839e-01 2.7114e-01 8.0773e-02 9.4138e-01]
Traceback (most recent call last):
  File "/home/nl2951/alfven/PF_location_optimization/opt_comp_combined_boundary.py", line 213, in _free_boundary_cost
    mygs.solve()
  File "/home/nl2951/OpenFUSIONToolkit/install_release/python/OpenFUSIONToolkit/TokaMaker/_core.py", line 695, in solve
    raise ValueError("Error in solve: {0}".format(error_string.value.decode()))
ValueError: Error in solve: Exceeded "maxits"                       

2026-06-08 21:41:32,616 pid=567318 weight_fb=1.00e-04 params=[ 95.6197  93.7593 106.9671  61.2814 124.8109   0.3396   0.6471   0.3649
   0.612    0.6601]
Traceback (most recent call last):
  File "/home/nl2951/alfven/PF_location_optimization/opt_comp_combined_boundary.py", line 185, in _free_boundary_cost
    make_mesh(scan_geom, mesh_file, lim)
  File "/home/nl2951/alfven/PF_location_optimization/opt_comp_combined_boundary.py", line 165, in make_mesh
    mesh_pts, mesh_lc, mesh_reg = gs_mesh.build_mesh()
                                  ^^^^^^^^^^^^^^^^^^^^
  File "/home/nl2951/OpenFUSIONToolkit/install_release/python/OpenFUSIONToolkit/TokaMaker/meshing.py", line 628, in build_mesh
    raise ValueError('Meshing error: unclaimed region detected!')
ValueError: Meshing error: unclaimed region detected!

2026-06-08 21:43:04,025 pid=567318 weight_fb=1.00e-04 params=[5.5620e+01 5.3759e+01 6.6967e+01 1.0128e+02 1.6481e+02 5.8962e-01
 3.9714e-01 1.1489e-01 3.6202e-01 4.1013e-01]
Traceback (most recent call last):
  File "/home/nl2951/alfven/PF_location_optimization/opt_comp_combined_boundary.py", line 185, in _free_boundary_cost
    make_mesh(scan_geom, mesh_file, lim)
  File "/home/nl2951/alfven/PF_location_optimization/opt_comp_combined_boundary.py", line 165, in make_mesh
    mesh_pts, mesh_lc, mesh_reg = gs_mesh.build_mesh()
                                  ^^^^^^^^^^^^^^^^^^^^
  File "/home/nl2951/OpenFUSIONToolkit/install_release/python/OpenFUSIONToolkit/TokaMaker/meshing.py", line 628, in build_mesh
    raise ValueError('Meshing error: unclaimed region detected!')
ValueError: Meshing error: unclaimed region detected!

2026-06-08 21:51:04,300 pid=567318 weight_fb=1.00e-04 params=[1.4562e+02 1.6376e+02 9.6967e+01 7.1281e+01 1.4811e+01 2.7117e-02
 9.5964e-01 5.5239e-01 7.9952e-01 8.4763e-01]
Traceback (most recent call last):
  File "/home/nl2951/alfven/PF_location_optimization/opt_comp_combined_boundary.py", line 213, in _free_boundary_cost
    mygs.solve()
  File "/home/nl2951/OpenFUSIONToolkit/install_release/python/OpenFUSIONToolkit/TokaMaker/_core.py", line 695, in solve
    raise ValueError("Error in solve: {0}".format(error_string.value.decode()))
ValueError: Error in solve: Exceeded "maxits"                       

2026-06-08 21:51:41,292 pid=567318 weight_fb=1.00e-04 params=[125.6197 103.7593  36.9671 131.2814 114.8109   0.1521   0.5846   0.1774
   0.6745   0.2226]
Traceback (most recent call last):
  File "/home/nl2951/alfven/PF_location_optimization/opt_comp_combined_boundary.py", line 185, in _free_boundary_cost
    make_mesh(scan_geom, mesh_file, lim)
  File "/home/nl2951/alfven/PF_location_optimization/opt_comp_combined_boundary.py", line 165, in make_mesh
    mesh_pts, mesh_lc, mesh_reg = gs_mesh.build_mesh()
                                  ^^^^^^^^^^^^^^^^^^^^
  File "/home/nl2951/OpenFUSIONToolkit/install_release/python/OpenFUSIONToolkit/TokaMaker/meshing.py", line 628, in build_mesh
    raise ValueError('Meshing error: unclaimed region detected!')
ValueError: Meshing error: unclaimed region detected!

2026-06-08 21:55:15,741 pid=567318 weight_fb=1.00e-04 params=[ 48.9809  10.      49.3494  86.0208 118.3642   0.4074   0.6807   0.5283
   0.5254   0.834 ]
Traceback (most recent call last):
  File "/home/nl2951/alfven/PF_location_optimization/opt_comp_combined_boundary.py", line 185, in _free_boundary_cost
    make_mesh(scan_geom, mesh_file, lim)
  File "/home/nl2951/alfven/PF_location_optimization/opt_comp_combined_boundary.py", line 165, in make_mesh
    mesh_pts, mesh_lc, mesh_reg = gs_mesh.build_mesh()
                                  ^^^^^^^^^^^^^^^^^^^^
  File "/home/nl2951/OpenFUSIONToolkit/install_release/python/OpenFUSIONToolkit/TokaMaker/meshing.py", line 628, in build_mesh
    raise ValueError('Meshing error: unclaimed region detected!')
ValueError: Meshing error: unclaimed region detected!

2026-06-08 22:02:52,638 pid=567318 weight_fb=1.00e-04 params=[ 64.9155  10.      52.1336  67.2576 115.4587   0.492    0.7081   0.8873
   0.5759   0.7505]
Traceback (most recent call last):
  File "/home/nl2951/alfven/PF_location_optimization/opt_comp_combined_boundary.py", line 185, in _free_boundary_cost
    make_mesh(scan_geom, mesh_file, lim)
  File "/home/nl2951/alfven/PF_location_optimization/opt_comp_combined_boundary.py", line 165, in make_mesh
    mesh_pts, mesh_lc, mesh_reg = gs_mesh.build_mesh()
                                  ^^^^^^^^^^^^^^^^^^^^
  File "/home/nl2951/OpenFUSIONToolkit/install_release/python/OpenFUSIONToolkit/TokaMaker/meshing.py", line 628, in build_mesh
    raise ValueError('Meshing error: unclaimed region detected!')
ValueError: Meshing error: unclaimed region detected!

2026-06-08 22:04:32,672 pid=567318 weight_fb=1.00e-04 params=[ 63.0363  10.      57.5701  64.7715 117.5914   0.5806   0.5836   0.9026
   0.5649   0.7003]
Traceback (most recent call last):
  File "/home/nl2951/alfven/PF_location_optimization/opt_comp_combined_boundary.py", line 185, in _free_boundary_cost
    make_mesh(scan_geom, mesh_file, lim)
  File "/home/nl2951/alfven/PF_location_optimization/opt_comp_combined_boundary.py", line 165, in make_mesh
    mesh_pts, mesh_lc, mesh_reg = gs_mesh.build_mesh()
                                  ^^^^^^^^^^^^^^^^^^^^
  File "/home/nl2951/OpenFUSIONToolkit/install_release/python/OpenFUSIONToolkit/TokaMaker/meshing.py", line 628, in build_mesh
    raise ValueError('Meshing error: unclaimed region detected!')
ValueError: Meshing error: unclaimed region detected!

2026-06-08 22:10:12,867 pid=567318 weight_fb=1.00e-04 params=[ 64.0766  10.      47.8536  62.3795 113.1103   0.547    0.6739   0.8942
   0.5831   0.4718]
Traceback (most recent call last):
  File "/home/nl2951/alfven/PF_location_optimization/opt_comp_combined_boundary.py", line 185, in _free_boundary_cost
    make_mesh(scan_geom, mesh_file, lim)
  File "/home/nl2951/alfven/PF_location_optimization/opt_comp_combined_boundary.py", line 165, in make_mesh
    mesh_pts, mesh_lc, mesh_reg = gs_mesh.build_mesh()
                                  ^^^^^^^^^^^^^^^^^^^^
  File "/home/nl2951/OpenFUSIONToolkit/install_release/python/OpenFUSIONToolkit/TokaMaker/meshing.py", line 628, in build_mesh
    raise ValueError('Meshing error: unclaimed region detected!')
ValueError: Meshing error: unclaimed region detected!

2026-06-08 22:33:32,358 pid=567318 weight_fb=1.00e-04 params=[10.     69.7763 82.6333 43.5115 67.9577  0.2927  1.      0.5676  0.6191
  0.8307]
Traceback (most recent call last):
  File "/home/nl2951/alfven/PF_location_optimization/opt_comp_combined_boundary.py", line 185, in _free_boundary_cost
    make_mesh(scan_geom, mesh_file, lim)
  File "/home/nl2951/alfven/PF_location_optimization/opt_comp_combined_boundary.py", line 165, in make_mesh
    mesh_pts, mesh_lc, mesh_reg = gs_mesh.build_mesh()
                                  ^^^^^^^^^^^^^^^^^^^^
  File "/home/nl2951/OpenFUSIONToolkit/install_release/python/OpenFUSIONToolkit/TokaMaker/meshing.py", line 628, in build_mesh
    raise ValueError('Meshing error: unclaimed region detected!')
ValueError: Meshing error: unclaimed region detected!

2026-06-08 22:36:13,734 pid=567318 weight_fb=1.00e-04 params=[6.8774e+01 1.0831e+01 1.2396e+02 6.5679e+01 4.0707e+01 5.6971e-02
 1.0000e+00 3.4178e-01 0.0000e+00 4.9749e-01]
Traceback (most recent call last):
  File "/home/nl2951/alfven/PF_location_optimization/opt_comp_combined_boundary.py", line 185, in _free_boundary_cost
    make_mesh(scan_geom, mesh_file, lim)
  File "/home/nl2951/alfven/PF_location_optimization/opt_comp_combined_boundary.py", line 165, in make_mesh
    mesh_pts, mesh_lc, mesh_reg = gs_mesh.build_mesh()
                                  ^^^^^^^^^^^^^^^^^^^^
  File "/home/nl2951/OpenFUSIONToolkit/install_release/python/OpenFUSIONToolkit/TokaMaker/meshing.py", line 628, in build_mesh
    raise ValueError('Meshing error: unclaimed region detected!')
ValueError: Meshing error: unclaimed region detected!

2026-06-08 22:38:20,157 pid=567318 weight_fb=1.00e-04 params=[ 90.9321  10.     103.8144  69.573   58.3255   0.5397   1.       0.9414
   0.7269   0.3557]
Traceback (most recent call last):
  File "/home/nl2951/alfven/PF_location_optimization/opt_comp_combined_boundary.py", line 213, in _free_boundary_cost
    mygs.solve()
  File "/home/nl2951/OpenFUSIONToolkit/install_release/python/OpenFUSIONToolkit/TokaMaker/_core.py", line 695, in solve
    raise ValueError("Error in solve: {0}".format(error_string.value.decode()))
ValueError: Error in solve: Exceeded "maxits"                       

2026-06-08 22:54:54,050 pid=567318 weight_fb=1.00e-04 params=[ 10.      10.      72.642   60.162  120.5276   0.5543   0.4624   0.2649
   0.2016   0.1399]
Traceback (most recent call last):
  File "/home/nl2951/alfven/PF_location_optimization/opt_comp_combined_boundary.py", line 185, in _free_boundary_cost
    make_mesh(scan_geom, mesh_file, lim)
  File "/home/nl2951/alfven/PF_location_optimization/opt_comp_combined_boundary.py", line 165, in make_mesh
    mesh_pts, mesh_lc, mesh_reg = gs_mesh.build_mesh()
                                  ^^^^^^^^^^^^^^^^^^^^
  File "/home/nl2951/OpenFUSIONToolkit/install_release/python/OpenFUSIONToolkit/TokaMaker/meshing.py", line 628, in build_mesh
    raise ValueError('Meshing error: unclaimed region detected!')
ValueError: Meshing error: unclaimed region detected!

2026-06-08 23:17:12,457 pid=567318 weight_fb=1.00e-04 params=[10.     79.2686 87.2089 22.9041 79.681   0.2424  1.      0.2613  0.6189
  0.7352]
Traceback (most recent call last):
  File "/home/nl2951/alfven/PF_location_optimization/opt_comp_combined_boundary.py", line 185, in _free_boundary_cost
    make_mesh(scan_geom, mesh_file, lim)
  File "/home/nl2951/alfven/PF_location_optimization/opt_comp_combined_boundary.py", line 165, in make_mesh
    mesh_pts, mesh_lc, mesh_reg = gs_mesh.build_mesh()
                                  ^^^^^^^^^^^^^^^^^^^^
  File "/home/nl2951/OpenFUSIONToolkit/install_release/python/OpenFUSIONToolkit/TokaMaker/meshing.py", line 628, in build_mesh
    raise ValueError('Meshing error: unclaimed region detected!')
ValueError: Meshing error: unclaimed region detected!

2026-06-09 00:02:10,714 pid=567318 weight_fb=1.00e-04 params=[ 10.      10.      85.3246 118.256  135.9503   0.6557   1.       0.
   0.8706   0.4391]
Traceback (most recent call last):
  File "/home/nl2951/alfven/PF_location_optimization/opt_comp_combined_boundary.py", line 213, in _free_boundary_cost
    mygs.solve()
  File "/home/nl2951/OpenFUSIONToolkit/install_release/python/OpenFUSIONToolkit/TokaMaker/_core.py", line 695, in solve
    raise ValueError("Error in solve: {0}".format(error_string.value.decode()))
ValueError: Error in solve: Exceeded "maxits"                       

2026-06-09 00:11:29,687 pid=567318 weight_fb=1.00e-04 params=[ 10.      10.      84.8746 121.0458 134.0996   0.6885   1.       0.
   0.8766   0.261 ]
Traceback (most recent call last):
  File "/home/nl2951/alfven/PF_location_optimization/opt_comp_combined_boundary.py", line 213, in _free_boundary_cost
    mygs.solve()
  File "/home/nl2951/OpenFUSIONToolkit/install_release/python/OpenFUSIONToolkit/TokaMaker/_core.py", line 695, in solve
    raise ValueError("Error in solve: {0}".format(error_string.value.decode()))
ValueError: Error in solve: Exceeded "maxits"                       

2026-06-09 00:21:33,080 pid=567318 weight_fb=1.00e-04 params=[ 10.      10.      85.3182 118.5236 134.197    0.9618   1.       0.
   0.8745   0.264 ]
Traceback (most recent call last):
  File "/home/nl2951/alfven/PF_location_optimization/opt_comp_combined_boundary.py", line 185, in _free_boundary_cost
    make_mesh(scan_geom, mesh_file, lim)
  File "/home/nl2951/alfven/PF_location_optimization/opt_comp_combined_boundary.py", line 165, in make_mesh
    mesh_pts, mesh_lc, mesh_reg = gs_mesh.build_mesh()
                                  ^^^^^^^^^^^^^^^^^^^^
  File "/home/nl2951/OpenFUSIONToolkit/install_release/python/OpenFUSIONToolkit/TokaMaker/meshing.py", line 628, in build_mesh
    raise ValueError('Meshing error: unclaimed region detected!')
ValueError: Meshing error: unclaimed region detected!

2026-06-09 00:30:40,744 pid=567318 weight_fb=1.00e-04 params=[ 10.      10.      80.4752 115.7732 135.9926   0.6651   0.765    0.
   0.8295   0.3698]
Traceback (most recent call last):
  File "/home/nl2951/alfven/PF_location_optimization/opt_comp_combined_boundary.py", line 185, in _free_boundary_cost
    make_mesh(scan_geom, mesh_file, lim)
  File "/home/nl2951/alfven/PF_location_optimization/opt_comp_combined_boundary.py", line 165, in make_mesh
    mesh_pts, mesh_lc, mesh_reg = gs_mesh.build_mesh()
                                  ^^^^^^^^^^^^^^^^^^^^
  File "/home/nl2951/OpenFUSIONToolkit/install_release/python/OpenFUSIONToolkit/TokaMaker/meshing.py", line 628, in build_mesh
    raise ValueError('Meshing error: unclaimed region detected!')
ValueError: Meshing error: unclaimed region detected!

2026-06-09 00:43:46,273 pid=567318 weight_fb=1.00e-04 params=[ 10.      10.      80.1014 113.5654 136.9725   0.3006   0.2807   0.
   0.8139   0.5048]
Traceback (most recent call last):
  File "/home/nl2951/alfven/PF_location_optimization/opt_comp_combined_boundary.py", line 185, in _free_boundary_cost
    make_mesh(scan_geom, mesh_file, lim)
  File "/home/nl2951/alfven/PF_location_optimization/opt_comp_combined_boundary.py", line 165, in make_mesh
    mesh_pts, mesh_lc, mesh_reg = gs_mesh.build_mesh()
                                  ^^^^^^^^^^^^^^^^^^^^
  File "/home/nl2951/OpenFUSIONToolkit/install_release/python/OpenFUSIONToolkit/TokaMaker/meshing.py", line 628, in build_mesh
    raise ValueError('Meshing error: unclaimed region detected!')
ValueError: Meshing error: unclaimed region detected!

2026-06-09 00:53:48,283 pid=567318 weight_fb=1.00e-04 params=[ 10.      10.      78.7795  99.7511 139.5975   0.1778   0.2238   0.
   0.6959   0.7747]
Traceback (most recent call last):
  File "/home/nl2951/alfven/PF_location_optimization/opt_comp_combined_boundary.py", line 185, in _free_boundary_cost
    make_mesh(scan_geom, mesh_file, lim)
  File "/home/nl2951/alfven/PF_location_optimization/opt_comp_combined_boundary.py", line 165, in make_mesh
    mesh_pts, mesh_lc, mesh_reg = gs_mesh.build_mesh()
                                  ^^^^^^^^^^^^^^^^^^^^
  File "/home/nl2951/OpenFUSIONToolkit/install_release/python/OpenFUSIONToolkit/TokaMaker/meshing.py", line 628, in build_mesh
    raise ValueError('Meshing error: unclaimed region detected!')
ValueError: Meshing error: unclaimed region detected!

2026-06-09 00:56:38,149 pid=567318 weight_fb=1.00e-04 params=[1.0000e+01 1.0302e+02 6.1757e+01 1.0000e+01 1.0214e+02 7.4874e-01
 3.3694e-02 1.6527e-01 5.2764e-01 0.0000e+00]
Traceback (most recent call last):
  File "/home/nl2951/alfven/PF_location_optimization/opt_comp_combined_boundary.py", line 185, in _free_boundary_cost
    make_mesh(scan_geom, mesh_file, lim)
  File "/home/nl2951/alfven/PF_location_optimization/opt_comp_combined_boundary.py", line 165, in make_mesh
    mesh_pts, mesh_lc, mesh_reg = gs_mesh.build_mesh()
                                  ^^^^^^^^^^^^^^^^^^^^
  File "/home/nl2951/OpenFUSIONToolkit/install_release/python/OpenFUSIONToolkit/TokaMaker/meshing.py", line 628, in build_mesh
    raise ValueError('Meshing error: unclaimed region detected!')
ValueError: Meshing error: unclaimed region detected!

2026-06-09 00:59:33,975 pid=567318 weight_fb=1.00e-04 params=[1.0000e+01 1.0000e+01 7.9820e+01 1.0482e+02 1.4004e+02 1.0869e-01
 1.9868e-01 0.0000e+00 7.7785e-01 1.4917e-01]
Traceback (most recent call last):
  File "/home/nl2951/alfven/PF_location_optimization/opt_comp_combined_boundary.py", line 185, in _free_boundary_cost
    make_mesh(scan_geom, mesh_file, lim)
  File "/home/nl2951/alfven/PF_location_optimization/opt_comp_combined_boundary.py", line 165, in make_mesh
    mesh_pts, mesh_lc, mesh_reg = gs_mesh.build_mesh()
                                  ^^^^^^^^^^^^^^^^^^^^
  File "/home/nl2951/OpenFUSIONToolkit/install_release/python/OpenFUSIONToolkit/TokaMaker/meshing.py", line 628, in build_mesh
    raise ValueError('Meshing error: unclaimed region detected!')
ValueError: Meshing error: unclaimed region detected!

2026-06-09 01:02:25,013 pid=567318 weight_fb=1.00e-04 params=[122.6699  17.5267  11.1721 124.7036  91.0088   0.2322   0.661    0.2806
   0.4759   0.    ]
Traceback (most recent call last):
  File "/home/nl2951/alfven/PF_location_optimization/opt_comp_combined_boundary.py", line 185, in _free_boundary_cost
    make_mesh(scan_geom, mesh_file, lim)
  File "/home/nl2951/alfven/PF_location_optimization/opt_comp_combined_boundary.py", line 165, in make_mesh
    mesh_pts, mesh_lc, mesh_reg = gs_mesh.build_mesh()
                                  ^^^^^^^^^^^^^^^^^^^^
  File "/home/nl2951/OpenFUSIONToolkit/install_release/python/OpenFUSIONToolkit/TokaMaker/meshing.py", line 628, in build_mesh
    raise ValueError('Meshing error: unclaimed region detected!')
ValueError: Meshing error: unclaimed region detected!

2026-06-09 01:03:12,323 pid=567318 weight_fb=1.00e-04 params=[124.6471  12.7468  14.4185 122.6333  92.3961   0.6739   0.8201   0.2511
   0.4931   0.    ]
Traceback (most recent call last):
  File "/home/nl2951/alfven/PF_location_optimization/opt_comp_combined_boundary.py", line 185, in _free_boundary_cost
    make_mesh(scan_geom, mesh_file, lim)
  File "/home/nl2951/alfven/PF_location_optimization/opt_comp_combined_boundary.py", line 165, in make_mesh
    mesh_pts, mesh_lc, mesh_reg = gs_mesh.build_mesh()
                                  ^^^^^^^^^^^^^^^^^^^^
  File "/home/nl2951/OpenFUSIONToolkit/install_release/python/OpenFUSIONToolkit/TokaMaker/meshing.py", line 628, in build_mesh
    raise ValueError('Meshing error: unclaimed region detected!')
ValueError: Meshing error: unclaimed region detected!

2026-06-09 01:04:01,560 pid=567318 weight_fb=1.00e-04 params=[121.8473  18.9885  12.9924 124.9785  91.7637   0.2476   0.3606   0.
   0.4878   0.    ]
Traceback (most recent call last):
  File "/home/nl2951/alfven/PF_location_optimization/opt_comp_combined_boundary.py", line 185, in _free_boundary_cost
    make_mesh(scan_geom, mesh_file, lim)
  File "/home/nl2951/alfven/PF_location_optimization/opt_comp_combined_boundary.py", line 165, in make_mesh
    mesh_pts, mesh_lc, mesh_reg = gs_mesh.build_mesh()
                                  ^^^^^^^^^^^^^^^^^^^^
  File "/home/nl2951/OpenFUSIONToolkit/install_release/python/OpenFUSIONToolkit/TokaMaker/meshing.py", line 628, in build_mesh
    raise ValueError('Meshing error: unclaimed region detected!')
ValueError: Meshing error: unclaimed region detected!

2026-06-09 01:04:48,399 pid=567318 weight_fb=1.00e-04 params=[122.0464  19.551   13.1011 125.2337  91.7814   0.1402   0.3701   0.
   0.489    0.    ]
Traceback (most recent call last):
  File "/home/nl2951/alfven/PF_location_optimization/opt_comp_combined_boundary.py", line 185, in _free_boundary_cost
    make_mesh(scan_geom, mesh_file, lim)
  File "/home/nl2951/alfven/PF_location_optimization/opt_comp_combined_boundary.py", line 165, in make_mesh
    mesh_pts, mesh_lc, mesh_reg = gs_mesh.build_mesh()
                                  ^^^^^^^^^^^^^^^^^^^^
  File "/home/nl2951/OpenFUSIONToolkit/install_release/python/OpenFUSIONToolkit/TokaMaker/meshing.py", line 628, in build_mesh
    raise ValueError('Meshing error: unclaimed region detected!')
ValueError: Meshing error: unclaimed region detected!

2026-06-09 01:12:08,303 pid=567318 weight_fb=1.00e-04 params=[124.2117  11.14    15.7093 122.4264  92.8676   0.2216   0.6545   0.2029
   0.4999   0.    ]
Traceback (most recent call last):
  File "/home/nl2951/alfven/PF_location_optimization/opt_comp_combined_boundary.py", line 185, in _free_boundary_cost
    make_mesh(scan_geom, mesh_file, lim)
  File "/home/nl2951/alfven/PF_location_optimization/opt_comp_combined_boundary.py", line 165, in make_mesh
    mesh_pts, mesh_lc, mesh_reg = gs_mesh.build_mesh()
                                  ^^^^^^^^^^^^^^^^^^^^
  File "/home/nl2951/OpenFUSIONToolkit/install_release/python/OpenFUSIONToolkit/TokaMaker/meshing.py", line 628, in build_mesh
    raise ValueError('Meshing error: unclaimed region detected!')
ValueError: Meshing error: unclaimed region detected!

2026-06-09 01:15:14,147 pid=567318 weight_fb=1.00e-04 params=[125.0837  10.7233  15.7835 121.9132  92.9187   0.4487   0.503    0.7224
   0.502    0.    ]
Traceback (most recent call last):
  File "/home/nl2951/alfven/PF_location_optimization/opt_comp_combined_boundary.py", line 185, in _free_boundary_cost
    make_mesh(scan_geom, mesh_file, lim)
  File "/home/nl2951/alfven/PF_location_optimization/opt_comp_combined_boundary.py", line 165, in make_mesh
    mesh_pts, mesh_lc, mesh_reg = gs_mesh.build_mesh()
                                  ^^^^^^^^^^^^^^^^^^^^
  File "/home/nl2951/OpenFUSIONToolkit/install_release/python/OpenFUSIONToolkit/TokaMaker/meshing.py", line 628, in build_mesh
    raise ValueError('Meshing error: unclaimed region detected!')
ValueError: Meshing error: unclaimed region detected!

2026-06-09 01:18:22,405 pid=567318 weight_fb=1.00e-04 params=[126.6691  10.      16.3324 120.1579  93.166    0.727    0.3214   0.1974
   0.5077   0.    ]
Traceback (most recent call last):
  File "/home/nl2951/alfven/PF_location_optimization/opt_comp_combined_boundary.py", line 185, in _free_boundary_cost
    make_mesh(scan_geom, mesh_file, lim)
  File "/home/nl2951/alfven/PF_location_optimization/opt_comp_combined_boundary.py", line 165, in make_mesh
    mesh_pts, mesh_lc, mesh_reg = gs_mesh.build_mesh()
                                  ^^^^^^^^^^^^^^^^^^^^
  File "/home/nl2951/OpenFUSIONToolkit/install_release/python/OpenFUSIONToolkit/TokaMaker/meshing.py", line 628, in build_mesh
    raise ValueError('Meshing error: unclaimed region detected!')
ValueError: Meshing error: unclaimed region detected!

2026-06-09 01:24:46,627 pid=567318 weight_fb=1.00e-04 params=[ 10.      10.      67.7497  64.7869 111.7656   0.3157   0.9537   0.1456
   0.       0.    ]
Traceback (most recent call last):
  File "/home/nl2951/alfven/PF_location_optimization/opt_comp_combined_boundary.py", line 185, in _free_boundary_cost
    make_mesh(scan_geom, mesh_file, lim)
  File "/home/nl2951/alfven/PF_location_optimization/opt_comp_combined_boundary.py", line 165, in make_mesh
    mesh_pts, mesh_lc, mesh_reg = gs_mesh.build_mesh()
                                  ^^^^^^^^^^^^^^^^^^^^
  File "/home/nl2951/OpenFUSIONToolkit/install_release/python/OpenFUSIONToolkit/TokaMaker/meshing.py", line 628, in build_mesh
    raise ValueError('Meshing error: unclaimed region detected!')
ValueError: Meshing error: unclaimed region detected!

2026-06-09 01:31:10,761 pid=567318 weight_fb=1.00e-04 params=[ 10.      10.      68.0985  64.0657 116.4158   0.3928   0.1583   0.1945
   0.       0.238 ]
Traceback (most recent call last):
  File "/home/nl2951/alfven/PF_location_optimization/opt_comp_combined_boundary.py", line 185, in _free_boundary_cost
    make_mesh(scan_geom, mesh_file, lim)
  File "/home/nl2951/alfven/PF_location_optimization/opt_comp_combined_boundary.py", line 165, in make_mesh
    mesh_pts, mesh_lc, mesh_reg = gs_mesh.build_mesh()
                                  ^^^^^^^^^^^^^^^^^^^^
  File "/home/nl2951/OpenFUSIONToolkit/install_release/python/OpenFUSIONToolkit/TokaMaker/meshing.py", line 628, in build_mesh
    raise ValueError('Meshing error: unclaimed region detected!')
ValueError: Meshing error: unclaimed region detected!

2026-06-09 01:35:20,170 pid=567318 weight_fb=1.00e-04 params=[1.0000e+01 1.0000e+01 6.7005e+01 6.3415e+01 1.1640e+02 5.6153e-01
 1.0000e+00 1.4468e-01 0.0000e+00 3.1639e-02]
Traceback (most recent call last):
  File "/home/nl2951/alfven/PF_location_optimization/opt_comp_combined_boundary.py", line 185, in _free_boundary_cost
    make_mesh(scan_geom, mesh_file, lim)
  File "/home/nl2951/alfven/PF_location_optimization/opt_comp_combined_boundary.py", line 165, in make_mesh
    mesh_pts, mesh_lc, mesh_reg = gs_mesh.build_mesh()
                                  ^^^^^^^^^^^^^^^^^^^^
  File "/home/nl2951/OpenFUSIONToolkit/install_release/python/OpenFUSIONToolkit/TokaMaker/meshing.py", line 628, in build_mesh
    raise ValueError('Meshing error: unclaimed region detected!')
ValueError: Meshing error: unclaimed region detected!

2026-06-09 01:40:46,605 pid=567318 weight_fb=1.00e-04 params=[ 10.      10.      83.2231 105.0102 127.4506   0.9389   1.       0.4747
   0.8399   0.2821]
Traceback (most recent call last):
  File "/home/nl2951/alfven/PF_location_optimization/opt_comp_combined_boundary.py", line 185, in _free_boundary_cost
    make_mesh(scan_geom, mesh_file, lim)
  File "/home/nl2951/alfven/PF_location_optimization/opt_comp_combined_boundary.py", line 165, in make_mesh
    mesh_pts, mesh_lc, mesh_reg = gs_mesh.build_mesh()
                                  ^^^^^^^^^^^^^^^^^^^^
  File "/home/nl2951/OpenFUSIONToolkit/install_release/python/OpenFUSIONToolkit/TokaMaker/meshing.py", line 628, in build_mesh
    raise ValueError('Meshing error: unclaimed region detected!')
ValueError: Meshing error: unclaimed region detected!

2026-06-09 02:03:35,745 pid=567318 weight_fb=1.00e-04 params=[ 10.      10.      79.193   98.7707 135.0603   0.9857   1.       0.5131
   0.8396   0.2524]
Traceback (most recent call last):
  File "/home/nl2951/alfven/PF_location_optimization/opt_comp_combined_boundary.py", line 185, in _free_boundary_cost
    make_mesh(scan_geom, mesh_file, lim)
  File "/home/nl2951/alfven/PF_location_optimization/opt_comp_combined_boundary.py", line 165, in make_mesh
    mesh_pts, mesh_lc, mesh_reg = gs_mesh.build_mesh()
                                  ^^^^^^^^^^^^^^^^^^^^
  File "/home/nl2951/OpenFUSIONToolkit/install_release/python/OpenFUSIONToolkit/TokaMaker/meshing.py", line 628, in build_mesh
    raise ValueError('Meshing error: unclaimed region detected!')
ValueError: Meshing error: unclaimed region detected!

2026-06-09 02:06:46,712 pid=567318 weight_fb=1.00e-04 params=[1.0000e+01 1.0000e+01 7.6929e+01 1.0183e+02 1.3722e+02 4.1442e-01
 4.8161e-01 6.3294e-01 8.6949e-01 3.4042e-02]
Traceback (most recent call last):
  File "/home/nl2951/alfven/PF_location_optimization/opt_comp_combined_boundary.py", line 185, in _free_boundary_cost
    make_mesh(scan_geom, mesh_file, lim)
  File "/home/nl2951/alfven/PF_location_optimization/opt_comp_combined_boundary.py", line 165, in make_mesh
    mesh_pts, mesh_lc, mesh_reg = gs_mesh.build_mesh()
                                  ^^^^^^^^^^^^^^^^^^^^
  File "/home/nl2951/OpenFUSIONToolkit/install_release/python/OpenFUSIONToolkit/TokaMaker/meshing.py", line 628, in build_mesh
    raise ValueError('Meshing error: unclaimed region detected!')
ValueError: Meshing error: unclaimed region detected!

2026-06-09 02:10:58,241 pid=567318 weight_fb=1.00e-04 params=[ 10.      10.      76.9073  93.23   141.0716   0.4569   0.5434   0.7873
   0.832    0.7218]
Traceback (most recent call last):
  File "/home/nl2951/alfven/PF_location_optimization/opt_comp_combined_boundary.py", line 185, in _free_boundary_cost
    make_mesh(scan_geom, mesh_file, lim)
  File "/home/nl2951/alfven/PF_location_optimization/opt_comp_combined_boundary.py", line 165, in make_mesh
    mesh_pts, mesh_lc, mesh_reg = gs_mesh.build_mesh()
                                  ^^^^^^^^^^^^^^^^^^^^
  File "/home/nl2951/OpenFUSIONToolkit/install_release/python/OpenFUSIONToolkit/TokaMaker/meshing.py", line 628, in build_mesh
    raise ValueError('Meshing error: unclaimed region detected!')
ValueError: Meshing error: unclaimed region detected!

2026-06-09 02:16:27,443 pid=567318 weight_fb=1.00e-04 params=[ 10.      10.      78.0319  91.9819 140.9018   0.5857   0.6304   0.8972
   0.7874   0.5624]
Traceback (most recent call last):
  File "/home/nl2951/alfven/PF_location_optimization/opt_comp_combined_boundary.py", line 185, in _free_boundary_cost
    make_mesh(scan_geom, mesh_file, lim)
  File "/home/nl2951/alfven/PF_location_optimization/opt_comp_combined_boundary.py", line 165, in make_mesh
    mesh_pts, mesh_lc, mesh_reg = gs_mesh.build_mesh()
                                  ^^^^^^^^^^^^^^^^^^^^
  File "/home/nl2951/OpenFUSIONToolkit/install_release/python/OpenFUSIONToolkit/TokaMaker/meshing.py", line 628, in build_mesh
    raise ValueError('Meshing error: unclaimed region detected!')
ValueError: Meshing error: unclaimed region detected!

2026-06-09 02:17:21,174 pid=567318 weight_fb=1.00e-04 params=[ 10.      10.      78.4851  88.3103 140.5452   0.9577   0.914    0.2701
   0.7347   0.8875]
Traceback (most recent call last):
  File "/home/nl2951/alfven/PF_location_optimization/opt_comp_combined_boundary.py", line 185, in _free_boundary_cost
    make_mesh(scan_geom, mesh_file, lim)
  File "/home/nl2951/alfven/PF_location_optimization/opt_comp_combined_boundary.py", line 165, in make_mesh
    mesh_pts, mesh_lc, mesh_reg = gs_mesh.build_mesh()
                                  ^^^^^^^^^^^^^^^^^^^^
  File "/home/nl2951/OpenFUSIONToolkit/install_release/python/OpenFUSIONToolkit/TokaMaker/meshing.py", line 628, in build_mesh
    raise ValueError('Meshing error: unclaimed region detected!')
ValueError: Meshing error: unclaimed region detected!

2026-06-09 02:31:09,779 pid=567318 weight_fb=1.00e-04 params=[1.0000e+01 1.0000e+01 6.2796e+01 5.8001e+01 1.1878e+02 5.1541e-01
 4.1865e-01 4.3145e-01 0.0000e+00 1.1762e-01]
Traceback (most recent call last):
  File "/home/nl2951/alfven/PF_location_optimization/opt_comp_combined_boundary.py", line 185, in _free_boundary_cost
    make_mesh(scan_geom, mesh_file, lim)
  File "/home/nl2951/alfven/PF_location_optimization/opt_comp_combined_boundary.py", line 165, in make_mesh
    mesh_pts, mesh_lc, mesh_reg = gs_mesh.build_mesh()
                                  ^^^^^^^^^^^^^^^^^^^^
  File "/home/nl2951/OpenFUSIONToolkit/install_release/python/OpenFUSIONToolkit/TokaMaker/meshing.py", line 628, in build_mesh
    raise ValueError('Meshing error: unclaimed region detected!')
ValueError: Meshing error: unclaimed region detected!

2026-06-09 02:31:58,809 pid=567318 weight_fb=1.00e-04 params=[ 10.     132.08    54.5141  10.      89.0969   0.6575   1.       0.5931
   0.6103   0.6837]
Traceback (most recent call last):
  File "/home/nl2951/alfven/PF_location_optimization/opt_comp_combined_boundary.py", line 185, in _free_boundary_cost
    make_mesh(scan_geom, mesh_file, lim)
  File "/home/nl2951/alfven/PF_location_optimization/opt_comp_combined_boundary.py", line 165, in make_mesh
    mesh_pts, mesh_lc, mesh_reg = gs_mesh.build_mesh()
                                  ^^^^^^^^^^^^^^^^^^^^
  File "/home/nl2951/OpenFUSIONToolkit/install_release/python/OpenFUSIONToolkit/TokaMaker/meshing.py", line 628, in build_mesh
    raise ValueError('Meshing error: unclaimed region detected!')
ValueError: Meshing error: unclaimed region detected!

2026-06-09 02:40:48,213 pid=567318 weight_fb=1.00e-04 params=[ 10.     132.8717  53.424   10.      89.5425   0.5901   0.5305   0.6331
   0.5872   0.9071]
Traceback (most recent call last):
  File "/home/nl2951/alfven/PF_location_optimization/opt_comp_combined_boundary.py", line 185, in _free_boundary_cost
    make_mesh(scan_geom, mesh_file, lim)
  File "/home/nl2951/alfven/PF_location_optimization/opt_comp_combined_boundary.py", line 165, in make_mesh
    mesh_pts, mesh_lc, mesh_reg = gs_mesh.build_mesh()
                                  ^^^^^^^^^^^^^^^^^^^^
  File "/home/nl2951/OpenFUSIONToolkit/install_release/python/OpenFUSIONToolkit/TokaMaker/meshing.py", line 628, in build_mesh
    raise ValueError('Meshing error: unclaimed region detected!')
ValueError: Meshing error: unclaimed region detected!

2026-06-09 02:48:29,653 pid=567318 weight_fb=1.00e-04 params=[ 10.      10.     169.6328  19.0579  61.9506   0.9677   1.       0.1979
   0.36     0.8905]
Traceback (most recent call last):
  File "/home/nl2951/alfven/PF_location_optimization/opt_comp_combined_boundary.py", line 185, in _free_boundary_cost
    make_mesh(scan_geom, mesh_file, lim)
  File "/home/nl2951/alfven/PF_location_optimization/opt_comp_combined_boundary.py", line 165, in make_mesh
    mesh_pts, mesh_lc, mesh_reg = gs_mesh.build_mesh()
                                  ^^^^^^^^^^^^^^^^^^^^
  File "/home/nl2951/OpenFUSIONToolkit/install_release/python/OpenFUSIONToolkit/TokaMaker/meshing.py", line 628, in build_mesh
    raise ValueError('Meshing error: unclaimed region detected!')
ValueError: Meshing error: unclaimed region detected!

2026-06-09 03:03:40,351 pid=567318 weight_fb=1.00e-04 params=[ 10.      10.      58.1286  55.6517 122.4839   0.6459   0.5445   0.4791
   0.       0.4118]
Traceback (most recent call last):
  File "/home/nl2951/alfven/PF_location_optimization/opt_comp_combined_boundary.py", line 185, in _free_boundary_cost
    make_mesh(scan_geom, mesh_file, lim)
  File "/home/nl2951/alfven/PF_location_optimization/opt_comp_combined_boundary.py", line 165, in make_mesh
    mesh_pts, mesh_lc, mesh_reg = gs_mesh.build_mesh()
                                  ^^^^^^^^^^^^^^^^^^^^
  File "/home/nl2951/OpenFUSIONToolkit/install_release/python/OpenFUSIONToolkit/TokaMaker/meshing.py", line 628, in build_mesh
    raise ValueError('Meshing error: unclaimed region detected!')
ValueError: Meshing error: unclaimed region detected!

2026-06-09 03:12:49,833 pid=567318 weight_fb=1.00e-04 params=[ 10.     127.7553  50.996   10.      94.3123   0.5624   0.9677   1.
   0.6537   0.9433]
Traceback (most recent call last):
  File "/home/nl2951/alfven/PF_location_optimization/opt_comp_combined_boundary.py", line 185, in _free_boundary_cost
    make_mesh(scan_geom, mesh_file, lim)
  File "/home/nl2951/alfven/PF_location_optimization/opt_comp_combined_boundary.py", line 165, in make_mesh
    mesh_pts, mesh_lc, mesh_reg = gs_mesh.build_mesh()
                                  ^^^^^^^^^^^^^^^^^^^^
  File "/home/nl2951/OpenFUSIONToolkit/install_release/python/OpenFUSIONToolkit/TokaMaker/meshing.py", line 628, in build_mesh
    raise ValueError('Meshing error: unclaimed region detected!')
ValueError: Meshing error: unclaimed region detected!

2026-06-09 03:13:40,893 pid=567318 weight_fb=1.00e-04 params=[ 10.     128.902   50.8557  10.      94.1081   0.6327   0.8305   0.3813
   0.667    0.5012]
Traceback (most recent call last):
  File "/home/nl2951/alfven/PF_location_optimization/opt_comp_combined_boundary.py", line 185, in _free_boundary_cost
    make_mesh(scan_geom, mesh_file, lim)
  File "/home/nl2951/alfven/PF_location_optimization/opt_comp_combined_boundary.py", line 165, in make_mesh
    mesh_pts, mesh_lc, mesh_reg = gs_mesh.build_mesh()
                                  ^^^^^^^^^^^^^^^^^^^^
  File "/home/nl2951/OpenFUSIONToolkit/install_release/python/OpenFUSIONToolkit/TokaMaker/meshing.py", line 628, in build_mesh
    raise ValueError('Meshing error: unclaimed region detected!')
ValueError: Meshing error: unclaimed region detected!

2026-06-09 03:19:45,541 pid=567318 weight_fb=1.00e-04 params=[ 10.     126.2245  51.6887  10.      94.0484   0.5265   0.5104   0.6494
   0.6167   0.5795]
Traceback (most recent call last):
  File "/home/nl2951/alfven/PF_location_optimization/opt_comp_combined_boundary.py", line 185, in _free_boundary_cost
    make_mesh(scan_geom, mesh_file, lim)
  File "/home/nl2951/alfven/PF_location_optimization/opt_comp_combined_boundary.py", line 165, in make_mesh
    mesh_pts, mesh_lc, mesh_reg = gs_mesh.build_mesh()
                                  ^^^^^^^^^^^^^^^^^^^^
  File "/home/nl2951/OpenFUSIONToolkit/install_release/python/OpenFUSIONToolkit/TokaMaker/meshing.py", line 628, in build_mesh
    raise ValueError('Meshing error: unclaimed region detected!')
ValueError: Meshing error: unclaimed region detected!

2026-06-09 03:23:24,355 pid=567318 weight_fb=1.00e-04 params=[1.0000e+01 1.1819e+02 6.1033e+01 1.0000e+01 9.7629e+01 9.3580e-01
 8.1275e-01 8.8604e-02 1.0000e+00 1.1666e-02]
Traceback (most recent call last):
  File "/home/nl2951/alfven/PF_location_optimization/opt_comp_combined_boundary.py", line 185, in _free_boundary_cost
    make_mesh(scan_geom, mesh_file, lim)
  File "/home/nl2951/alfven/PF_location_optimization/opt_comp_combined_boundary.py", line 165, in make_mesh
    mesh_pts, mesh_lc, mesh_reg = gs_mesh.build_mesh()
                                  ^^^^^^^^^^^^^^^^^^^^
  File "/home/nl2951/OpenFUSIONToolkit/install_release/python/OpenFUSIONToolkit/TokaMaker/meshing.py", line 628, in build_mesh
    raise ValueError('Meshing error: unclaimed region detected!')
ValueError: Meshing error: unclaimed region detected!

2026-06-09 03:32:03,966 pid=567318 weight_fb=1.00e-04 params=[ 10.     126.203   53.0785  10.      95.0891   0.5717   0.3166   0.6173
   0.6636   0.5469]
Traceback (most recent call last):
  File "/home/nl2951/alfven/PF_location_optimization/opt_comp_combined_boundary.py", line 185, in _free_boundary_cost
    make_mesh(scan_geom, mesh_file, lim)
  File "/home/nl2951/alfven/PF_location_optimization/opt_comp_combined_boundary.py", line 165, in make_mesh
    mesh_pts, mesh_lc, mesh_reg = gs_mesh.build_mesh()
                                  ^^^^^^^^^^^^^^^^^^^^
  File "/home/nl2951/OpenFUSIONToolkit/install_release/python/OpenFUSIONToolkit/TokaMaker/meshing.py", line 628, in build_mesh
    raise ValueError('Meshing error: unclaimed region detected!')
ValueError: Meshing error: unclaimed region detected!

2026-06-09 03:32:55,064 pid=567318 weight_fb=1.00e-04 params=[1.0000e+01 1.2524e+02 5.4018e+01 1.0000e+01 9.5713e+01 6.6204e-01
 7.9005e-02 6.7428e-01 7.1139e-01 4.6221e-01]
Traceback (most recent call last):
  File "/home/nl2951/alfven/PF_location_optimization/opt_comp_combined_boundary.py", line 185, in _free_boundary_cost
    make_mesh(scan_geom, mesh_file, lim)
  File "/home/nl2951/alfven/PF_location_optimization/opt_comp_combined_boundary.py", line 165, in make_mesh
    mesh_pts, mesh_lc, mesh_reg = gs_mesh.build_mesh()
                                  ^^^^^^^^^^^^^^^^^^^^
  File "/home/nl2951/OpenFUSIONToolkit/install_release/python/OpenFUSIONToolkit/TokaMaker/meshing.py", line 628, in build_mesh
    raise ValueError('Meshing error: unclaimed region detected!')
ValueError: Meshing error: unclaimed region detected!

2026-06-09 03:36:19,471 pid=567318 weight_fb=1.00e-04 params=[1.0000e+01 1.2549e+02 5.4570e+01 1.0000e+01 9.6118e+01 8.1233e-01
 2.6326e-02 4.3997e-01 7.1368e-01 8.1215e-01]
Traceback (most recent call last):
  File "/home/nl2951/alfven/PF_location_optimization/opt_comp_combined_boundary.py", line 185, in _free_boundary_cost
    make_mesh(scan_geom, mesh_file, lim)
  File "/home/nl2951/alfven/PF_location_optimization/opt_comp_combined_boundary.py", line 165, in make_mesh
    mesh_pts, mesh_lc, mesh_reg = gs_mesh.build_mesh()
                                  ^^^^^^^^^^^^^^^^^^^^
  File "/home/nl2951/OpenFUSIONToolkit/install_release/python/OpenFUSIONToolkit/TokaMaker/meshing.py", line 628, in build_mesh
    raise ValueError('Meshing error: unclaimed region detected!')
ValueError: Meshing error: unclaimed region detected!

2026-06-09 03:37:13,667 pid=567318 weight_fb=1.00e-04 params=[1.0000e+01 1.2621e+02 5.4020e+01 1.0000e+01 9.5617e+01 7.8848e-01
 3.2794e-02 4.5013e-02 6.9919e-01 2.2263e-01]
Traceback (most recent call last):
  File "/home/nl2951/alfven/PF_location_optimization/opt_comp_combined_boundary.py", line 185, in _free_boundary_cost
    make_mesh(scan_geom, mesh_file, lim)
  File "/home/nl2951/alfven/PF_location_optimization/opt_comp_combined_boundary.py", line 165, in make_mesh
    mesh_pts, mesh_lc, mesh_reg = gs_mesh.build_mesh()
                                  ^^^^^^^^^^^^^^^^^^^^
  File "/home/nl2951/OpenFUSIONToolkit/install_release/python/OpenFUSIONToolkit/TokaMaker/meshing.py", line 628, in build_mesh
    raise ValueError('Meshing error: unclaimed region detected!')
ValueError: Meshing error: unclaimed region detected!

2026-06-09 03:39:22,332 pid=567318 weight_fb=1.00e-04 params=[1.0000e+01 1.2531e+02 5.6042e+01 1.0000e+01 9.6637e+01 6.8507e-01
 6.0543e-02 3.8361e-01 7.7982e-01 1.6479e-02]
Traceback (most recent call last):
  File "/home/nl2951/alfven/PF_location_optimization/opt_comp_combined_boundary.py", line 185, in _free_boundary_cost
    make_mesh(scan_geom, mesh_file, lim)
  File "/home/nl2951/alfven/PF_location_optimization/opt_comp_combined_boundary.py", line 165, in make_mesh
    mesh_pts, mesh_lc, mesh_reg = gs_mesh.build_mesh()
                                  ^^^^^^^^^^^^^^^^^^^^
  File "/home/nl2951/OpenFUSIONToolkit/install_release/python/OpenFUSIONToolkit/TokaMaker/meshing.py", line 628, in build_mesh
    raise ValueError('Meshing error: unclaimed region detected!')
ValueError: Meshing error: unclaimed region detected!

2026-06-09 03:49:13,084 pid=567318 weight_fb=1.00e-04 params=[ 10.     125.1259  52.3777  10.      93.8248   0.7116   0.3776   0.3929
   0.6064   0.7769]
Traceback (most recent call last):
  File "/home/nl2951/alfven/PF_location_optimization/opt_comp_combined_boundary.py", line 185, in _free_boundary_cost
    make_mesh(scan_geom, mesh_file, lim)
  File "/home/nl2951/alfven/PF_location_optimization/opt_comp_combined_boundary.py", line 165, in make_mesh
    mesh_pts, mesh_lc, mesh_reg = gs_mesh.build_mesh()
                                  ^^^^^^^^^^^^^^^^^^^^
  File "/home/nl2951/OpenFUSIONToolkit/install_release/python/OpenFUSIONToolkit/TokaMaker/meshing.py", line 628, in build_mesh
    raise ValueError('Meshing error: unclaimed region detected!')
ValueError: Meshing error: unclaimed region detected!

2026-06-09 03:56:50,909 pid=567318 weight_fb=1.00e-04 params=[1.0000e+01 1.1831e+02 6.3586e+01 1.0335e+01 9.8612e+01 9.1165e-01
 7.6965e-01 3.9265e-02 1.0000e+00 3.7562e-01]
Traceback (most recent call last):
  File "/home/nl2951/alfven/PF_location_optimization/opt_comp_combined_boundary.py", line 185, in _free_boundary_cost
    make_mesh(scan_geom, mesh_file, lim)
  File "/home/nl2951/alfven/PF_location_optimization/opt_comp_combined_boundary.py", line 165, in make_mesh
    mesh_pts, mesh_lc, mesh_reg = gs_mesh.build_mesh()
                                  ^^^^^^^^^^^^^^^^^^^^
  File "/home/nl2951/OpenFUSIONToolkit/install_release/python/OpenFUSIONToolkit/TokaMaker/meshing.py", line 628, in build_mesh
    raise ValueError('Meshing error: unclaimed region detected!')
ValueError: Meshing error: unclaimed region detected!

2026-06-09 04:00:10,238 pid=567318 weight_fb=1.00e-04 params=[ 28.3241  23.8649 143.4178  45.1076  46.2824   0.4569   1.       0.
   0.       0.    ]
Traceback (most recent call last):
  File "/home/nl2951/alfven/PF_location_optimization/opt_comp_combined_boundary.py", line 185, in _free_boundary_cost
    make_mesh(scan_geom, mesh_file, lim)
  File "/home/nl2951/alfven/PF_location_optimization/opt_comp_combined_boundary.py", line 165, in make_mesh
    mesh_pts, mesh_lc, mesh_reg = gs_mesh.build_mesh()
                                  ^^^^^^^^^^^^^^^^^^^^
  File "/home/nl2951/OpenFUSIONToolkit/install_release/python/OpenFUSIONToolkit/TokaMaker/meshing.py", line 628, in build_mesh
    raise ValueError('Meshing error: unclaimed region detected!')
ValueError: Meshing error: unclaimed region detected!

2026-06-09 04:02:21,004 pid=567318 weight_fb=1.00e-04 params=[ 28.1024  23.9006 143.1797  46.6133  46.4158   0.5443   0.9883   0.
   0.       0.    ]
Traceback (most recent call last):
  File "/home/nl2951/alfven/PF_location_optimization/opt_comp_combined_boundary.py", line 185, in _free_boundary_cost
    make_mesh(scan_geom, mesh_file, lim)
  File "/home/nl2951/alfven/PF_location_optimization/opt_comp_combined_boundary.py", line 165, in make_mesh
    mesh_pts, mesh_lc, mesh_reg = gs_mesh.build_mesh()
                                  ^^^^^^^^^^^^^^^^^^^^
  File "/home/nl2951/OpenFUSIONToolkit/install_release/python/OpenFUSIONToolkit/TokaMaker/meshing.py", line 628, in build_mesh
    raise ValueError('Meshing error: unclaimed region detected!')
ValueError: Meshing error: unclaimed region detected!

2026-06-09 04:07:13,344 pid=567318 weight_fb=1.00e-04 params=[2.8139e+01 2.0999e+01 1.4663e+02 4.3108e+01 4.5192e+01 5.7267e-01
 8.6346e-01 4.6678e-02 0.0000e+00 1.1898e-01]
Traceback (most recent call last):
  File "/home/nl2951/alfven/PF_location_optimization/opt_comp_combined_boundary.py", line 185, in _free_boundary_cost
    make_mesh(scan_geom, mesh_file, lim)
  File "/home/nl2951/alfven/PF_location_optimization/opt_comp_combined_boundary.py", line 165, in make_mesh
    mesh_pts, mesh_lc, mesh_reg = gs_mesh.build_mesh()
                                  ^^^^^^^^^^^^^^^^^^^^
  File "/home/nl2951/OpenFUSIONToolkit/install_release/python/OpenFUSIONToolkit/TokaMaker/meshing.py", line 628, in build_mesh
    raise ValueError('Meshing error: unclaimed region detected!')
ValueError: Meshing error: unclaimed region detected!

2026-06-09 04:08:13,752 pid=567318 weight_fb=1.00e-04 params=[ 27.3491  19.1285 148.0816  41.3794  44.2909   0.607    0.5882   0.7164
   0.       0.    ]
Traceback (most recent call last):
  File "/home/nl2951/alfven/PF_location_optimization/opt_comp_combined_boundary.py", line 185, in _free_boundary_cost
    make_mesh(scan_geom, mesh_file, lim)
  File "/home/nl2951/alfven/PF_location_optimization/opt_comp_combined_boundary.py", line 165, in make_mesh
    mesh_pts, mesh_lc, mesh_reg = gs_mesh.build_mesh()
                                  ^^^^^^^^^^^^^^^^^^^^
  File "/home/nl2951/OpenFUSIONToolkit/install_release/python/OpenFUSIONToolkit/TokaMaker/meshing.py", line 628, in build_mesh
    raise ValueError('Meshing error: unclaimed region detected!')
ValueError: Meshing error: unclaimed region detected!

2026-06-09 04:47:54,371 pid=567318 weight_fb=1.00e-04 params=[ 10.      10.     170.     136.8879  10.       0.427    0.644    0.6221
   0.       0.5642]
Traceback (most recent call last):
  File "/home/nl2951/alfven/PF_location_optimization/opt_comp_combined_boundary.py", line 185, in _free_boundary_cost
    make_mesh(scan_geom, mesh_file, lim)
  File "/home/nl2951/alfven/PF_location_optimization/opt_comp_combined_boundary.py", line 165, in make_mesh
    mesh_pts, mesh_lc, mesh_reg = gs_mesh.build_mesh()
                                  ^^^^^^^^^^^^^^^^^^^^
  File "/home/nl2951/OpenFUSIONToolkit/install_release/python/OpenFUSIONToolkit/TokaMaker/meshing.py", line 628, in build_mesh
    raise ValueError('Meshing error: unclaimed region detected!')
ValueError: Meshing error: unclaimed region detected!

2026-06-09 04:50:14,601 pid=567318 weight_fb=1.00e-04 params=[ 10.      10.     170.     138.3106  10.       1.       0.9656   0.
   0.       0.    ]
Traceback (most recent call last):
  File "/home/nl2951/alfven/PF_location_optimization/opt_comp_combined_boundary.py", line 185, in _free_boundary_cost
    make_mesh(scan_geom, mesh_file, lim)
  File "/home/nl2951/alfven/PF_location_optimization/opt_comp_combined_boundary.py", line 165, in make_mesh
    mesh_pts, mesh_lc, mesh_reg = gs_mesh.build_mesh()
                                  ^^^^^^^^^^^^^^^^^^^^
  File "/home/nl2951/OpenFUSIONToolkit/install_release/python/OpenFUSIONToolkit/TokaMaker/meshing.py", line 628, in build_mesh
    raise ValueError('Meshing error: unclaimed region detected!')
ValueError: Meshing error: unclaimed region detected!

2026-06-09 04:51:09,911 pid=567318 weight_fb=1.00e-04 params=[1.0000e+01 1.0000e+01 1.7000e+02 1.4031e+02 1.0000e+01 9.7240e-01
 1.0000e+00 7.8328e-02 0.0000e+00 0.0000e+00]
Traceback (most recent call last):
  File "/home/nl2951/alfven/PF_location_optimization/opt_comp_combined_boundary.py", line 185, in _free_boundary_cost
    make_mesh(scan_geom, mesh_file, lim)
  File "/home/nl2951/alfven/PF_location_optimization/opt_comp_combined_boundary.py", line 165, in make_mesh
    mesh_pts, mesh_lc, mesh_reg = gs_mesh.build_mesh()
                                  ^^^^^^^^^^^^^^^^^^^^
  File "/home/nl2951/OpenFUSIONToolkit/install_release/python/OpenFUSIONToolkit/TokaMaker/meshing.py", line 628, in build_mesh
    raise ValueError('Meshing error: unclaimed region detected!')
ValueError: Meshing error: unclaimed region detected!

2026-06-09 04:52:08,940 pid=567318 weight_fb=1.00e-04 params=[1.0000e+01 1.5002e+02 3.7300e+01 1.0000e+01 8.9579e+01 8.8352e-02
 7.3583e-01 1.1315e-01 0.0000e+00 7.3544e-01]
Traceback (most recent call last):
  File "/home/nl2951/alfven/PF_location_optimization/opt_comp_combined_boundary.py", line 185, in _free_boundary_cost
    make_mesh(scan_geom, mesh_file, lim)
  File "/home/nl2951/alfven/PF_location_optimization/opt_comp_combined_boundary.py", line 165, in make_mesh
    mesh_pts, mesh_lc, mesh_reg = gs_mesh.build_mesh()
                                  ^^^^^^^^^^^^^^^^^^^^
  File "/home/nl2951/OpenFUSIONToolkit/install_release/python/OpenFUSIONToolkit/TokaMaker/meshing.py", line 628, in build_mesh
    raise ValueError('Meshing error: unclaimed region detected!')
ValueError: Meshing error: unclaimed region detected!

2026-06-09 04:53:05,877 pid=567318 weight_fb=1.00e-04 params=[170.      10.      75.6762  10.     170.       0.2992   0.6566   0.5446
   0.       0.4923]
Traceback (most recent call last):
  File "/home/nl2951/alfven/PF_location_optimization/opt_comp_combined_boundary.py", line 185, in _free_boundary_cost
    make_mesh(scan_geom, mesh_file, lim)
  File "/home/nl2951/alfven/PF_location_optimization/opt_comp_combined_boundary.py", line 165, in make_mesh
    mesh_pts, mesh_lc, mesh_reg = gs_mesh.build_mesh()
                                  ^^^^^^^^^^^^^^^^^^^^
  File "/home/nl2951/OpenFUSIONToolkit/install_release/python/OpenFUSIONToolkit/TokaMaker/meshing.py", line 628, in build_mesh
    raise ValueError('Meshing error: unclaimed region detected!')
ValueError: Meshing error: unclaimed region detected!

2026-06-09 04:59:34,225 pid=567318 weight_fb=1.00e-04 params=[ 10.      10.     170.     138.8988  10.       0.5503   0.5263   0.6574
   0.       0.1794]
Traceback (most recent call last):
  File "/home/nl2951/alfven/PF_location_optimization/opt_comp_combined_boundary.py", line 185, in _free_boundary_cost
    make_mesh(scan_geom, mesh_file, lim)
  File "/home/nl2951/alfven/PF_location_optimization/opt_comp_combined_boundary.py", line 165, in make_mesh
    mesh_pts, mesh_lc, mesh_reg = gs_mesh.build_mesh()
                                  ^^^^^^^^^^^^^^^^^^^^
  File "/home/nl2951/OpenFUSIONToolkit/install_release/python/OpenFUSIONToolkit/TokaMaker/meshing.py", line 628, in build_mesh
    raise ValueError('Meshing error: unclaimed region detected!')
ValueError: Meshing error: unclaimed region detected!

2026-06-09 05:00:47,229 pid=567318 weight_fb=1.00e-04 params=[1.0000e+01 1.5159e+02 3.7071e+01 1.0000e+01 8.9956e+01 4.5978e-02
 5.5241e-01 4.9603e-01 0.0000e+00 4.3766e-02]
Traceback (most recent call last):
  File "/home/nl2951/alfven/PF_location_optimization/opt_comp_combined_boundary.py", line 185, in _free_boundary_cost
    make_mesh(scan_geom, mesh_file, lim)
  File "/home/nl2951/alfven/PF_location_optimization/opt_comp_combined_boundary.py", line 165, in make_mesh
    mesh_pts, mesh_lc, mesh_reg = gs_mesh.build_mesh()
                                  ^^^^^^^^^^^^^^^^^^^^
  File "/home/nl2951/OpenFUSIONToolkit/install_release/python/OpenFUSIONToolkit/TokaMaker/meshing.py", line 628, in build_mesh
    raise ValueError('Meshing error: unclaimed region detected!')
ValueError: Meshing error: unclaimed region detected!

2026-06-09 05:05:17,755 pid=567318 weight_fb=1.00e-04 params=[ 10.     153.419   36.2334  10.      89.6313   0.7342   0.2125   0.476
   0.       1.    ]
Traceback (most recent call last):
  File "/home/nl2951/alfven/PF_location_optimization/opt_comp_combined_boundary.py", line 213, in _free_boundary_cost
    mygs.solve()
  File "/home/nl2951/OpenFUSIONToolkit/install_release/python/OpenFUSIONToolkit/TokaMaker/_core.py", line 695, in solve
    raise ValueError("Error in solve: {0}".format(error_string.value.decode()))
ValueError: Error in solve: Matrix solve failed for targets         

2026-06-09 05:12:56,286 pid=567318 weight_fb=1.00e-04 params=[1.0000e+01 1.7000e+02 1.0000e+01 4.4119e+01 2.8895e+01 9.6080e-01
 1.1067e-01 4.6645e-01 0.0000e+00 5.4899e-01]
Traceback (most recent call last):
  File "/home/nl2951/alfven/PF_location_optimization/opt_comp_combined_boundary.py", line 213, in _free_boundary_cost
    mygs.solve()
  File "/home/nl2951/OpenFUSIONToolkit/install_release/python/OpenFUSIONToolkit/TokaMaker/_core.py", line 695, in solve
    raise ValueError("Error in solve: {0}".format(error_string.value.decode()))
ValueError: Error in solve: Matrix solve failed for targets         

2026-06-09 05:23:00,498 pid=567318 weight_fb=1.00e-04 params=[ 10.      34.6392 136.6789  36.0347  51.5013   0.4676   0.4008   0.4994
   0.       0.8791]
Traceback (most recent call last):
  File "/home/nl2951/alfven/PF_location_optimization/opt_comp_combined_boundary.py", line 213, in _free_boundary_cost
    mygs.solve()
  File "/home/nl2951/OpenFUSIONToolkit/install_release/python/OpenFUSIONToolkit/TokaMaker/_core.py", line 695, in solve
    raise ValueError("Error in solve: {0}".format(error_string.value.decode()))
ValueError: Error in solve: Matrix solve failed for targets         

2026-06-09 05:25:29,449 pid=567318 weight_fb=1.00e-04 params=[ 10.      10.     170.      10.      42.8155   0.351    0.4074   0.5809
   0.9697   0.6918]
Traceback (most recent call last):
  File "/home/nl2951/alfven/PF_location_optimization/opt_comp_combined_boundary.py", line 185, in _free_boundary_cost
    make_mesh(scan_geom, mesh_file, lim)
  File "/home/nl2951/alfven/PF_location_optimization/opt_comp_combined_boundary.py", line 165, in make_mesh
    mesh_pts, mesh_lc, mesh_reg = gs_mesh.build_mesh()
                                  ^^^^^^^^^^^^^^^^^^^^
  File "/home/nl2951/OpenFUSIONToolkit/install_release/python/OpenFUSIONToolkit/TokaMaker/meshing.py", line 628, in build_mesh
    raise ValueError('Meshing error: unclaimed region detected!')
ValueError: Meshing error: unclaimed region detected!

2026-06-09 05:49:04,301 pid=567318 weight_fb=1.00e-04 params=[ 10.      29.4299 137.7049  35.5635  49.8171   0.8672   1.       0.5475
   0.       0.7371]
Traceback (most recent call last):
  File "/home/nl2951/alfven/PF_location_optimization/opt_comp_combined_boundary.py", line 213, in _free_boundary_cost
    mygs.solve()
  File "/home/nl2951/OpenFUSIONToolkit/install_release/python/OpenFUSIONToolkit/TokaMaker/_core.py", line 695, in solve
    raise ValueError("Error in solve: {0}".format(error_string.value.decode()))
ValueError: Error in solve: Matrix solve failed for targets         

2026-06-09 06:08:02,275 pid=567318 weight_fb=1.00e-04 params=[ 10.      10.     170.     110.9242  10.       0.5265   0.4923   0.4253
   0.       0.9717]
Traceback (most recent call last):
  File "/home/nl2951/alfven/PF_location_optimization/opt_comp_combined_boundary.py", line 185, in _free_boundary_cost
    make_mesh(scan_geom, mesh_file, lim)
  File "/home/nl2951/alfven/PF_location_optimization/opt_comp_combined_boundary.py", line 165, in make_mesh
    mesh_pts, mesh_lc, mesh_reg = gs_mesh.build_mesh()
                                  ^^^^^^^^^^^^^^^^^^^^
  File "/home/nl2951/OpenFUSIONToolkit/install_release/python/OpenFUSIONToolkit/TokaMaker/meshing.py", line 628, in build_mesh
    raise ValueError('Meshing error: unclaimed region detected!')
ValueError: Meshing error: unclaimed region detected!

2026-06-09 06:20:54,065 pid=567318 weight_fb=1.00e-04 params=[10.     10.     10.     69.4695 37.2069  0.2244  0.9625  0.1355  0.
  0.0809]
Traceback (most recent call last):
  File "/home/nl2951/alfven/PF_location_optimization/opt_comp_combined_boundary.py", line 185, in _free_boundary_cost
    make_mesh(scan_geom, mesh_file, lim)
  File "/home/nl2951/alfven/PF_location_optimization/opt_comp_combined_boundary.py", line 165, in make_mesh
    mesh_pts, mesh_lc, mesh_reg = gs_mesh.build_mesh()
                                  ^^^^^^^^^^^^^^^^^^^^
  File "/home/nl2951/OpenFUSIONToolkit/install_release/python/OpenFUSIONToolkit/TokaMaker/meshing.py", line 628, in build_mesh
    raise ValueError('Meshing error: unclaimed region detected!')
ValueError: Meshing error: unclaimed region detected!

2026-06-09 06:22:21,907 pid=567318 weight_fb=1.00e-04 params=[10.     70.5907 27.7342 56.4376 40.1606  0.8349  0.7183  0.1711  0.
  0.8438]
Traceback (most recent call last):
  File "/home/nl2951/alfven/PF_location_optimization/opt_comp_combined_boundary.py", line 213, in _free_boundary_cost
    mygs.solve()
  File "/home/nl2951/OpenFUSIONToolkit/install_release/python/OpenFUSIONToolkit/TokaMaker/_core.py", line 695, in solve
    raise ValueError("Error in solve: {0}".format(error_string.value.decode()))
ValueError: Error in solve: Exceeded "maxits"                       

2026-06-09 06:23:27,824 pid=567318 weight_fb=1.00e-04 params=[170.      10.      94.8885  10.     170.       0.3576   0.2835   0.9408
   1.       0.4492]
Traceback (most recent call last):
  File "/home/nl2951/alfven/PF_location_optimization/opt_comp_combined_boundary.py", line 185, in _free_boundary_cost
    make_mesh(scan_geom, mesh_file, lim)
  File "/home/nl2951/alfven/PF_location_optimization/opt_comp_combined_boundary.py", line 165, in make_mesh
    mesh_pts, mesh_lc, mesh_reg = gs_mesh.build_mesh()
                                  ^^^^^^^^^^^^^^^^^^^^
  File "/home/nl2951/OpenFUSIONToolkit/install_release/python/OpenFUSIONToolkit/TokaMaker/meshing.py", line 628, in build_mesh
    raise ValueError('Meshing error: unclaimed region detected!')
ValueError: Meshing error: unclaimed region detected!

2026-06-09 06:24:35,051 pid=567318 weight_fb=1.00e-04 params=[1.7000e+02 1.0000e+01 9.4420e+01 1.0000e+01 1.7000e+02 7.2263e-01
 1.0000e+00 6.0029e-01 1.0000e+00 5.4388e-02]
Traceback (most recent call last):
  File "/home/nl2951/alfven/PF_location_optimization/opt_comp_combined_boundary.py", line 185, in _free_boundary_cost
    make_mesh(scan_geom, mesh_file, lim)
  File "/home/nl2951/alfven/PF_location_optimization/opt_comp_combined_boundary.py", line 165, in make_mesh
    mesh_pts, mesh_lc, mesh_reg = gs_mesh.build_mesh()
                                  ^^^^^^^^^^^^^^^^^^^^
  File "/home/nl2951/OpenFUSIONToolkit/install_release/python/OpenFUSIONToolkit/TokaMaker/meshing.py", line 628, in build_mesh
    raise ValueError('Meshing error: unclaimed region detected!')
ValueError: Meshing error: unclaimed region detected!

2026-06-09 06:27:07,159 pid=567318 weight_fb=1.00e-04 params=[10.     76.2372 26.5104 44.0865 45.9495  0.5996  0.6313  0.5304  0.
  0.0792]
Traceback (most recent call last):
  File "/home/nl2951/alfven/PF_location_optimization/opt_comp_combined_boundary.py", line 185, in _free_boundary_cost
    make_mesh(scan_geom, mesh_file, lim)
  File "/home/nl2951/alfven/PF_location_optimization/opt_comp_combined_boundary.py", line 165, in make_mesh
    mesh_pts, mesh_lc, mesh_reg = gs_mesh.build_mesh()
                                  ^^^^^^^^^^^^^^^^^^^^
  File "/home/nl2951/OpenFUSIONToolkit/install_release/python/OpenFUSIONToolkit/TokaMaker/meshing.py", line 628, in build_mesh
    raise ValueError('Meshing error: unclaimed region detected!')
ValueError: Meshing error: unclaimed region detected!

2026-06-09 06:31:16,398 pid=567318 weight_fb=1.00e-04 params=[170.      10.      94.1619  10.     170.       0.8846   0.5297   0.4131
   1.       0.7049]
Traceback (most recent call last):
  File "/home/nl2951/alfven/PF_location_optimization/opt_comp_combined_boundary.py", line 185, in _free_boundary_cost
    make_mesh(scan_geom, mesh_file, lim)
  File "/home/nl2951/alfven/PF_location_optimization/opt_comp_combined_boundary.py", line 165, in make_mesh
    mesh_pts, mesh_lc, mesh_reg = gs_mesh.build_mesh()
                                  ^^^^^^^^^^^^^^^^^^^^
  File "/home/nl2951/OpenFUSIONToolkit/install_release/python/OpenFUSIONToolkit/TokaMaker/meshing.py", line 628, in build_mesh
    raise ValueError('Meshing error: unclaimed region detected!')
ValueError: Meshing error: unclaimed region detected!

2026-06-09 06:33:49,399 pid=567318 weight_fb=1.00e-04 params=[1.0000e+01 1.0000e+01 1.5958e+02 2.6320e+01 4.0256e+01 7.0197e-01
 6.5605e-01 5.9304e-01 0.0000e+00 3.5274e-02]
Traceback (most recent call last):
  File "/home/nl2951/alfven/PF_location_optimization/opt_comp_combined_boundary.py", line 185, in _free_boundary_cost
    make_mesh(scan_geom, mesh_file, lim)
  File "/home/nl2951/alfven/PF_location_optimization/opt_comp_combined_boundary.py", line 165, in make_mesh
    mesh_pts, mesh_lc, mesh_reg = gs_mesh.build_mesh()
                                  ^^^^^^^^^^^^^^^^^^^^
  File "/home/nl2951/OpenFUSIONToolkit/install_release/python/OpenFUSIONToolkit/TokaMaker/meshing.py", line 628, in build_mesh
    raise ValueError('Meshing error: unclaimed region detected!')
ValueError: Meshing error: unclaimed region detected!

2026-06-09 06:38:01,284 pid=567318 weight_fb=1.00e-04 params=[ 10.      10.     157.1529  27.1165  40.6755   0.4156   0.4439   0.9253
   0.       0.838 ]
Traceback (most recent call last):
  File "/home/nl2951/alfven/PF_location_optimization/opt_comp_combined_boundary.py", line 185, in _free_boundary_cost
    make_mesh(scan_geom, mesh_file, lim)
  File "/home/nl2951/alfven/PF_location_optimization/opt_comp_combined_boundary.py", line 165, in make_mesh
    mesh_pts, mesh_lc, mesh_reg = gs_mesh.build_mesh()
                                  ^^^^^^^^^^^^^^^^^^^^
  File "/home/nl2951/OpenFUSIONToolkit/install_release/python/OpenFUSIONToolkit/TokaMaker/meshing.py", line 628, in build_mesh
    raise ValueError('Meshing error: unclaimed region detected!')
ValueError: Meshing error: unclaimed region detected!

2026-06-09 06:39:10,459 pid=567318 weight_fb=1.00e-04 params=[ 10.      10.     155.4913  29.5996  40.6664   0.8595   0.9481   0.7769
   0.       0.4138]
Traceback (most recent call last):
  File "/home/nl2951/alfven/PF_location_optimization/opt_comp_combined_boundary.py", line 185, in _free_boundary_cost
    make_mesh(scan_geom, mesh_file, lim)
  File "/home/nl2951/alfven/PF_location_optimization/opt_comp_combined_boundary.py", line 165, in make_mesh
    mesh_pts, mesh_lc, mesh_reg = gs_mesh.build_mesh()
                                  ^^^^^^^^^^^^^^^^^^^^
  File "/home/nl2951/OpenFUSIONToolkit/install_release/python/OpenFUSIONToolkit/TokaMaker/meshing.py", line 628, in build_mesh
    raise ValueError('Meshing error: unclaimed region detected!')
ValueError: Meshing error: unclaimed region detected!

2026-06-09 06:50:22,021 pid=567318 weight_fb=1.00e-04 params=[1.7000e+02 1.0000e+01 9.3714e+01 1.0000e+01 1.7000e+02 2.0387e-01
 9.9021e-01 9.1626e-01 1.0000e+00 5.1693e-02]
Traceback (most recent call last):
  File "/home/nl2951/alfven/PF_location_optimization/opt_comp_combined_boundary.py", line 185, in _free_boundary_cost
    make_mesh(scan_geom, mesh_file, lim)
  File "/home/nl2951/alfven/PF_location_optimization/opt_comp_combined_boundary.py", line 165, in make_mesh
    mesh_pts, mesh_lc, mesh_reg = gs_mesh.build_mesh()
                                  ^^^^^^^^^^^^^^^^^^^^
  File "/home/nl2951/OpenFUSIONToolkit/install_release/python/OpenFUSIONToolkit/TokaMaker/meshing.py", line 628, in build_mesh
    raise ValueError('Meshing error: unclaimed region detected!')
ValueError: Meshing error: unclaimed region detected!

2026-06-09 06:59:54,324 pid=567318 weight_fb=1.00e-04 params=[170.      10.      95.0791  10.     170.       0.4564   1.       1.
   1.       0.2626]
Traceback (most recent call last):
  File "/home/nl2951/alfven/PF_location_optimization/opt_comp_combined_boundary.py", line 185, in _free_boundary_cost
    make_mesh(scan_geom, mesh_file, lim)
  File "/home/nl2951/alfven/PF_location_optimization/opt_comp_combined_boundary.py", line 165, in make_mesh
    mesh_pts, mesh_lc, mesh_reg = gs_mesh.build_mesh()
                                  ^^^^^^^^^^^^^^^^^^^^
  File "/home/nl2951/OpenFUSIONToolkit/install_release/python/OpenFUSIONToolkit/TokaMaker/meshing.py", line 628, in build_mesh
    raise ValueError('Meshing error: unclaimed region detected!')
ValueError: Meshing error: unclaimed region detected!

2026-06-09 07:01:19,296 pid=567318 weight_fb=1.00e-04 params=[170.      10.      94.6373  10.     170.       0.4094   1.       0.8918
   1.       0.    ]
Traceback (most recent call last):
  File "/home/nl2951/alfven/PF_location_optimization/opt_comp_combined_boundary.py", line 185, in _free_boundary_cost
    make_mesh(scan_geom, mesh_file, lim)
  File "/home/nl2951/alfven/PF_location_optimization/opt_comp_combined_boundary.py", line 165, in make_mesh
    mesh_pts, mesh_lc, mesh_reg = gs_mesh.build_mesh()
                                  ^^^^^^^^^^^^^^^^^^^^
  File "/home/nl2951/OpenFUSIONToolkit/install_release/python/OpenFUSIONToolkit/TokaMaker/meshing.py", line 628, in build_mesh
    raise ValueError('Meshing error: unclaimed region detected!')
ValueError: Meshing error: unclaimed region detected!

2026-06-09 07:07:55,571 pid=567318 weight_fb=1.00e-04 params=[170.      10.      94.3163  10.     170.       0.2385   1.       0.1732
   1.       0.7405]
Traceback (most recent call last):
  File "/home/nl2951/alfven/PF_location_optimization/opt_comp_combined_boundary.py", line 185, in _free_boundary_cost
    make_mesh(scan_geom, mesh_file, lim)
  File "/home/nl2951/alfven/PF_location_optimization/opt_comp_combined_boundary.py", line 165, in make_mesh
    mesh_pts, mesh_lc, mesh_reg = gs_mesh.build_mesh()
                                  ^^^^^^^^^^^^^^^^^^^^
  File "/home/nl2951/OpenFUSIONToolkit/install_release/python/OpenFUSIONToolkit/TokaMaker/meshing.py", line 628, in build_mesh
    raise ValueError('Meshing error: unclaimed region detected!')
ValueError: Meshing error: unclaimed region detected!

2026-06-09 08:13:17,173 pid=567318 weight_fb=1.00e-04 params=[1.0000e+01 2.8425e+01 1.4387e+02 3.1576e+01 3.0667e+01 6.2493e-01
 5.6999e-01 0.0000e+00 1.5783e-05 5.3828e-06]
Traceback (most recent call last):
  File "/home/nl2951/alfven/PF_location_optimization/opt_comp_combined_boundary.py", line 185, in _free_boundary_cost
    make_mesh(scan_geom, mesh_file, lim)
  File "/home/nl2951/alfven/PF_location_optimization/opt_comp_combined_boundary.py", line 165, in make_mesh
    mesh_pts, mesh_lc, mesh_reg = gs_mesh.build_mesh()
                                  ^^^^^^^^^^^^^^^^^^^^
  File "/home/nl2951/OpenFUSIONToolkit/install_release/python/OpenFUSIONToolkit/TokaMaker/meshing.py", line 628, in build_mesh
    raise ValueError('Meshing error: unclaimed region detected!')
ValueError: Meshing error: unclaimed region detected!

2026-06-09 08:13:51,348 pid=567318 weight_fb=1.00e-04 params=[1.0000e+01 2.8425e+01 1.4387e+02 3.1576e+01 3.0667e+01 6.2493e-01
 5.6999e-01 0.0000e+00 1.5783e-05 5.3828e-06]
Traceback (most recent call last):
  File "/home/nl2951/alfven/PF_location_optimization/opt_comp_combined_boundary.py", line 185, in _free_boundary_cost
    make_mesh(scan_geom, mesh_file, lim)
  File "/home/nl2951/alfven/PF_location_optimization/opt_comp_combined_boundary.py", line 165, in make_mesh
    mesh_pts, mesh_lc, mesh_reg = gs_mesh.build_mesh()
                                  ^^^^^^^^^^^^^^^^^^^^
  File "/home/nl2951/OpenFUSIONToolkit/install_release/python/OpenFUSIONToolkit/TokaMaker/meshing.py", line 628, in build_mesh
    raise ValueError('Meshing error: unclaimed region detected!')
ValueError: Meshing error: unclaimed region detected!

2026-06-09 08:14:25,315 pid=567318 weight_fb=1.00e-04 params=[1.0000e+01 2.8425e+01 1.4387e+02 3.1576e+01 3.0667e+01 6.2493e-01
 5.6999e-01 0.0000e+00 1.5783e-05 5.3828e-06]
Traceback (most recent call last):
  File "/home/nl2951/alfven/PF_location_optimization/opt_comp_combined_boundary.py", line 185, in _free_boundary_cost
    make_mesh(scan_geom, mesh_file, lim)
  File "/home/nl2951/alfven/PF_location_optimization/opt_comp_combined_boundary.py", line 165, in make_mesh
    mesh_pts, mesh_lc, mesh_reg = gs_mesh.build_mesh()
                                  ^^^^^^^^^^^^^^^^^^^^
  File "/home/nl2951/OpenFUSIONToolkit/install_release/python/OpenFUSIONToolkit/TokaMaker/meshing.py", line 628, in build_mesh
    raise ValueError('Meshing error: unclaimed region detected!')
ValueError: Meshing error: unclaimed region detected!

2026-06-09 08:14:59,421 pid=567318 weight_fb=1.00e-04 params=[1.0000e+01 2.8425e+01 1.4387e+02 3.1576e+01 3.0667e+01 6.2493e-01
 5.6999e-01 0.0000e+00 1.5783e-05 5.3828e-06]
Traceback (most recent call last):
  File "/home/nl2951/alfven/PF_location_optimization/opt_comp_combined_boundary.py", line 185, in _free_boundary_cost
    make_mesh(scan_geom, mesh_file, lim)
  File "/home/nl2951/alfven/PF_location_optimization/opt_comp_combined_boundary.py", line 165, in make_mesh
    mesh_pts, mesh_lc, mesh_reg = gs_mesh.build_mesh()
                                  ^^^^^^^^^^^^^^^^^^^^
  File "/home/nl2951/OpenFUSIONToolkit/install_release/python/OpenFUSIONToolkit/TokaMaker/meshing.py", line 628, in build_mesh
    raise ValueError('Meshing error: unclaimed region detected!')
ValueError: Meshing error: unclaimed region detected!

2026-06-09 08:15:33,798 pid=567318 weight_fb=1.00e-04 params=[1.0000e+01 2.8425e+01 1.4387e+02 3.1576e+01 3.0667e+01 6.2493e-01
 5.6999e-01 0.0000e+00 1.5783e-05 5.3828e-06]
Traceback (most recent call last):
  File "/home/nl2951/alfven/PF_location_optimization/opt_comp_combined_boundary.py", line 185, in _free_boundary_cost
    make_mesh(scan_geom, mesh_file, lim)
  File "/home/nl2951/alfven/PF_location_optimization/opt_comp_combined_boundary.py", line 165, in make_mesh
    mesh_pts, mesh_lc, mesh_reg = gs_mesh.build_mesh()
                                  ^^^^^^^^^^^^^^^^^^^^
  File "/home/nl2951/OpenFUSIONToolkit/install_release/python/OpenFUSIONToolkit/TokaMaker/meshing.py", line 628, in build_mesh
    raise ValueError('Meshing error: unclaimed region detected!')
ValueError: Meshing error: unclaimed region detected!

2026-06-09 08:16:08,009 pid=567318 weight_fb=1.00e-04 params=[1.0000e+01 2.8425e+01 1.4387e+02 3.1576e+01 3.0667e+01 6.2493e-01
 5.6999e-01 0.0000e+00 1.5783e-05 5.3828e-06]
Traceback (most recent call last):
  File "/home/nl2951/alfven/PF_location_optimization/opt_comp_combined_boundary.py", line 185, in _free_boundary_cost
    make_mesh(scan_geom, mesh_file, lim)
  File "/home/nl2951/alfven/PF_location_optimization/opt_comp_combined_boundary.py", line 165, in make_mesh
    mesh_pts, mesh_lc, mesh_reg = gs_mesh.build_mesh()
                                  ^^^^^^^^^^^^^^^^^^^^
  File "/home/nl2951/OpenFUSIONToolkit/install_release/python/OpenFUSIONToolkit/TokaMaker/meshing.py", line 628, in build_mesh
    raise ValueError('Meshing error: unclaimed region detected!')
ValueError: Meshing error: unclaimed region detected!

2026-06-09 08:16:42,580 pid=567318 weight_fb=1.00e-04 params=[1.0000e+01 2.8425e+01 1.4387e+02 3.1576e+01 3.0667e+01 6.2493e-01
 5.6999e-01 0.0000e+00 1.5783e-05 5.3828e-06]
Traceback (most recent call last):
  File "/home/nl2951/alfven/PF_location_optimization/opt_comp_combined_boundary.py", line 185, in _free_boundary_cost
    make_mesh(scan_geom, mesh_file, lim)
  File "/home/nl2951/alfven/PF_location_optimization/opt_comp_combined_boundary.py", line 165, in make_mesh
    mesh_pts, mesh_lc, mesh_reg = gs_mesh.build_mesh()
                                  ^^^^^^^^^^^^^^^^^^^^
  File "/home/nl2951/OpenFUSIONToolkit/install_release/python/OpenFUSIONToolkit/TokaMaker/meshing.py", line 628, in build_mesh
    raise ValueError('Meshing error: unclaimed region detected!')
ValueError: Meshing error: unclaimed region detected!

2026-06-09 08:17:17,404 pid=567318 weight_fb=1.00e-04 params=[1.0000e+01 2.8425e+01 1.4387e+02 3.1576e+01 3.0667e+01 6.2493e-01
 5.6999e-01 0.0000e+00 1.5783e-05 5.3828e-06]
Traceback (most recent call last):
  File "/home/nl2951/alfven/PF_location_optimization/opt_comp_combined_boundary.py", line 185, in _free_boundary_cost
    make_mesh(scan_geom, mesh_file, lim)
  File "/home/nl2951/alfven/PF_location_optimization/opt_comp_combined_boundary.py", line 165, in make_mesh
    mesh_pts, mesh_lc, mesh_reg = gs_mesh.build_mesh()
                                  ^^^^^^^^^^^^^^^^^^^^
  File "/home/nl2951/OpenFUSIONToolkit/install_release/python/OpenFUSIONToolkit/TokaMaker/meshing.py", line 628, in build_mesh
    raise ValueError('Meshing error: unclaimed region detected!')
ValueError: Meshing error: unclaimed region detected!

2026-06-09 08:17:51,973 pid=567318 weight_fb=1.00e-04 params=[1.0000e+01 2.8425e+01 1.4387e+02 3.1576e+01 3.0667e+01 6.2493e-01
 5.6999e-01 1.0000e-08 1.5783e-05 5.3828e-06]
Traceback (most recent call last):
  File "/home/nl2951/alfven/PF_location_optimization/opt_comp_combined_boundary.py", line 185, in _free_boundary_cost
    make_mesh(scan_geom, mesh_file, lim)
  File "/home/nl2951/alfven/PF_location_optimization/opt_comp_combined_boundary.py", line 165, in make_mesh
    mesh_pts, mesh_lc, mesh_reg = gs_mesh.build_mesh()
                                  ^^^^^^^^^^^^^^^^^^^^
  File "/home/nl2951/OpenFUSIONToolkit/install_release/python/OpenFUSIONToolkit/TokaMaker/meshing.py", line 628, in build_mesh
    raise ValueError('Meshing error: unclaimed region detected!')
ValueError: Meshing error: unclaimed region detected!

2026-06-09 08:18:26,010 pid=567318 weight_fb=1.00e-04 params=[1.0000e+01 2.8425e+01 1.4387e+02 3.1576e+01 3.0667e+01 6.2493e-01
 5.6999e-01 0.0000e+00 1.5793e-05 5.3828e-06]
Traceback (most recent call last):
  File "/home/nl2951/alfven/PF_location_optimization/opt_comp_combined_boundary.py", line 185, in _free_boundary_cost
    make_mesh(scan_geom, mesh_file, lim)
  File "/home/nl2951/alfven/PF_location_optimization/opt_comp_combined_boundary.py", line 165, in make_mesh
    mesh_pts, mesh_lc, mesh_reg = gs_mesh.build_mesh()
                                  ^^^^^^^^^^^^^^^^^^^^
  File "/home/nl2951/OpenFUSIONToolkit/install_release/python/OpenFUSIONToolkit/TokaMaker/meshing.py", line 628, in build_mesh
    raise ValueError('Meshing error: unclaimed region detected!')
ValueError: Meshing error: unclaimed region detected!

2026-06-09 08:18:59,937 pid=567318 weight_fb=1.00e-04 params=[1.0000e+01 2.8425e+01 1.4387e+02 3.1576e+01 3.0667e+01 6.2493e-01
 5.6999e-01 0.0000e+00 1.5783e-05 5.3928e-06]
Traceback (most recent call last):
  File "/home/nl2951/alfven/PF_location_optimization/opt_comp_combined_boundary.py", line 185, in _free_boundary_cost
    make_mesh(scan_geom, mesh_file, lim)
  File "/home/nl2951/alfven/PF_location_optimization/opt_comp_combined_boundary.py", line 165, in make_mesh
    mesh_pts, mesh_lc, mesh_reg = gs_mesh.build_mesh()
                                  ^^^^^^^^^^^^^^^^^^^^
  File "/home/nl2951/OpenFUSIONToolkit/install_release/python/OpenFUSIONToolkit/TokaMaker/meshing.py", line 628, in build_mesh
    raise ValueError('Meshing error: unclaimed region detected!')
ValueError: Meshing error: unclaimed region detected!

2026-06-09 11:11:43,520 pid=567318 weight_fb=1.00e-04 params=[170.      10.      96.5161  10.     170.       0.4751   0.5751   0.8149
   1.       0.8316]
Traceback (most recent call last):
  File "/home/nl2951/alfven/PF_location_optimization/opt_comp_combined_boundary.py", line 185, in _free_boundary_cost
    make_mesh(scan_geom, mesh_file, lim)
  File "/home/nl2951/alfven/PF_location_optimization/opt_comp_combined_boundary.py", line 165, in make_mesh
    mesh_pts, mesh_lc, mesh_reg = gs_mesh.build_mesh()
                                  ^^^^^^^^^^^^^^^^^^^^
  File "/home/nl2951/OpenFUSIONToolkit/install_release/python/OpenFUSIONToolkit/TokaMaker/meshing.py", line 628, in build_mesh
    raise ValueError('Meshing error: unclaimed region detected!')
ValueError: Meshing error: unclaimed region detected!

2026-06-09 11:12:16,924 pid=567318 weight_fb=1.00e-04 params=[170.      10.      96.5161  10.     170.       0.4751   0.5751   0.8149
   1.       0.8316]
Traceback (most recent call last):
  File "/home/nl2951/alfven/PF_location_optimization/opt_comp_combined_boundary.py", line 185, in _free_boundary_cost
    make_mesh(scan_geom, mesh_file, lim)
  File "/home/nl2951/alfven/PF_location_optimization/opt_comp_combined_boundary.py", line 165, in make_mesh
    mesh_pts, mesh_lc, mesh_reg = gs_mesh.build_mesh()
                                  ^^^^^^^^^^^^^^^^^^^^
  File "/home/nl2951/OpenFUSIONToolkit/install_release/python/OpenFUSIONToolkit/TokaMaker/meshing.py", line 628, in build_mesh
    raise ValueError('Meshing error: unclaimed region detected!')
ValueError: Meshing error: unclaimed region detected!

2026-06-09 11:12:50,140 pid=567318 weight_fb=1.00e-04 params=[170.      10.      96.5161  10.     170.       0.4751   0.5751   0.8149
   1.       0.8316]
Traceback (most recent call last):
  File "/home/nl2951/alfven/PF_location_optimization/opt_comp_combined_boundary.py", line 185, in _free_boundary_cost
    make_mesh(scan_geom, mesh_file, lim)
  File "/home/nl2951/alfven/PF_location_optimization/opt_comp_combined_boundary.py", line 165, in make_mesh
    mesh_pts, mesh_lc, mesh_reg = gs_mesh.build_mesh()
                                  ^^^^^^^^^^^^^^^^^^^^
  File "/home/nl2951/OpenFUSIONToolkit/install_release/python/OpenFUSIONToolkit/TokaMaker/meshing.py", line 628, in build_mesh
    raise ValueError('Meshing error: unclaimed region detected!')
ValueError: Meshing error: unclaimed region detected!

2026-06-09 11:13:23,388 pid=567318 weight_fb=1.00e-04 params=[170.      10.      96.5161  10.     170.       0.4751   0.5751   0.8149
   1.       0.8316]
Traceback (most recent call last):
  File "/home/nl2951/alfven/PF_location_optimization/opt_comp_combined_boundary.py", line 185, in _free_boundary_cost
    make_mesh(scan_geom, mesh_file, lim)
  File "/home/nl2951/alfven/PF_location_optimization/opt_comp_combined_boundary.py", line 165, in make_mesh
    mesh_pts, mesh_lc, mesh_reg = gs_mesh.build_mesh()
                                  ^^^^^^^^^^^^^^^^^^^^
  File "/home/nl2951/OpenFUSIONToolkit/install_release/python/OpenFUSIONToolkit/TokaMaker/meshing.py", line 628, in build_mesh
    raise ValueError('Meshing error: unclaimed region detected!')
ValueError: Meshing error: unclaimed region detected!

2026-06-09 11:13:56,752 pid=567318 weight_fb=1.00e-04 params=[170.      10.      96.5161  10.     170.       0.4751   0.5751   0.8149
   1.       0.8316]
Traceback (most recent call last):
  File "/home/nl2951/alfven/PF_location_optimization/opt_comp_combined_boundary.py", line 185, in _free_boundary_cost
    make_mesh(scan_geom, mesh_file, lim)
  File "/home/nl2951/alfven/PF_location_optimization/opt_comp_combined_boundary.py", line 165, in make_mesh
    mesh_pts, mesh_lc, mesh_reg = gs_mesh.build_mesh()
                                  ^^^^^^^^^^^^^^^^^^^^
  File "/home/nl2951/OpenFUSIONToolkit/install_release/python/OpenFUSIONToolkit/TokaMaker/meshing.py", line 628, in build_mesh
    raise ValueError('Meshing error: unclaimed region detected!')
ValueError: Meshing error: unclaimed region detected!

2026-06-09 11:14:30,020 pid=567318 weight_fb=1.00e-04 params=[170.      10.      96.5161  10.     170.       0.4751   0.5751   0.8149
   1.       0.8316]
Traceback (most recent call last):
  File "/home/nl2951/alfven/PF_location_optimization/opt_comp_combined_boundary.py", line 185, in _free_boundary_cost
    make_mesh(scan_geom, mesh_file, lim)
  File "/home/nl2951/alfven/PF_location_optimization/opt_comp_combined_boundary.py", line 165, in make_mesh
    mesh_pts, mesh_lc, mesh_reg = gs_mesh.build_mesh()
                                  ^^^^^^^^^^^^^^^^^^^^
  File "/home/nl2951/OpenFUSIONToolkit/install_release/python/OpenFUSIONToolkit/TokaMaker/meshing.py", line 628, in build_mesh
    raise ValueError('Meshing error: unclaimed region detected!')
ValueError: Meshing error: unclaimed region detected!

2026-06-09 11:15:03,364 pid=567318 weight_fb=1.00e-04 params=[170.      10.      96.5161  10.     170.       0.4751   0.5751   0.8149
   1.       0.8316]
Traceback (most recent call last):
  File "/home/nl2951/alfven/PF_location_optimization/opt_comp_combined_boundary.py", line 185, in _free_boundary_cost
    make_mesh(scan_geom, mesh_file, lim)
  File "/home/nl2951/alfven/PF_location_optimization/opt_comp_combined_boundary.py", line 165, in make_mesh
    mesh_pts, mesh_lc, mesh_reg = gs_mesh.build_mesh()
                                  ^^^^^^^^^^^^^^^^^^^^
  File "/home/nl2951/OpenFUSIONToolkit/install_release/python/OpenFUSIONToolkit/TokaMaker/meshing.py", line 628, in build_mesh
    raise ValueError('Meshing error: unclaimed region detected!')
ValueError: Meshing error: unclaimed region detected!

2026-06-09 11:15:36,490 pid=567318 weight_fb=1.00e-04 params=[170.      10.      96.5161  10.     170.       0.4751   0.5751   0.8149
   1.       0.8316]
Traceback (most recent call last):
  File "/home/nl2951/alfven/PF_location_optimization/opt_comp_combined_boundary.py", line 185, in _free_boundary_cost
    make_mesh(scan_geom, mesh_file, lim)
  File "/home/nl2951/alfven/PF_location_optimization/opt_comp_combined_boundary.py", line 165, in make_mesh
    mesh_pts, mesh_lc, mesh_reg = gs_mesh.build_mesh()
                                  ^^^^^^^^^^^^^^^^^^^^
  File "/home/nl2951/OpenFUSIONToolkit/install_release/python/OpenFUSIONToolkit/TokaMaker/meshing.py", line 628, in build_mesh
    raise ValueError('Meshing error: unclaimed region detected!')
ValueError: Meshing error: unclaimed region detected!

2026-06-09 11:16:10,161 pid=567318 weight_fb=1.00e-04 params=[170.      10.      96.5161  10.     170.       0.4751   0.5751   0.8149
   1.       0.8316]
Traceback (most recent call last):
  File "/home/nl2951/alfven/PF_location_optimization/opt_comp_combined_boundary.py", line 185, in _free_boundary_cost
    make_mesh(scan_geom, mesh_file, lim)
  File "/home/nl2951/alfven/PF_location_optimization/opt_comp_combined_boundary.py", line 165, in make_mesh
    mesh_pts, mesh_lc, mesh_reg = gs_mesh.build_mesh()
                                  ^^^^^^^^^^^^^^^^^^^^
  File "/home/nl2951/OpenFUSIONToolkit/install_release/python/OpenFUSIONToolkit/TokaMaker/meshing.py", line 628, in build_mesh
    raise ValueError('Meshing error: unclaimed region detected!')
ValueError: Meshing error: unclaimed region detected!

2026-06-09 11:16:43,795 pid=567318 weight_fb=1.00e-04 params=[170.      10.      96.5161  10.     170.       0.4751   0.5751   0.8149
   1.       0.8316]
Traceback (most recent call last):
  File "/home/nl2951/alfven/PF_location_optimization/opt_comp_combined_boundary.py", line 185, in _free_boundary_cost
    make_mesh(scan_geom, mesh_file, lim)
  File "/home/nl2951/alfven/PF_location_optimization/opt_comp_combined_boundary.py", line 165, in make_mesh
    mesh_pts, mesh_lc, mesh_reg = gs_mesh.build_mesh()
                                  ^^^^^^^^^^^^^^^^^^^^
  File "/home/nl2951/OpenFUSIONToolkit/install_release/python/OpenFUSIONToolkit/TokaMaker/meshing.py", line 628, in build_mesh
    raise ValueError('Meshing error: unclaimed region detected!')
ValueError: Meshing error: unclaimed region detected!

2026-06-09 11:17:17,640 pid=567318 weight_fb=1.00e-04 params=[170.      10.      96.5161  10.     170.       0.4751   0.5751   0.8149
   1.       0.8316]
Traceback (most recent call last):
  File "/home/nl2951/alfven/PF_location_optimization/opt_comp_combined_boundary.py", line 185, in _free_boundary_cost
    make_mesh(scan_geom, mesh_file, lim)
  File "/home/nl2951/alfven/PF_location_optimization/opt_comp_combined_boundary.py", line 165, in make_mesh
    mesh_pts, mesh_lc, mesh_reg = gs_mesh.build_mesh()
                                  ^^^^^^^^^^^^^^^^^^^^
  File "/home/nl2951/OpenFUSIONToolkit/install_release/python/OpenFUSIONToolkit/TokaMaker/meshing.py", line 628, in build_mesh
    raise ValueError('Meshing error: unclaimed region detected!')
ValueError: Meshing error: unclaimed region detected!

2026-06-09 11:17:51,345 pid=567318 weight_fb=1.00e-04 params=[169.9     10.1     96.5161  10.1    169.9      0.4751   0.5751   0.8149
   1.       0.8316]
Traceback (most recent call last):
  File "/home/nl2951/alfven/PF_location_optimization/opt_comp_combined_boundary.py", line 185, in _free_boundary_cost
    make_mesh(scan_geom, mesh_file, lim)
  File "/home/nl2951/alfven/PF_location_optimization/opt_comp_combined_boundary.py", line 165, in make_mesh
    mesh_pts, mesh_lc, mesh_reg = gs_mesh.build_mesh()
                                  ^^^^^^^^^^^^^^^^^^^^
  File "/home/nl2951/OpenFUSIONToolkit/install_release/python/OpenFUSIONToolkit/TokaMaker/meshing.py", line 628, in build_mesh
    raise ValueError('Meshing error: unclaimed region detected!')
ValueError: Meshing error: unclaimed region detected!

2026-06-09 11:18:24,795 pid=567318 weight_fb=1.00e-04 params=[169.9     10.1     96.5161  10.1    169.9      0.4751   0.5751   0.8149
   1.       0.8316]
Traceback (most recent call last):
  File "/home/nl2951/alfven/PF_location_optimization/opt_comp_combined_boundary.py", line 185, in _free_boundary_cost
    make_mesh(scan_geom, mesh_file, lim)
  File "/home/nl2951/alfven/PF_location_optimization/opt_comp_combined_boundary.py", line 165, in make_mesh
    mesh_pts, mesh_lc, mesh_reg = gs_mesh.build_mesh()
                                  ^^^^^^^^^^^^^^^^^^^^
  File "/home/nl2951/OpenFUSIONToolkit/install_release/python/OpenFUSIONToolkit/TokaMaker/meshing.py", line 628, in build_mesh
    raise ValueError('Meshing error: unclaimed region detected!')
ValueError: Meshing error: unclaimed region detected!

2026-06-09 11:18:58,209 pid=567318 weight_fb=1.00e-04 params=[169.9     10.1     96.5161  10.1    169.9      0.4751   0.5751   0.8149
   1.       0.8316]
Traceback (most recent call last):
  File "/home/nl2951/alfven/PF_location_optimization/opt_comp_combined_boundary.py", line 185, in _free_boundary_cost
    make_mesh(scan_geom, mesh_file, lim)
  File "/home/nl2951/alfven/PF_location_optimization/opt_comp_combined_boundary.py", line 165, in make_mesh
    mesh_pts, mesh_lc, mesh_reg = gs_mesh.build_mesh()
                                  ^^^^^^^^^^^^^^^^^^^^
  File "/home/nl2951/OpenFUSIONToolkit/install_release/python/OpenFUSIONToolkit/TokaMaker/meshing.py", line 628, in build_mesh
    raise ValueError('Meshing error: unclaimed region detected!')
ValueError: Meshing error: unclaimed region detected!

2026-06-09 11:19:31,447 pid=567318 weight_fb=1.00e-04 params=[169.9     10.1     96.5161  10.1    169.9      0.4751   0.5751   0.8149
   1.       0.8316]
Traceback (most recent call last):
  File "/home/nl2951/alfven/PF_location_optimization/opt_comp_combined_boundary.py", line 185, in _free_boundary_cost
    make_mesh(scan_geom, mesh_file, lim)
  File "/home/nl2951/alfven/PF_location_optimization/opt_comp_combined_boundary.py", line 165, in make_mesh
    mesh_pts, mesh_lc, mesh_reg = gs_mesh.build_mesh()
                                  ^^^^^^^^^^^^^^^^^^^^
  File "/home/nl2951/OpenFUSIONToolkit/install_release/python/OpenFUSIONToolkit/TokaMaker/meshing.py", line 628, in build_mesh
    raise ValueError('Meshing error: unclaimed region detected!')
ValueError: Meshing error: unclaimed region detected!

2026-06-09 11:20:04,988 pid=567318 weight_fb=1.00e-04 params=[169.9     10.1     96.5161  10.1    169.9      0.4751   0.5751   0.8149
   1.       0.8316]
Traceback (most recent call last):
  File "/home/nl2951/alfven/PF_location_optimization/opt_comp_combined_boundary.py", line 185, in _free_boundary_cost
    make_mesh(scan_geom, mesh_file, lim)
  File "/home/nl2951/alfven/PF_location_optimization/opt_comp_combined_boundary.py", line 165, in make_mesh
    mesh_pts, mesh_lc, mesh_reg = gs_mesh.build_mesh()
                                  ^^^^^^^^^^^^^^^^^^^^
  File "/home/nl2951/OpenFUSIONToolkit/install_release/python/OpenFUSIONToolkit/TokaMaker/meshing.py", line 628, in build_mesh
    raise ValueError('Meshing error: unclaimed region detected!')
ValueError: Meshing error: unclaimed region detected!

2026-06-09 11:20:38,238 pid=567318 weight_fb=1.00e-04 params=[169.9     10.1     96.5161  10.1    169.9      0.4751   0.5751   0.8149
   1.       0.8316]
Traceback (most recent call last):
  File "/home/nl2951/alfven/PF_location_optimization/opt_comp_combined_boundary.py", line 185, in _free_boundary_cost
    make_mesh(scan_geom, mesh_file, lim)
  File "/home/nl2951/alfven/PF_location_optimization/opt_comp_combined_boundary.py", line 165, in make_mesh
    mesh_pts, mesh_lc, mesh_reg = gs_mesh.build_mesh()
                                  ^^^^^^^^^^^^^^^^^^^^
  File "/home/nl2951/OpenFUSIONToolkit/install_release/python/OpenFUSIONToolkit/TokaMaker/meshing.py", line 628, in build_mesh
    raise ValueError('Meshing error: unclaimed region detected!')
ValueError: Meshing error: unclaimed region detected!

2026-06-09 11:21:11,722 pid=567318 weight_fb=1.00e-04 params=[169.9     10.1     96.5161  10.1    169.9      0.4751   0.5751   0.8149
   1.       0.8316]
Traceback (most recent call last):
  File "/home/nl2951/alfven/PF_location_optimization/opt_comp_combined_boundary.py", line 185, in _free_boundary_cost
    make_mesh(scan_geom, mesh_file, lim)
  File "/home/nl2951/alfven/PF_location_optimization/opt_comp_combined_boundary.py", line 165, in make_mesh
    mesh_pts, mesh_lc, mesh_reg = gs_mesh.build_mesh()
                                  ^^^^^^^^^^^^^^^^^^^^
  File "/home/nl2951/OpenFUSIONToolkit/install_release/python/OpenFUSIONToolkit/TokaMaker/meshing.py", line 628, in build_mesh
    raise ValueError('Meshing error: unclaimed region detected!')
ValueError: Meshing error: unclaimed region detected!

2026-06-09 11:21:45,256 pid=567318 weight_fb=1.00e-04 params=[169.9     10.1     96.5161  10.1    169.9      0.4751   0.5751   0.8149
   1.       0.8316]
Traceback (most recent call last):
  File "/home/nl2951/alfven/PF_location_optimization/opt_comp_combined_boundary.py", line 185, in _free_boundary_cost
    make_mesh(scan_geom, mesh_file, lim)
  File "/home/nl2951/alfven/PF_location_optimization/opt_comp_combined_boundary.py", line 165, in make_mesh
    mesh_pts, mesh_lc, mesh_reg = gs_mesh.build_mesh()
                                  ^^^^^^^^^^^^^^^^^^^^
  File "/home/nl2951/OpenFUSIONToolkit/install_release/python/OpenFUSIONToolkit/TokaMaker/meshing.py", line 628, in build_mesh
    raise ValueError('Meshing error: unclaimed region detected!')
ValueError: Meshing error: unclaimed region detected!

2026-06-09 11:22:18,938 pid=567318 weight_fb=1.00e-04 params=[169.9     10.1     96.5161  10.1    169.9      0.4751   0.5751   0.8149
   1.       0.8316]
Traceback (most recent call last):
  File "/home/nl2951/alfven/PF_location_optimization/opt_comp_combined_boundary.py", line 185, in _free_boundary_cost
    make_mesh(scan_geom, mesh_file, lim)
  File "/home/nl2951/alfven/PF_location_optimization/opt_comp_combined_boundary.py", line 165, in make_mesh
    mesh_pts, mesh_lc, mesh_reg = gs_mesh.build_mesh()
                                  ^^^^^^^^^^^^^^^^^^^^
  File "/home/nl2951/OpenFUSIONToolkit/install_release/python/OpenFUSIONToolkit/TokaMaker/meshing.py", line 628, in build_mesh
    raise ValueError('Meshing error: unclaimed region detected!')
ValueError: Meshing error: unclaimed region detected!

2026-06-09 11:22:53,028 pid=567318 weight_fb=1.00e-04 params=[169.9     10.1     96.5161  10.1    169.9      0.4751   0.5751   0.8149
   1.       0.8316]
Traceback (most recent call last):
  File "/home/nl2951/alfven/PF_location_optimization/opt_comp_combined_boundary.py", line 185, in _free_boundary_cost
    make_mesh(scan_geom, mesh_file, lim)
  File "/home/nl2951/alfven/PF_location_optimization/opt_comp_combined_boundary.py", line 165, in make_mesh
    mesh_pts, mesh_lc, mesh_reg = gs_mesh.build_mesh()
                                  ^^^^^^^^^^^^^^^^^^^^
  File "/home/nl2951/OpenFUSIONToolkit/install_release/python/OpenFUSIONToolkit/TokaMaker/meshing.py", line 628, in build_mesh
    raise ValueError('Meshing error: unclaimed region detected!')
ValueError: Meshing error: unclaimed region detected!

2026-06-09 11:23:26,851 pid=567318 weight_fb=1.00e-04 params=[169.9     10.1     96.5161  10.1    169.9      0.4751   0.5751   0.8149
   1.       0.8316]
Traceback (most recent call last):
  File "/home/nl2951/alfven/PF_location_optimization/opt_comp_combined_boundary.py", line 185, in _free_boundary_cost
    make_mesh(scan_geom, mesh_file, lim)
  File "/home/nl2951/alfven/PF_location_optimization/opt_comp_combined_boundary.py", line 165, in make_mesh
    mesh_pts, mesh_lc, mesh_reg = gs_mesh.build_mesh()
                                  ^^^^^^^^^^^^^^^^^^^^
  File "/home/nl2951/OpenFUSIONToolkit/install_release/python/OpenFUSIONToolkit/TokaMaker/meshing.py", line 628, in build_mesh
    raise ValueError('Meshing error: unclaimed region detected!')
ValueError: Meshing error: unclaimed region detected!

2026-06-09 11:24:00,399 pid=567318 weight_fb=1.00e-04 params=[169.9667  10.0333  96.5161  10.0333 169.9667   0.4751   0.5751   0.8149
   1.       0.8316]
Traceback (most recent call last):
  File "/home/nl2951/alfven/PF_location_optimization/opt_comp_combined_boundary.py", line 185, in _free_boundary_cost
    make_mesh(scan_geom, mesh_file, lim)
  File "/home/nl2951/alfven/PF_location_optimization/opt_comp_combined_boundary.py", line 165, in make_mesh
    mesh_pts, mesh_lc, mesh_reg = gs_mesh.build_mesh()
                                  ^^^^^^^^^^^^^^^^^^^^
  File "/home/nl2951/OpenFUSIONToolkit/install_release/python/OpenFUSIONToolkit/TokaMaker/meshing.py", line 628, in build_mesh
    raise ValueError('Meshing error: unclaimed region detected!')
ValueError: Meshing error: unclaimed region detected!

2026-06-09 11:24:34,068 pid=567318 weight_fb=1.00e-04 params=[169.9667  10.0333  96.5161  10.0333 169.9667   0.4751   0.5751   0.8149
   1.       0.8316]
Traceback (most recent call last):
  File "/home/nl2951/alfven/PF_location_optimization/opt_comp_combined_boundary.py", line 185, in _free_boundary_cost
    make_mesh(scan_geom, mesh_file, lim)
  File "/home/nl2951/alfven/PF_location_optimization/opt_comp_combined_boundary.py", line 165, in make_mesh
    mesh_pts, mesh_lc, mesh_reg = gs_mesh.build_mesh()
                                  ^^^^^^^^^^^^^^^^^^^^
  File "/home/nl2951/OpenFUSIONToolkit/install_release/python/OpenFUSIONToolkit/TokaMaker/meshing.py", line 628, in build_mesh
    raise ValueError('Meshing error: unclaimed region detected!')
ValueError: Meshing error: unclaimed region detected!

2026-06-09 11:25:07,379 pid=567318 weight_fb=1.00e-04 params=[169.9667  10.0333  96.5161  10.0333 169.9667   0.4751   0.5751   0.8149
   1.       0.8316]
Traceback (most recent call last):
  File "/home/nl2951/alfven/PF_location_optimization/opt_comp_combined_boundary.py", line 185, in _free_boundary_cost
    make_mesh(scan_geom, mesh_file, lim)
  File "/home/nl2951/alfven/PF_location_optimization/opt_comp_combined_boundary.py", line 165, in make_mesh
    mesh_pts, mesh_lc, mesh_reg = gs_mesh.build_mesh()
                                  ^^^^^^^^^^^^^^^^^^^^
  File "/home/nl2951/OpenFUSIONToolkit/install_release/python/OpenFUSIONToolkit/TokaMaker/meshing.py", line 628, in build_mesh
    raise ValueError('Meshing error: unclaimed region detected!')
ValueError: Meshing error: unclaimed region detected!

2026-06-09 11:25:40,720 pid=567318 weight_fb=1.00e-04 params=[169.9667  10.0333  96.5161  10.0333 169.9667   0.4751   0.5751   0.8149
   1.       0.8316]
Traceback (most recent call last):
  File "/home/nl2951/alfven/PF_location_optimization/opt_comp_combined_boundary.py", line 185, in _free_boundary_cost
    make_mesh(scan_geom, mesh_file, lim)
  File "/home/nl2951/alfven/PF_location_optimization/opt_comp_combined_boundary.py", line 165, in make_mesh
    mesh_pts, mesh_lc, mesh_reg = gs_mesh.build_mesh()
                                  ^^^^^^^^^^^^^^^^^^^^
  File "/home/nl2951/OpenFUSIONToolkit/install_release/python/OpenFUSIONToolkit/TokaMaker/meshing.py", line 628, in build_mesh
    raise ValueError('Meshing error: unclaimed region detected!')
ValueError: Meshing error: unclaimed region detected!

2026-06-09 11:26:14,464 pid=567318 weight_fb=1.00e-04 params=[169.9667  10.0333  96.5161  10.0333 169.9667   0.4751   0.5751   0.8149
   1.       0.8316]
Traceback (most recent call last):
  File "/home/nl2951/alfven/PF_location_optimization/opt_comp_combined_boundary.py", line 185, in _free_boundary_cost
    make_mesh(scan_geom, mesh_file, lim)
  File "/home/nl2951/alfven/PF_location_optimization/opt_comp_combined_boundary.py", line 165, in make_mesh
    mesh_pts, mesh_lc, mesh_reg = gs_mesh.build_mesh()
                                  ^^^^^^^^^^^^^^^^^^^^
  File "/home/nl2951/OpenFUSIONToolkit/install_release/python/OpenFUSIONToolkit/TokaMaker/meshing.py", line 628, in build_mesh
    raise ValueError('Meshing error: unclaimed region detected!')
ValueError: Meshing error: unclaimed region detected!

2026-06-09 11:26:47,898 pid=567318 weight_fb=1.00e-04 params=[169.9667  10.0333  96.5161  10.0333 169.9667   0.4751   0.5751   0.8149
   1.       0.8316]
Traceback (most recent call last):
  File "/home/nl2951/alfven/PF_location_optimization/opt_comp_combined_boundary.py", line 185, in _free_boundary_cost
    make_mesh(scan_geom, mesh_file, lim)
  File "/home/nl2951/alfven/PF_location_optimization/opt_comp_combined_boundary.py", line 165, in make_mesh
    mesh_pts, mesh_lc, mesh_reg = gs_mesh.build_mesh()
                                  ^^^^^^^^^^^^^^^^^^^^
  File "/home/nl2951/OpenFUSIONToolkit/install_release/python/OpenFUSIONToolkit/TokaMaker/meshing.py", line 628, in build_mesh
    raise ValueError('Meshing error: unclaimed region detected!')
ValueError: Meshing error: unclaimed region detected!

2026-06-09 11:27:21,625 pid=567318 weight_fb=1.00e-04 params=[169.9667  10.0333  96.5161  10.0333 169.9667   0.4751   0.5751   0.8149
   1.       0.8316]
Traceback (most recent call last):
  File "/home/nl2951/alfven/PF_location_optimization/opt_comp_combined_boundary.py", line 185, in _free_boundary_cost
    make_mesh(scan_geom, mesh_file, lim)
  File "/home/nl2951/alfven/PF_location_optimization/opt_comp_combined_boundary.py", line 165, in make_mesh
    mesh_pts, mesh_lc, mesh_reg = gs_mesh.build_mesh()
                                  ^^^^^^^^^^^^^^^^^^^^
  File "/home/nl2951/OpenFUSIONToolkit/install_release/python/OpenFUSIONToolkit/TokaMaker/meshing.py", line 628, in build_mesh
    raise ValueError('Meshing error: unclaimed region detected!')
ValueError: Meshing error: unclaimed region detected!

2026-06-09 11:27:54,979 pid=567318 weight_fb=1.00e-04 params=[169.9667  10.0333  96.5161  10.0333 169.9667   0.4751   0.5751   0.8149
   1.       0.8316]
Traceback (most recent call last):
  File "/home/nl2951/alfven/PF_location_optimization/opt_comp_combined_boundary.py", line 185, in _free_boundary_cost
    make_mesh(scan_geom, mesh_file, lim)
  File "/home/nl2951/alfven/PF_location_optimization/opt_comp_combined_boundary.py", line 165, in make_mesh
    mesh_pts, mesh_lc, mesh_reg = gs_mesh.build_mesh()
                                  ^^^^^^^^^^^^^^^^^^^^
  File "/home/nl2951/OpenFUSIONToolkit/install_release/python/OpenFUSIONToolkit/TokaMaker/meshing.py", line 628, in build_mesh
    raise ValueError('Meshing error: unclaimed region detected!')
ValueError: Meshing error: unclaimed region detected!

2026-06-09 11:28:28,439 pid=567318 weight_fb=1.00e-04 params=[169.9667  10.0333  96.5161  10.0333 169.9667   0.4751   0.5751   0.8149
   1.       0.8316]
Traceback (most recent call last):
  File "/home/nl2951/alfven/PF_location_optimization/opt_comp_combined_boundary.py", line 185, in _free_boundary_cost
    make_mesh(scan_geom, mesh_file, lim)
  File "/home/nl2951/alfven/PF_location_optimization/opt_comp_combined_boundary.py", line 165, in make_mesh
    mesh_pts, mesh_lc, mesh_reg = gs_mesh.build_mesh()
                                  ^^^^^^^^^^^^^^^^^^^^
  File "/home/nl2951/OpenFUSIONToolkit/install_release/python/OpenFUSIONToolkit/TokaMaker/meshing.py", line 628, in build_mesh
    raise ValueError('Meshing error: unclaimed region detected!')
ValueError: Meshing error: unclaimed region detected!

2026-06-09 11:29:01,997 pid=567318 weight_fb=1.00e-04 params=[169.9667  10.0333  96.5161  10.0333 169.9667   0.4751   0.5751   0.8149
   1.       0.8316]
Traceback (most recent call last):
  File "/home/nl2951/alfven/PF_location_optimization/opt_comp_combined_boundary.py", line 185, in _free_boundary_cost
    make_mesh(scan_geom, mesh_file, lim)
  File "/home/nl2951/alfven/PF_location_optimization/opt_comp_combined_boundary.py", line 165, in make_mesh
    mesh_pts, mesh_lc, mesh_reg = gs_mesh.build_mesh()
                                  ^^^^^^^^^^^^^^^^^^^^
  File "/home/nl2951/OpenFUSIONToolkit/install_release/python/OpenFUSIONToolkit/TokaMaker/meshing.py", line 628, in build_mesh
    raise ValueError('Meshing error: unclaimed region detected!')
ValueError: Meshing error: unclaimed region detected!

2026-06-09 11:29:35,491 pid=567318 weight_fb=1.00e-04 params=[169.9667  10.0333  96.5161  10.0333 169.9667   0.4751   0.5751   0.8149
   1.       0.8316]
Traceback (most recent call last):
  File "/home/nl2951/alfven/PF_location_optimization/opt_comp_combined_boundary.py", line 185, in _free_boundary_cost
    make_mesh(scan_geom, mesh_file, lim)
  File "/home/nl2951/alfven/PF_location_optimization/opt_comp_combined_boundary.py", line 165, in make_mesh
    mesh_pts, mesh_lc, mesh_reg = gs_mesh.build_mesh()
                                  ^^^^^^^^^^^^^^^^^^^^
  File "/home/nl2951/OpenFUSIONToolkit/install_release/python/OpenFUSIONToolkit/TokaMaker/meshing.py", line 628, in build_mesh
    raise ValueError('Meshing error: unclaimed region detected!')
ValueError: Meshing error: unclaimed region detected!

2026-06-09 11:30:08,601 pid=567318 weight_fb=1.00e-04 params=[169.9889  10.0111  96.5161  10.0111 169.9889   0.4751   0.5751   0.8149
   1.       0.8316]
Traceback (most recent call last):
  File "/home/nl2951/alfven/PF_location_optimization/opt_comp_combined_boundary.py", line 185, in _free_boundary_cost
    make_mesh(scan_geom, mesh_file, lim)
  File "/home/nl2951/alfven/PF_location_optimization/opt_comp_combined_boundary.py", line 165, in make_mesh
    mesh_pts, mesh_lc, mesh_reg = gs_mesh.build_mesh()
                                  ^^^^^^^^^^^^^^^^^^^^
  File "/home/nl2951/OpenFUSIONToolkit/install_release/python/OpenFUSIONToolkit/TokaMaker/meshing.py", line 628, in build_mesh
    raise ValueError('Meshing error: unclaimed region detected!')
ValueError: Meshing error: unclaimed region detected!

2026-06-09 11:30:41,627 pid=567318 weight_fb=1.00e-04 params=[169.9889  10.0111  96.5161  10.0111 169.9889   0.4751   0.5751   0.8149
   1.       0.8316]
Traceback (most recent call last):
  File "/home/nl2951/alfven/PF_location_optimization/opt_comp_combined_boundary.py", line 185, in _free_boundary_cost
    make_mesh(scan_geom, mesh_file, lim)
  File "/home/nl2951/alfven/PF_location_optimization/opt_comp_combined_boundary.py", line 165, in make_mesh
    mesh_pts, mesh_lc, mesh_reg = gs_mesh.build_mesh()
                                  ^^^^^^^^^^^^^^^^^^^^
  File "/home/nl2951/OpenFUSIONToolkit/install_release/python/OpenFUSIONToolkit/TokaMaker/meshing.py", line 628, in build_mesh
    raise ValueError('Meshing error: unclaimed region detected!')
ValueError: Meshing error: unclaimed region detected!

2026-06-09 11:31:14,767 pid=567318 weight_fb=1.00e-04 params=[169.9889  10.0111  96.5161  10.0111 169.9889   0.4751   0.5751   0.8149
   1.       0.8316]
Traceback (most recent call last):
  File "/home/nl2951/alfven/PF_location_optimization/opt_comp_combined_boundary.py", line 185, in _free_boundary_cost
    make_mesh(scan_geom, mesh_file, lim)
  File "/home/nl2951/alfven/PF_location_optimization/opt_comp_combined_boundary.py", line 165, in make_mesh
    mesh_pts, mesh_lc, mesh_reg = gs_mesh.build_mesh()
                                  ^^^^^^^^^^^^^^^^^^^^
  File "/home/nl2951/OpenFUSIONToolkit/install_release/python/OpenFUSIONToolkit/TokaMaker/meshing.py", line 628, in build_mesh
    raise ValueError('Meshing error: unclaimed region detected!')
ValueError: Meshing error: unclaimed region detected!

2026-06-09 11:31:48,169 pid=567318 weight_fb=1.00e-04 params=[169.9889  10.0111  96.5161  10.0111 169.9889   0.4751   0.5751   0.8149
   1.       0.8316]
Traceback (most recent call last):
  File "/home/nl2951/alfven/PF_location_optimization/opt_comp_combined_boundary.py", line 185, in _free_boundary_cost
    make_mesh(scan_geom, mesh_file, lim)
  File "/home/nl2951/alfven/PF_location_optimization/opt_comp_combined_boundary.py", line 165, in make_mesh
    mesh_pts, mesh_lc, mesh_reg = gs_mesh.build_mesh()
                                  ^^^^^^^^^^^^^^^^^^^^
  File "/home/nl2951/OpenFUSIONToolkit/install_release/python/OpenFUSIONToolkit/TokaMaker/meshing.py", line 628, in build_mesh
    raise ValueError('Meshing error: unclaimed region detected!')
ValueError: Meshing error: unclaimed region detected!

2026-06-09 11:32:21,189 pid=567318 weight_fb=1.00e-04 params=[169.9889  10.0111  96.5161  10.0111 169.9889   0.4751   0.5751   0.8149
   1.       0.8316]
Traceback (most recent call last):
  File "/home/nl2951/alfven/PF_location_optimization/opt_comp_combined_boundary.py", line 185, in _free_boundary_cost
    make_mesh(scan_geom, mesh_file, lim)
  File "/home/nl2951/alfven/PF_location_optimization/opt_comp_combined_boundary.py", line 165, in make_mesh
    mesh_pts, mesh_lc, mesh_reg = gs_mesh.build_mesh()
                                  ^^^^^^^^^^^^^^^^^^^^
  File "/home/nl2951/OpenFUSIONToolkit/install_release/python/OpenFUSIONToolkit/TokaMaker/meshing.py", line 628, in build_mesh
    raise ValueError('Meshing error: unclaimed region detected!')
ValueError: Meshing error: unclaimed region detected!

2026-06-09 11:32:54,092 pid=567318 weight_fb=1.00e-04 params=[169.9889  10.0111  96.5161  10.0111 169.9889   0.4751   0.5751   0.8149
   1.       0.8316]
Traceback (most recent call last):
  File "/home/nl2951/alfven/PF_location_optimization/opt_comp_combined_boundary.py", line 185, in _free_boundary_cost
    make_mesh(scan_geom, mesh_file, lim)
  File "/home/nl2951/alfven/PF_location_optimization/opt_comp_combined_boundary.py", line 165, in make_mesh
    mesh_pts, mesh_lc, mesh_reg = gs_mesh.build_mesh()
                                  ^^^^^^^^^^^^^^^^^^^^
  File "/home/nl2951/OpenFUSIONToolkit/install_release/python/OpenFUSIONToolkit/TokaMaker/meshing.py", line 628, in build_mesh
    raise ValueError('Meshing error: unclaimed region detected!')
ValueError: Meshing error: unclaimed region detected!

2026-06-09 11:33:27,064 pid=567318 weight_fb=1.00e-04 params=[169.9889  10.0111  96.5161  10.0111 169.9889   0.4751   0.5751   0.8149
   1.       0.8316]
Traceback (most recent call last):
  File "/home/nl2951/alfven/PF_location_optimization/opt_comp_combined_boundary.py", line 185, in _free_boundary_cost
    make_mesh(scan_geom, mesh_file, lim)
  File "/home/nl2951/alfven/PF_location_optimization/opt_comp_combined_boundary.py", line 165, in make_mesh
    mesh_pts, mesh_lc, mesh_reg = gs_mesh.build_mesh()
                                  ^^^^^^^^^^^^^^^^^^^^
  File "/home/nl2951/OpenFUSIONToolkit/install_release/python/OpenFUSIONToolkit/TokaMaker/meshing.py", line 628, in build_mesh
    raise ValueError('Meshing error: unclaimed region detected!')
ValueError: Meshing error: unclaimed region detected!

2026-06-09 11:34:00,121 pid=567318 weight_fb=1.00e-04 params=[169.9889  10.0111  96.5161  10.0111 169.9889   0.4751   0.5751   0.8149
   1.       0.8316]
Traceback (most recent call last):
  File "/home/nl2951/alfven/PF_location_optimization/opt_comp_combined_boundary.py", line 185, in _free_boundary_cost
    make_mesh(scan_geom, mesh_file, lim)
  File "/home/nl2951/alfven/PF_location_optimization/opt_comp_combined_boundary.py", line 165, in make_mesh
    mesh_pts, mesh_lc, mesh_reg = gs_mesh.build_mesh()
                                  ^^^^^^^^^^^^^^^^^^^^
  File "/home/nl2951/OpenFUSIONToolkit/install_release/python/OpenFUSIONToolkit/TokaMaker/meshing.py", line 628, in build_mesh
    raise ValueError('Meshing error: unclaimed region detected!')
ValueError: Meshing error: unclaimed region detected!

2026-06-09 11:34:33,366 pid=567318 weight_fb=1.00e-04 params=[169.9889  10.0111  96.5161  10.0111 169.9889   0.4751   0.5751   0.8149
   1.       0.8316]
Traceback (most recent call last):
  File "/home/nl2951/alfven/PF_location_optimization/opt_comp_combined_boundary.py", line 185, in _free_boundary_cost
    make_mesh(scan_geom, mesh_file, lim)
  File "/home/nl2951/alfven/PF_location_optimization/opt_comp_combined_boundary.py", line 165, in make_mesh
    mesh_pts, mesh_lc, mesh_reg = gs_mesh.build_mesh()
                                  ^^^^^^^^^^^^^^^^^^^^
  File "/home/nl2951/OpenFUSIONToolkit/install_release/python/OpenFUSIONToolkit/TokaMaker/meshing.py", line 628, in build_mesh
    raise ValueError('Meshing error: unclaimed region detected!')
ValueError: Meshing error: unclaimed region detected!

2026-06-09 11:35:06,892 pid=567318 weight_fb=1.00e-04 params=[169.9889  10.0111  96.5161  10.0111 169.9889   0.4751   0.5751   0.8149
   1.       0.8316]
Traceback (most recent call last):
  File "/home/nl2951/alfven/PF_location_optimization/opt_comp_combined_boundary.py", line 185, in _free_boundary_cost
    make_mesh(scan_geom, mesh_file, lim)
  File "/home/nl2951/alfven/PF_location_optimization/opt_comp_combined_boundary.py", line 165, in make_mesh
    mesh_pts, mesh_lc, mesh_reg = gs_mesh.build_mesh()
                                  ^^^^^^^^^^^^^^^^^^^^
  File "/home/nl2951/OpenFUSIONToolkit/install_release/python/OpenFUSIONToolkit/TokaMaker/meshing.py", line 628, in build_mesh
    raise ValueError('Meshing error: unclaimed region detected!')
ValueError: Meshing error: unclaimed region detected!

2026-06-09 11:35:40,020 pid=567318 weight_fb=1.00e-04 params=[169.9889  10.0111  96.5161  10.0111 169.9889   0.4751   0.5751   0.8149
   1.       0.8316]
Traceback (most recent call last):
  File "/home/nl2951/alfven/PF_location_optimization/opt_comp_combined_boundary.py", line 185, in _free_boundary_cost
    make_mesh(scan_geom, mesh_file, lim)
  File "/home/nl2951/alfven/PF_location_optimization/opt_comp_combined_boundary.py", line 165, in make_mesh
    mesh_pts, mesh_lc, mesh_reg = gs_mesh.build_mesh()
                                  ^^^^^^^^^^^^^^^^^^^^
  File "/home/nl2951/OpenFUSIONToolkit/install_release/python/OpenFUSIONToolkit/TokaMaker/meshing.py", line 628, in build_mesh
    raise ValueError('Meshing error: unclaimed region detected!')
ValueError: Meshing error: unclaimed region detected!

2026-06-09 11:36:12,938 pid=567318 weight_fb=1.00e-04 params=[169.9963  10.0037  96.5161  10.0037 169.9963   0.4751   0.5751   0.8149
   1.       0.8316]
Traceback (most recent call last):
  File "/home/nl2951/alfven/PF_location_optimization/opt_comp_combined_boundary.py", line 185, in _free_boundary_cost
    make_mesh(scan_geom, mesh_file, lim)
  File "/home/nl2951/alfven/PF_location_optimization/opt_comp_combined_boundary.py", line 165, in make_mesh
    mesh_pts, mesh_lc, mesh_reg = gs_mesh.build_mesh()
                                  ^^^^^^^^^^^^^^^^^^^^
  File "/home/nl2951/OpenFUSIONToolkit/install_release/python/OpenFUSIONToolkit/TokaMaker/meshing.py", line 628, in build_mesh
    raise ValueError('Meshing error: unclaimed region detected!')
ValueError: Meshing error: unclaimed region detected!

2026-06-09 11:36:46,268 pid=567318 weight_fb=1.00e-04 params=[169.9963  10.0037  96.5161  10.0037 169.9963   0.4751   0.5751   0.8149
   1.       0.8316]
Traceback (most recent call last):
  File "/home/nl2951/alfven/PF_location_optimization/opt_comp_combined_boundary.py", line 185, in _free_boundary_cost
    make_mesh(scan_geom, mesh_file, lim)
  File "/home/nl2951/alfven/PF_location_optimization/opt_comp_combined_boundary.py", line 165, in make_mesh
    mesh_pts, mesh_lc, mesh_reg = gs_mesh.build_mesh()
                                  ^^^^^^^^^^^^^^^^^^^^
  File "/home/nl2951/OpenFUSIONToolkit/install_release/python/OpenFUSIONToolkit/TokaMaker/meshing.py", line 628, in build_mesh
    raise ValueError('Meshing error: unclaimed region detected!')
ValueError: Meshing error: unclaimed region detected!

2026-06-09 11:37:19,135 pid=567318 weight_fb=1.00e-04 params=[169.9963  10.0037  96.5161  10.0037 169.9963   0.4751   0.5751   0.8149
   1.       0.8316]
Traceback (most recent call last):
  File "/home/nl2951/alfven/PF_location_optimization/opt_comp_combined_boundary.py", line 185, in _free_boundary_cost
    make_mesh(scan_geom, mesh_file, lim)
  File "/home/nl2951/alfven/PF_location_optimization/opt_comp_combined_boundary.py", line 165, in make_mesh
    mesh_pts, mesh_lc, mesh_reg = gs_mesh.build_mesh()
                                  ^^^^^^^^^^^^^^^^^^^^
  File "/home/nl2951/OpenFUSIONToolkit/install_release/python/OpenFUSIONToolkit/TokaMaker/meshing.py", line 628, in build_mesh
    raise ValueError('Meshing error: unclaimed region detected!')
ValueError: Meshing error: unclaimed region detected!

2026-06-09 11:37:52,118 pid=567318 weight_fb=1.00e-04 params=[169.9963  10.0037  96.5161  10.0037 169.9963   0.4751   0.5751   0.8149
   1.       0.8316]
Traceback (most recent call last):
  File "/home/nl2951/alfven/PF_location_optimization/opt_comp_combined_boundary.py", line 185, in _free_boundary_cost
    make_mesh(scan_geom, mesh_file, lim)
  File "/home/nl2951/alfven/PF_location_optimization/opt_comp_combined_boundary.py", line 165, in make_mesh
    mesh_pts, mesh_lc, mesh_reg = gs_mesh.build_mesh()
                                  ^^^^^^^^^^^^^^^^^^^^
  File "/home/nl2951/OpenFUSIONToolkit/install_release/python/OpenFUSIONToolkit/TokaMaker/meshing.py", line 628, in build_mesh
    raise ValueError('Meshing error: unclaimed region detected!')
ValueError: Meshing error: unclaimed region detected!

2026-06-09 11:38:25,595 pid=567318 weight_fb=1.00e-04 params=[169.9963  10.0037  96.5161  10.0037 169.9963   0.4751   0.5751   0.8149
   1.       0.8316]
Traceback (most recent call last):
  File "/home/nl2951/alfven/PF_location_optimization/opt_comp_combined_boundary.py", line 185, in _free_boundary_cost
    make_mesh(scan_geom, mesh_file, lim)
  File "/home/nl2951/alfven/PF_location_optimization/opt_comp_combined_boundary.py", line 165, in make_mesh
    mesh_pts, mesh_lc, mesh_reg = gs_mesh.build_mesh()
                                  ^^^^^^^^^^^^^^^^^^^^
  File "/home/nl2951/OpenFUSIONToolkit/install_release/python/OpenFUSIONToolkit/TokaMaker/meshing.py", line 628, in build_mesh
    raise ValueError('Meshing error: unclaimed region detected!')
ValueError: Meshing error: unclaimed region detected!

2026-06-09 11:38:59,149 pid=567318 weight_fb=1.00e-04 params=[169.9963  10.0037  96.5161  10.0037 169.9963   0.4751   0.5751   0.8149
   1.       0.8316]
Traceback (most recent call last):
  File "/home/nl2951/alfven/PF_location_optimization/opt_comp_combined_boundary.py", line 185, in _free_boundary_cost
    make_mesh(scan_geom, mesh_file, lim)
  File "/home/nl2951/alfven/PF_location_optimization/opt_comp_combined_boundary.py", line 165, in make_mesh
    mesh_pts, mesh_lc, mesh_reg = gs_mesh.build_mesh()
                                  ^^^^^^^^^^^^^^^^^^^^
  File "/home/nl2951/OpenFUSIONToolkit/install_release/python/OpenFUSIONToolkit/TokaMaker/meshing.py", line 628, in build_mesh
    raise ValueError('Meshing error: unclaimed region detected!')
ValueError: Meshing error: unclaimed region detected!

2026-06-09 11:39:32,391 pid=567318 weight_fb=1.00e-04 params=[169.9963  10.0037  96.5161  10.0037 169.9963   0.4751   0.5751   0.8149
   1.       0.8316]
Traceback (most recent call last):
  File "/home/nl2951/alfven/PF_location_optimization/opt_comp_combined_boundary.py", line 185, in _free_boundary_cost
    make_mesh(scan_geom, mesh_file, lim)
  File "/home/nl2951/alfven/PF_location_optimization/opt_comp_combined_boundary.py", line 165, in make_mesh
    mesh_pts, mesh_lc, mesh_reg = gs_mesh.build_mesh()
                                  ^^^^^^^^^^^^^^^^^^^^
  File "/home/nl2951/OpenFUSIONToolkit/install_release/python/OpenFUSIONToolkit/TokaMaker/meshing.py", line 628, in build_mesh
    raise ValueError('Meshing error: unclaimed region detected!')
ValueError: Meshing error: unclaimed region detected!

2026-06-09 11:40:05,074 pid=567318 weight_fb=1.00e-04 params=[169.9963  10.0037  96.5161  10.0037 169.9963   0.4751   0.5751   0.8149
   1.       0.8316]
Traceback (most recent call last):
  File "/home/nl2951/alfven/PF_location_optimization/opt_comp_combined_boundary.py", line 185, in _free_boundary_cost
    make_mesh(scan_geom, mesh_file, lim)
  File "/home/nl2951/alfven/PF_location_optimization/opt_comp_combined_boundary.py", line 165, in make_mesh
    mesh_pts, mesh_lc, mesh_reg = gs_mesh.build_mesh()
                                  ^^^^^^^^^^^^^^^^^^^^
  File "/home/nl2951/OpenFUSIONToolkit/install_release/python/OpenFUSIONToolkit/TokaMaker/meshing.py", line 628, in build_mesh
    raise ValueError('Meshing error: unclaimed region detected!')
ValueError: Meshing error: unclaimed region detected!

2026-06-09 11:40:38,341 pid=567318 weight_fb=1.00e-04 params=[169.9963  10.0037  96.5161  10.0037 169.9963   0.4751   0.5751   0.8149
   1.       0.8316]
Traceback (most recent call last):
  File "/home/nl2951/alfven/PF_location_optimization/opt_comp_combined_boundary.py", line 185, in _free_boundary_cost
    make_mesh(scan_geom, mesh_file, lim)
  File "/home/nl2951/alfven/PF_location_optimization/opt_comp_combined_boundary.py", line 165, in make_mesh
    mesh_pts, mesh_lc, mesh_reg = gs_mesh.build_mesh()
                                  ^^^^^^^^^^^^^^^^^^^^
  File "/home/nl2951/OpenFUSIONToolkit/install_release/python/OpenFUSIONToolkit/TokaMaker/meshing.py", line 628, in build_mesh
    raise ValueError('Meshing error: unclaimed region detected!')
ValueError: Meshing error: unclaimed region detected!

2026-06-09 11:41:11,313 pid=567318 weight_fb=1.00e-04 params=[169.9963  10.0037  96.5161  10.0037 169.9963   0.4751   0.5751   0.8149
   1.       0.8316]
Traceback (most recent call last):
  File "/home/nl2951/alfven/PF_location_optimization/opt_comp_combined_boundary.py", line 185, in _free_boundary_cost
    make_mesh(scan_geom, mesh_file, lim)
  File "/home/nl2951/alfven/PF_location_optimization/opt_comp_combined_boundary.py", line 165, in make_mesh
    mesh_pts, mesh_lc, mesh_reg = gs_mesh.build_mesh()
                                  ^^^^^^^^^^^^^^^^^^^^
  File "/home/nl2951/OpenFUSIONToolkit/install_release/python/OpenFUSIONToolkit/TokaMaker/meshing.py", line 628, in build_mesh
    raise ValueError('Meshing error: unclaimed region detected!')
ValueError: Meshing error: unclaimed region detected!

2026-06-09 11:41:44,105 pid=567318 weight_fb=1.00e-04 params=[169.9963  10.0037  96.5161  10.0037 169.9963   0.4751   0.5751   0.8149
   1.       0.8316]
Traceback (most recent call last):
  File "/home/nl2951/alfven/PF_location_optimization/opt_comp_combined_boundary.py", line 185, in _free_boundary_cost
    make_mesh(scan_geom, mesh_file, lim)
  File "/home/nl2951/alfven/PF_location_optimization/opt_comp_combined_boundary.py", line 165, in make_mesh
    mesh_pts, mesh_lc, mesh_reg = gs_mesh.build_mesh()
                                  ^^^^^^^^^^^^^^^^^^^^
  File "/home/nl2951/OpenFUSIONToolkit/install_release/python/OpenFUSIONToolkit/TokaMaker/meshing.py", line 628, in build_mesh
    raise ValueError('Meshing error: unclaimed region detected!')
ValueError: Meshing error: unclaimed region detected!

2026-06-09 11:42:17,000 pid=567318 weight_fb=1.00e-04 params=[169.9988  10.0012  96.5161  10.0012 169.9988   0.4751   0.5751   0.8149
   1.       0.8316]
Traceback (most recent call last):
  File "/home/nl2951/alfven/PF_location_optimization/opt_comp_combined_boundary.py", line 185, in _free_boundary_cost
    make_mesh(scan_geom, mesh_file, lim)
  File "/home/nl2951/alfven/PF_location_optimization/opt_comp_combined_boundary.py", line 165, in make_mesh
    mesh_pts, mesh_lc, mesh_reg = gs_mesh.build_mesh()
                                  ^^^^^^^^^^^^^^^^^^^^
  File "/home/nl2951/OpenFUSIONToolkit/install_release/python/OpenFUSIONToolkit/TokaMaker/meshing.py", line 628, in build_mesh
    raise ValueError('Meshing error: unclaimed region detected!')
ValueError: Meshing error: unclaimed region detected!

2026-06-09 11:42:50,115 pid=567318 weight_fb=1.00e-04 params=[169.9988  10.0012  96.5161  10.0012 169.9988   0.4751   0.5751   0.8149
   1.       0.8316]
Traceback (most recent call last):
  File "/home/nl2951/alfven/PF_location_optimization/opt_comp_combined_boundary.py", line 185, in _free_boundary_cost
    make_mesh(scan_geom, mesh_file, lim)
  File "/home/nl2951/alfven/PF_location_optimization/opt_comp_combined_boundary.py", line 165, in make_mesh
    mesh_pts, mesh_lc, mesh_reg = gs_mesh.build_mesh()
                                  ^^^^^^^^^^^^^^^^^^^^
  File "/home/nl2951/OpenFUSIONToolkit/install_release/python/OpenFUSIONToolkit/TokaMaker/meshing.py", line 628, in build_mesh
    raise ValueError('Meshing error: unclaimed region detected!')
ValueError: Meshing error: unclaimed region detected!

2026-06-09 11:43:22,953 pid=567318 weight_fb=1.00e-04 params=[169.9988  10.0012  96.5161  10.0012 169.9988   0.4751   0.5751   0.8149
   1.       0.8316]
Traceback (most recent call last):
  File "/home/nl2951/alfven/PF_location_optimization/opt_comp_combined_boundary.py", line 185, in _free_boundary_cost
    make_mesh(scan_geom, mesh_file, lim)
  File "/home/nl2951/alfven/PF_location_optimization/opt_comp_combined_boundary.py", line 165, in make_mesh
    mesh_pts, mesh_lc, mesh_reg = gs_mesh.build_mesh()
                                  ^^^^^^^^^^^^^^^^^^^^
  File "/home/nl2951/OpenFUSIONToolkit/install_release/python/OpenFUSIONToolkit/TokaMaker/meshing.py", line 628, in build_mesh
    raise ValueError('Meshing error: unclaimed region detected!')
ValueError: Meshing error: unclaimed region detected!

2026-06-09 11:43:55,852 pid=567318 weight_fb=1.00e-04 params=[169.9988  10.0012  96.5161  10.0012 169.9988   0.4751   0.5751   0.8149
   1.       0.8316]
Traceback (most recent call last):
  File "/home/nl2951/alfven/PF_location_optimization/opt_comp_combined_boundary.py", line 185, in _free_boundary_cost
    make_mesh(scan_geom, mesh_file, lim)
  File "/home/nl2951/alfven/PF_location_optimization/opt_comp_combined_boundary.py", line 165, in make_mesh
    mesh_pts, mesh_lc, mesh_reg = gs_mesh.build_mesh()
                                  ^^^^^^^^^^^^^^^^^^^^
  File "/home/nl2951/OpenFUSIONToolkit/install_release/python/OpenFUSIONToolkit/TokaMaker/meshing.py", line 628, in build_mesh
    raise ValueError('Meshing error: unclaimed region detected!')
ValueError: Meshing error: unclaimed region detected!

2026-06-09 11:44:28,757 pid=567318 weight_fb=1.00e-04 params=[169.9988  10.0012  96.5161  10.0012 169.9988   0.4751   0.5751   0.8149
   1.       0.8316]
Traceback (most recent call last):
  File "/home/nl2951/alfven/PF_location_optimization/opt_comp_combined_boundary.py", line 185, in _free_boundary_cost
    make_mesh(scan_geom, mesh_file, lim)
  File "/home/nl2951/alfven/PF_location_optimization/opt_comp_combined_boundary.py", line 165, in make_mesh
    mesh_pts, mesh_lc, mesh_reg = gs_mesh.build_mesh()
                                  ^^^^^^^^^^^^^^^^^^^^
  File "/home/nl2951/OpenFUSIONToolkit/install_release/python/OpenFUSIONToolkit/TokaMaker/meshing.py", line 628, in build_mesh
    raise ValueError('Meshing error: unclaimed region detected!')
ValueError: Meshing error: unclaimed region detected!

2026-06-09 11:45:02,130 pid=567318 weight_fb=1.00e-04 params=[169.9988  10.0012  96.5161  10.0012 169.9988   0.4751   0.5751   0.8149
   1.       0.8316]
Traceback (most recent call last):
  File "/home/nl2951/alfven/PF_location_optimization/opt_comp_combined_boundary.py", line 185, in _free_boundary_cost
    make_mesh(scan_geom, mesh_file, lim)
  File "/home/nl2951/alfven/PF_location_optimization/opt_comp_combined_boundary.py", line 165, in make_mesh
    mesh_pts, mesh_lc, mesh_reg = gs_mesh.build_mesh()
                                  ^^^^^^^^^^^^^^^^^^^^
  File "/home/nl2951/OpenFUSIONToolkit/install_release/python/OpenFUSIONToolkit/TokaMaker/meshing.py", line 628, in build_mesh
    raise ValueError('Meshing error: unclaimed region detected!')
ValueError: Meshing error: unclaimed region detected!

2026-06-09 11:45:35,572 pid=567318 weight_fb=1.00e-04 params=[169.9988  10.0012  96.5161  10.0012 169.9988   0.4751   0.5751   0.8149
   1.       0.8316]
Traceback (most recent call last):
  File "/home/nl2951/alfven/PF_location_optimization/opt_comp_combined_boundary.py", line 185, in _free_boundary_cost
    make_mesh(scan_geom, mesh_file, lim)
  File "/home/nl2951/alfven/PF_location_optimization/opt_comp_combined_boundary.py", line 165, in make_mesh
    mesh_pts, mesh_lc, mesh_reg = gs_mesh.build_mesh()
                                  ^^^^^^^^^^^^^^^^^^^^
  File "/home/nl2951/OpenFUSIONToolkit/install_release/python/OpenFUSIONToolkit/TokaMaker/meshing.py", line 628, in build_mesh
    raise ValueError('Meshing error: unclaimed region detected!')
ValueError: Meshing error: unclaimed region detected!

2026-06-09 11:46:08,890 pid=567318 weight_fb=1.00e-04 params=[169.9988  10.0012  96.5161  10.0012 169.9988   0.4751   0.5751   0.8149
   1.       0.8316]
Traceback (most recent call last):
  File "/home/nl2951/alfven/PF_location_optimization/opt_comp_combined_boundary.py", line 185, in _free_boundary_cost
    make_mesh(scan_geom, mesh_file, lim)
  File "/home/nl2951/alfven/PF_location_optimization/opt_comp_combined_boundary.py", line 165, in make_mesh
    mesh_pts, mesh_lc, mesh_reg = gs_mesh.build_mesh()
                                  ^^^^^^^^^^^^^^^^^^^^
  File "/home/nl2951/OpenFUSIONToolkit/install_release/python/OpenFUSIONToolkit/TokaMaker/meshing.py", line 628, in build_mesh
    raise ValueError('Meshing error: unclaimed region detected!')
ValueError: Meshing error: unclaimed region detected!

2026-06-09 11:46:42,142 pid=567318 weight_fb=1.00e-04 params=[169.9988  10.0012  96.5161  10.0012 169.9988   0.4751   0.5751   0.8149
   1.       0.8316]
Traceback (most recent call last):
  File "/home/nl2951/alfven/PF_location_optimization/opt_comp_combined_boundary.py", line 185, in _free_boundary_cost
    make_mesh(scan_geom, mesh_file, lim)
  File "/home/nl2951/alfven/PF_location_optimization/opt_comp_combined_boundary.py", line 165, in make_mesh
    mesh_pts, mesh_lc, mesh_reg = gs_mesh.build_mesh()
                                  ^^^^^^^^^^^^^^^^^^^^
  File "/home/nl2951/OpenFUSIONToolkit/install_release/python/OpenFUSIONToolkit/TokaMaker/meshing.py", line 628, in build_mesh
    raise ValueError('Meshing error: unclaimed region detected!')
ValueError: Meshing error: unclaimed region detected!

2026-06-09 11:47:15,220 pid=567318 weight_fb=1.00e-04 params=[169.9988  10.0012  96.5161  10.0012 169.9988   0.4751   0.5751   0.8149
   1.       0.8316]
Traceback (most recent call last):
  File "/home/nl2951/alfven/PF_location_optimization/opt_comp_combined_boundary.py", line 185, in _free_boundary_cost
    make_mesh(scan_geom, mesh_file, lim)
  File "/home/nl2951/alfven/PF_location_optimization/opt_comp_combined_boundary.py", line 165, in make_mesh
    mesh_pts, mesh_lc, mesh_reg = gs_mesh.build_mesh()
                                  ^^^^^^^^^^^^^^^^^^^^
  File "/home/nl2951/OpenFUSIONToolkit/install_release/python/OpenFUSIONToolkit/TokaMaker/meshing.py", line 628, in build_mesh
    raise ValueError('Meshing error: unclaimed region detected!')
ValueError: Meshing error: unclaimed region detected!

2026-06-09 11:47:48,482 pid=567318 weight_fb=1.00e-04 params=[169.9988  10.0012  96.5161  10.0012 169.9988   0.4751   0.5751   0.8149
   1.       0.8316]
Traceback (most recent call last):
  File "/home/nl2951/alfven/PF_location_optimization/opt_comp_combined_boundary.py", line 185, in _free_boundary_cost
    make_mesh(scan_geom, mesh_file, lim)
  File "/home/nl2951/alfven/PF_location_optimization/opt_comp_combined_boundary.py", line 165, in make_mesh
    mesh_pts, mesh_lc, mesh_reg = gs_mesh.build_mesh()
                                  ^^^^^^^^^^^^^^^^^^^^
  File "/home/nl2951/OpenFUSIONToolkit/install_release/python/OpenFUSIONToolkit/TokaMaker/meshing.py", line 628, in build_mesh
    raise ValueError('Meshing error: unclaimed region detected!')
ValueError: Meshing error: unclaimed region detected!

2026-06-09 11:48:21,751 pid=567318 weight_fb=1.00e-04 params=[169.9996  10.0004  96.5161  10.0004 169.9996   0.4751   0.5751   0.8149
   1.       0.8316]
Traceback (most recent call last):
  File "/home/nl2951/alfven/PF_location_optimization/opt_comp_combined_boundary.py", line 185, in _free_boundary_cost
    make_mesh(scan_geom, mesh_file, lim)
  File "/home/nl2951/alfven/PF_location_optimization/opt_comp_combined_boundary.py", line 165, in make_mesh
    mesh_pts, mesh_lc, mesh_reg = gs_mesh.build_mesh()
                                  ^^^^^^^^^^^^^^^^^^^^
  File "/home/nl2951/OpenFUSIONToolkit/install_release/python/OpenFUSIONToolkit/TokaMaker/meshing.py", line 628, in build_mesh
    raise ValueError('Meshing error: unclaimed region detected!')
ValueError: Meshing error: unclaimed region detected!

2026-06-09 11:48:54,899 pid=567318 weight_fb=1.00e-04 params=[169.9996  10.0004  96.5161  10.0004 169.9996   0.4751   0.5751   0.8149
   1.       0.8316]
Traceback (most recent call last):
  File "/home/nl2951/alfven/PF_location_optimization/opt_comp_combined_boundary.py", line 185, in _free_boundary_cost
    make_mesh(scan_geom, mesh_file, lim)
  File "/home/nl2951/alfven/PF_location_optimization/opt_comp_combined_boundary.py", line 165, in make_mesh
    mesh_pts, mesh_lc, mesh_reg = gs_mesh.build_mesh()
                                  ^^^^^^^^^^^^^^^^^^^^
  File "/home/nl2951/OpenFUSIONToolkit/install_release/python/OpenFUSIONToolkit/TokaMaker/meshing.py", line 628, in build_mesh
    raise ValueError('Meshing error: unclaimed region detected!')
ValueError: Meshing error: unclaimed region detected!

2026-06-09 11:49:28,337 pid=567318 weight_fb=1.00e-04 params=[169.9996  10.0004  96.5161  10.0004 169.9996   0.4751   0.5751   0.8149
   1.       0.8316]
Traceback (most recent call last):
  File "/home/nl2951/alfven/PF_location_optimization/opt_comp_combined_boundary.py", line 185, in _free_boundary_cost
    make_mesh(scan_geom, mesh_file, lim)
  File "/home/nl2951/alfven/PF_location_optimization/opt_comp_combined_boundary.py", line 165, in make_mesh
    mesh_pts, mesh_lc, mesh_reg = gs_mesh.build_mesh()
                                  ^^^^^^^^^^^^^^^^^^^^
  File "/home/nl2951/OpenFUSIONToolkit/install_release/python/OpenFUSIONToolkit/TokaMaker/meshing.py", line 628, in build_mesh
    raise ValueError('Meshing error: unclaimed region detected!')
ValueError: Meshing error: unclaimed region detected!

2026-06-09 11:50:01,506 pid=567318 weight_fb=1.00e-04 params=[169.9996  10.0004  96.5161  10.0004 169.9996   0.4751   0.5751   0.8149
   1.       0.8316]
Traceback (most recent call last):
  File "/home/nl2951/alfven/PF_location_optimization/opt_comp_combined_boundary.py", line 185, in _free_boundary_cost
    make_mesh(scan_geom, mesh_file, lim)
  File "/home/nl2951/alfven/PF_location_optimization/opt_comp_combined_boundary.py", line 165, in make_mesh
    mesh_pts, mesh_lc, mesh_reg = gs_mesh.build_mesh()
                                  ^^^^^^^^^^^^^^^^^^^^
  File "/home/nl2951/OpenFUSIONToolkit/install_release/python/OpenFUSIONToolkit/TokaMaker/meshing.py", line 628, in build_mesh
    raise ValueError('Meshing error: unclaimed region detected!')
ValueError: Meshing error: unclaimed region detected!

2026-06-09 11:50:34,848 pid=567318 weight_fb=1.00e-04 params=[169.9996  10.0004  96.5161  10.0004 169.9996   0.4751   0.5751   0.8149
   1.       0.8316]
Traceback (most recent call last):
  File "/home/nl2951/alfven/PF_location_optimization/opt_comp_combined_boundary.py", line 185, in _free_boundary_cost
    make_mesh(scan_geom, mesh_file, lim)
  File "/home/nl2951/alfven/PF_location_optimization/opt_comp_combined_boundary.py", line 165, in make_mesh
    mesh_pts, mesh_lc, mesh_reg = gs_mesh.build_mesh()
                                  ^^^^^^^^^^^^^^^^^^^^
  File "/home/nl2951/OpenFUSIONToolkit/install_release/python/OpenFUSIONToolkit/TokaMaker/meshing.py", line 628, in build_mesh
    raise ValueError('Meshing error: unclaimed region detected!')
ValueError: Meshing error: unclaimed region detected!

2026-06-09 11:51:08,698 pid=567318 weight_fb=1.00e-04 params=[169.9996  10.0004  96.5161  10.0004 169.9996   0.4751   0.5751   0.8149
   1.       0.8316]
Traceback (most recent call last):
  File "/home/nl2951/alfven/PF_location_optimization/opt_comp_combined_boundary.py", line 185, in _free_boundary_cost
    make_mesh(scan_geom, mesh_file, lim)
  File "/home/nl2951/alfven/PF_location_optimization/opt_comp_combined_boundary.py", line 165, in make_mesh
    mesh_pts, mesh_lc, mesh_reg = gs_mesh.build_mesh()
                                  ^^^^^^^^^^^^^^^^^^^^
  File "/home/nl2951/OpenFUSIONToolkit/install_release/python/OpenFUSIONToolkit/TokaMaker/meshing.py", line 628, in build_mesh
    raise ValueError('Meshing error: unclaimed region detected!')
ValueError: Meshing error: unclaimed region detected!

2026-06-09 11:51:42,489 pid=567318 weight_fb=1.00e-04 params=[169.9996  10.0004  96.5161  10.0004 169.9996   0.4751   0.5751   0.8149
   1.       0.8316]
Traceback (most recent call last):
  File "/home/nl2951/alfven/PF_location_optimization/opt_comp_combined_boundary.py", line 185, in _free_boundary_cost
    make_mesh(scan_geom, mesh_file, lim)
  File "/home/nl2951/alfven/PF_location_optimization/opt_comp_combined_boundary.py", line 165, in make_mesh
    mesh_pts, mesh_lc, mesh_reg = gs_mesh.build_mesh()
                                  ^^^^^^^^^^^^^^^^^^^^
  File "/home/nl2951/OpenFUSIONToolkit/install_release/python/OpenFUSIONToolkit/TokaMaker/meshing.py", line 628, in build_mesh
    raise ValueError('Meshing error: unclaimed region detected!')
ValueError: Meshing error: unclaimed region detected!

2026-06-09 11:52:15,508 pid=567318 weight_fb=1.00e-04 params=[169.9996  10.0004  96.5161  10.0004 169.9996   0.4751   0.5751   0.8149
   1.       0.8316]
Traceback (most recent call last):
  File "/home/nl2951/alfven/PF_location_optimization/opt_comp_combined_boundary.py", line 185, in _free_boundary_cost
    make_mesh(scan_geom, mesh_file, lim)
  File "/home/nl2951/alfven/PF_location_optimization/opt_comp_combined_boundary.py", line 165, in make_mesh
    mesh_pts, mesh_lc, mesh_reg = gs_mesh.build_mesh()
                                  ^^^^^^^^^^^^^^^^^^^^
  File "/home/nl2951/OpenFUSIONToolkit/install_release/python/OpenFUSIONToolkit/TokaMaker/meshing.py", line 628, in build_mesh
    raise ValueError('Meshing error: unclaimed region detected!')
ValueError: Meshing error: unclaimed region detected!

2026-06-09 11:52:48,636 pid=567318 weight_fb=1.00e-04 params=[169.9996  10.0004  96.5161  10.0004 169.9996   0.4751   0.5751   0.8149
   1.       0.8316]
Traceback (most recent call last):
  File "/home/nl2951/alfven/PF_location_optimization/opt_comp_combined_boundary.py", line 185, in _free_boundary_cost
    make_mesh(scan_geom, mesh_file, lim)
  File "/home/nl2951/alfven/PF_location_optimization/opt_comp_combined_boundary.py", line 165, in make_mesh
    mesh_pts, mesh_lc, mesh_reg = gs_mesh.build_mesh()
                                  ^^^^^^^^^^^^^^^^^^^^
  File "/home/nl2951/OpenFUSIONToolkit/install_release/python/OpenFUSIONToolkit/TokaMaker/meshing.py", line 628, in build_mesh
    raise ValueError('Meshing error: unclaimed region detected!')
ValueError: Meshing error: unclaimed region detected!

2026-06-09 11:53:21,973 pid=567318 weight_fb=1.00e-04 params=[169.9996  10.0004  96.5161  10.0004 169.9996   0.4751   0.5751   0.8149
   1.       0.8316]
Traceback (most recent call last):
  File "/home/nl2951/alfven/PF_location_optimization/opt_comp_combined_boundary.py", line 185, in _free_boundary_cost
    make_mesh(scan_geom, mesh_file, lim)
  File "/home/nl2951/alfven/PF_location_optimization/opt_comp_combined_boundary.py", line 165, in make_mesh
    mesh_pts, mesh_lc, mesh_reg = gs_mesh.build_mesh()
                                  ^^^^^^^^^^^^^^^^^^^^
  File "/home/nl2951/OpenFUSIONToolkit/install_release/python/OpenFUSIONToolkit/TokaMaker/meshing.py", line 628, in build_mesh
    raise ValueError('Meshing error: unclaimed region detected!')
ValueError: Meshing error: unclaimed region detected!

2026-06-09 11:53:54,981 pid=567318 weight_fb=1.00e-04 params=[169.9996  10.0004  96.5161  10.0004 169.9996   0.4751   0.5751   0.8149
   1.       0.8316]
Traceback (most recent call last):
  File "/home/nl2951/alfven/PF_location_optimization/opt_comp_combined_boundary.py", line 185, in _free_boundary_cost
    make_mesh(scan_geom, mesh_file, lim)
  File "/home/nl2951/alfven/PF_location_optimization/opt_comp_combined_boundary.py", line 165, in make_mesh
    mesh_pts, mesh_lc, mesh_reg = gs_mesh.build_mesh()
                                  ^^^^^^^^^^^^^^^^^^^^
  File "/home/nl2951/OpenFUSIONToolkit/install_release/python/OpenFUSIONToolkit/TokaMaker/meshing.py", line 628, in build_mesh
    raise ValueError('Meshing error: unclaimed region detected!')
ValueError: Meshing error: unclaimed region detected!

2026-06-09 11:54:28,493 pid=567318 weight_fb=1.00e-04 params=[169.9999  10.0001  96.5161  10.0001 169.9999   0.4751   0.5751   0.8149
   1.       0.8316]
Traceback (most recent call last):
  File "/home/nl2951/alfven/PF_location_optimization/opt_comp_combined_boundary.py", line 185, in _free_boundary_cost
    make_mesh(scan_geom, mesh_file, lim)
  File "/home/nl2951/alfven/PF_location_optimization/opt_comp_combined_boundary.py", line 165, in make_mesh
    mesh_pts, mesh_lc, mesh_reg = gs_mesh.build_mesh()
                                  ^^^^^^^^^^^^^^^^^^^^
  File "/home/nl2951/OpenFUSIONToolkit/install_release/python/OpenFUSIONToolkit/TokaMaker/meshing.py", line 628, in build_mesh
    raise ValueError('Meshing error: unclaimed region detected!')
ValueError: Meshing error: unclaimed region detected!

2026-06-09 11:55:02,557 pid=567318 weight_fb=1.00e-04 params=[169.9999  10.0001  96.5161  10.0001 169.9999   0.4751   0.5751   0.8149
   1.       0.8316]
Traceback (most recent call last):
  File "/home/nl2951/alfven/PF_location_optimization/opt_comp_combined_boundary.py", line 185, in _free_boundary_cost
    make_mesh(scan_geom, mesh_file, lim)
  File "/home/nl2951/alfven/PF_location_optimization/opt_comp_combined_boundary.py", line 165, in make_mesh
    mesh_pts, mesh_lc, mesh_reg = gs_mesh.build_mesh()
                                  ^^^^^^^^^^^^^^^^^^^^
  File "/home/nl2951/OpenFUSIONToolkit/install_release/python/OpenFUSIONToolkit/TokaMaker/meshing.py", line 628, in build_mesh
    raise ValueError('Meshing error: unclaimed region detected!')
ValueError: Meshing error: unclaimed region detected!

2026-06-09 11:55:35,924 pid=567318 weight_fb=1.00e-04 params=[169.9999  10.0001  96.5161  10.0001 169.9999   0.4751   0.5751   0.8149
   1.       0.8316]
Traceback (most recent call last):
  File "/home/nl2951/alfven/PF_location_optimization/opt_comp_combined_boundary.py", line 185, in _free_boundary_cost
    make_mesh(scan_geom, mesh_file, lim)
  File "/home/nl2951/alfven/PF_location_optimization/opt_comp_combined_boundary.py", line 165, in make_mesh
    mesh_pts, mesh_lc, mesh_reg = gs_mesh.build_mesh()
                                  ^^^^^^^^^^^^^^^^^^^^
  File "/home/nl2951/OpenFUSIONToolkit/install_release/python/OpenFUSIONToolkit/TokaMaker/meshing.py", line 628, in build_mesh
    raise ValueError('Meshing error: unclaimed region detected!')
ValueError: Meshing error: unclaimed region detected!

2026-06-09 11:56:09,369 pid=567318 weight_fb=1.00e-04 params=[169.9999  10.0001  96.5161  10.0001 169.9999   0.4751   0.5751   0.8149
   1.       0.8316]
Traceback (most recent call last):
  File "/home/nl2951/alfven/PF_location_optimization/opt_comp_combined_boundary.py", line 185, in _free_boundary_cost
    make_mesh(scan_geom, mesh_file, lim)
  File "/home/nl2951/alfven/PF_location_optimization/opt_comp_combined_boundary.py", line 165, in make_mesh
    mesh_pts, mesh_lc, mesh_reg = gs_mesh.build_mesh()
                                  ^^^^^^^^^^^^^^^^^^^^
  File "/home/nl2951/OpenFUSIONToolkit/install_release/python/OpenFUSIONToolkit/TokaMaker/meshing.py", line 628, in build_mesh
    raise ValueError('Meshing error: unclaimed region detected!')
ValueError: Meshing error: unclaimed region detected!

2026-06-09 11:56:42,757 pid=567318 weight_fb=1.00e-04 params=[169.9999  10.0001  96.5161  10.0001 169.9999   0.4751   0.5751   0.8149
   1.       0.8316]
Traceback (most recent call last):
  File "/home/nl2951/alfven/PF_location_optimization/opt_comp_combined_boundary.py", line 185, in _free_boundary_cost
    make_mesh(scan_geom, mesh_file, lim)
  File "/home/nl2951/alfven/PF_location_optimization/opt_comp_combined_boundary.py", line 165, in make_mesh
    mesh_pts, mesh_lc, mesh_reg = gs_mesh.build_mesh()
                                  ^^^^^^^^^^^^^^^^^^^^
  File "/home/nl2951/OpenFUSIONToolkit/install_release/python/OpenFUSIONToolkit/TokaMaker/meshing.py", line 628, in build_mesh
    raise ValueError('Meshing error: unclaimed region detected!')
ValueError: Meshing error: unclaimed region detected!

2026-06-09 11:57:16,067 pid=567318 weight_fb=1.00e-04 params=[169.9999  10.0001  96.5161  10.0001 169.9999   0.4751   0.5751   0.8149
   1.       0.8316]
Traceback (most recent call last):
  File "/home/nl2951/alfven/PF_location_optimization/opt_comp_combined_boundary.py", line 185, in _free_boundary_cost
    make_mesh(scan_geom, mesh_file, lim)
  File "/home/nl2951/alfven/PF_location_optimization/opt_comp_combined_boundary.py", line 165, in make_mesh
    mesh_pts, mesh_lc, mesh_reg = gs_mesh.build_mesh()
                                  ^^^^^^^^^^^^^^^^^^^^
  File "/home/nl2951/OpenFUSIONToolkit/install_release/python/OpenFUSIONToolkit/TokaMaker/meshing.py", line 628, in build_mesh
    raise ValueError('Meshing error: unclaimed region detected!')
ValueError: Meshing error: unclaimed region detected!

2026-06-09 11:57:50,276 pid=567318 weight_fb=1.00e-04 params=[169.9999  10.0001  96.5161  10.0001 169.9999   0.4751   0.5751   0.8149
   1.       0.8316]
Traceback (most recent call last):
  File "/home/nl2951/alfven/PF_location_optimization/opt_comp_combined_boundary.py", line 185, in _free_boundary_cost
    make_mesh(scan_geom, mesh_file, lim)
  File "/home/nl2951/alfven/PF_location_optimization/opt_comp_combined_boundary.py", line 165, in make_mesh
    mesh_pts, mesh_lc, mesh_reg = gs_mesh.build_mesh()
                                  ^^^^^^^^^^^^^^^^^^^^
  File "/home/nl2951/OpenFUSIONToolkit/install_release/python/OpenFUSIONToolkit/TokaMaker/meshing.py", line 628, in build_mesh
    raise ValueError('Meshing error: unclaimed region detected!')
ValueError: Meshing error: unclaimed region detected!

2026-06-09 11:58:24,069 pid=567318 weight_fb=1.00e-04 params=[169.9999  10.0001  96.5161  10.0001 169.9999   0.4751   0.5751   0.8149
   1.       0.8316]
Traceback (most recent call last):
  File "/home/nl2951/alfven/PF_location_optimization/opt_comp_combined_boundary.py", line 185, in _free_boundary_cost
    make_mesh(scan_geom, mesh_file, lim)
  File "/home/nl2951/alfven/PF_location_optimization/opt_comp_combined_boundary.py", line 165, in make_mesh
    mesh_pts, mesh_lc, mesh_reg = gs_mesh.build_mesh()
                                  ^^^^^^^^^^^^^^^^^^^^
  File "/home/nl2951/OpenFUSIONToolkit/install_release/python/OpenFUSIONToolkit/TokaMaker/meshing.py", line 628, in build_mesh
    raise ValueError('Meshing error: unclaimed region detected!')
ValueError: Meshing error: unclaimed region detected!

2026-06-09 11:58:57,925 pid=567318 weight_fb=1.00e-04 params=[169.9999  10.0001  96.5161  10.0001 169.9999   0.4751   0.5751   0.8149
   1.       0.8316]
Traceback (most recent call last):
  File "/home/nl2951/alfven/PF_location_optimization/opt_comp_combined_boundary.py", line 185, in _free_boundary_cost
    make_mesh(scan_geom, mesh_file, lim)
  File "/home/nl2951/alfven/PF_location_optimization/opt_comp_combined_boundary.py", line 165, in make_mesh
    mesh_pts, mesh_lc, mesh_reg = gs_mesh.build_mesh()
                                  ^^^^^^^^^^^^^^^^^^^^
  File "/home/nl2951/OpenFUSIONToolkit/install_release/python/OpenFUSIONToolkit/TokaMaker/meshing.py", line 628, in build_mesh
    raise ValueError('Meshing error: unclaimed region detected!')
ValueError: Meshing error: unclaimed region detected!

2026-06-09 11:59:32,156 pid=567318 weight_fb=1.00e-04 params=[169.9999  10.0001  96.5161  10.0001 169.9999   0.4751   0.5751   0.8149
   1.       0.8316]
Traceback (most recent call last):
  File "/home/nl2951/alfven/PF_location_optimization/opt_comp_combined_boundary.py", line 185, in _free_boundary_cost
    make_mesh(scan_geom, mesh_file, lim)
  File "/home/nl2951/alfven/PF_location_optimization/opt_comp_combined_boundary.py", line 165, in make_mesh
    mesh_pts, mesh_lc, mesh_reg = gs_mesh.build_mesh()
                                  ^^^^^^^^^^^^^^^^^^^^
  File "/home/nl2951/OpenFUSIONToolkit/install_release/python/OpenFUSIONToolkit/TokaMaker/meshing.py", line 628, in build_mesh
    raise ValueError('Meshing error: unclaimed region detected!')
ValueError: Meshing error: unclaimed region detected!

2026-06-09 12:00:06,734 pid=567318 weight_fb=1.00e-04 params=[169.9999  10.0001  96.5161  10.0001 169.9999   0.4751   0.5751   0.8149
   1.       0.8316]
Traceback (most recent call last):
  File "/home/nl2951/alfven/PF_location_optimization/opt_comp_combined_boundary.py", line 185, in _free_boundary_cost
    make_mesh(scan_geom, mesh_file, lim)
  File "/home/nl2951/alfven/PF_location_optimization/opt_comp_combined_boundary.py", line 165, in make_mesh
    mesh_pts, mesh_lc, mesh_reg = gs_mesh.build_mesh()
                                  ^^^^^^^^^^^^^^^^^^^^
  File "/home/nl2951/OpenFUSIONToolkit/install_release/python/OpenFUSIONToolkit/TokaMaker/meshing.py", line 628, in build_mesh
    raise ValueError('Meshing error: unclaimed region detected!')
ValueError: Meshing error: unclaimed region detected!

2026-06-09 12:00:41,372 pid=567318 weight_fb=1.00e-04 params=[170.      10.      96.5161  10.     170.       0.4751   0.5751   0.8149
   1.       0.8316]
Traceback (most recent call last):
  File "/home/nl2951/alfven/PF_location_optimization/opt_comp_combined_boundary.py", line 185, in _free_boundary_cost
    make_mesh(scan_geom, mesh_file, lim)
  File "/home/nl2951/alfven/PF_location_optimization/opt_comp_combined_boundary.py", line 165, in make_mesh
    mesh_pts, mesh_lc, mesh_reg = gs_mesh.build_mesh()
                                  ^^^^^^^^^^^^^^^^^^^^
  File "/home/nl2951/OpenFUSIONToolkit/install_release/python/OpenFUSIONToolkit/TokaMaker/meshing.py", line 628, in build_mesh
    raise ValueError('Meshing error: unclaimed region detected!')
ValueError: Meshing error: unclaimed region detected!

2026-06-09 12:01:15,854 pid=567318 weight_fb=1.00e-04 params=[170.      10.      96.5161  10.     170.       0.4751   0.5751   0.8149
   1.       0.8316]
Traceback (most recent call last):
  File "/home/nl2951/alfven/PF_location_optimization/opt_comp_combined_boundary.py", line 185, in _free_boundary_cost
    make_mesh(scan_geom, mesh_file, lim)
  File "/home/nl2951/alfven/PF_location_optimization/opt_comp_combined_boundary.py", line 165, in make_mesh
    mesh_pts, mesh_lc, mesh_reg = gs_mesh.build_mesh()
                                  ^^^^^^^^^^^^^^^^^^^^
  File "/home/nl2951/OpenFUSIONToolkit/install_release/python/OpenFUSIONToolkit/TokaMaker/meshing.py", line 628, in build_mesh
    raise ValueError('Meshing error: unclaimed region detected!')
ValueError: Meshing error: unclaimed region detected!

2026-06-09 12:01:49,839 pid=567318 weight_fb=1.00e-04 params=[170.      10.      96.5161  10.     170.       0.4751   0.5751   0.8149
   1.       0.8316]
Traceback (most recent call last):
  File "/home/nl2951/alfven/PF_location_optimization/opt_comp_combined_boundary.py", line 185, in _free_boundary_cost
    make_mesh(scan_geom, mesh_file, lim)
  File "/home/nl2951/alfven/PF_location_optimization/opt_comp_combined_boundary.py", line 165, in make_mesh
    mesh_pts, mesh_lc, mesh_reg = gs_mesh.build_mesh()
                                  ^^^^^^^^^^^^^^^^^^^^
  File "/home/nl2951/OpenFUSIONToolkit/install_release/python/OpenFUSIONToolkit/TokaMaker/meshing.py", line 628, in build_mesh
    raise ValueError('Meshing error: unclaimed region detected!')
ValueError: Meshing error: unclaimed region detected!

2026-06-09 12:02:24,160 pid=567318 weight_fb=1.00e-04 params=[170.      10.      96.5161  10.     170.       0.4751   0.5751   0.8149
   1.       0.8316]
Traceback (most recent call last):
  File "/home/nl2951/alfven/PF_location_optimization/opt_comp_combined_boundary.py", line 185, in _free_boundary_cost
    make_mesh(scan_geom, mesh_file, lim)
  File "/home/nl2951/alfven/PF_location_optimization/opt_comp_combined_boundary.py", line 165, in make_mesh
    mesh_pts, mesh_lc, mesh_reg = gs_mesh.build_mesh()
                                  ^^^^^^^^^^^^^^^^^^^^
  File "/home/nl2951/OpenFUSIONToolkit/install_release/python/OpenFUSIONToolkit/TokaMaker/meshing.py", line 628, in build_mesh
    raise ValueError('Meshing error: unclaimed region detected!')
ValueError: Meshing error: unclaimed region detected!

2026-06-09 12:02:58,107 pid=567318 weight_fb=1.00e-04 params=[170.      10.      96.5161  10.     170.       0.4751   0.5751   0.8149
   1.       0.8316]
Traceback (most recent call last):
  File "/home/nl2951/alfven/PF_location_optimization/opt_comp_combined_boundary.py", line 185, in _free_boundary_cost
    make_mesh(scan_geom, mesh_file, lim)
  File "/home/nl2951/alfven/PF_location_optimization/opt_comp_combined_boundary.py", line 165, in make_mesh
    mesh_pts, mesh_lc, mesh_reg = gs_mesh.build_mesh()
                                  ^^^^^^^^^^^^^^^^^^^^
  File "/home/nl2951/OpenFUSIONToolkit/install_release/python/OpenFUSIONToolkit/TokaMaker/meshing.py", line 628, in build_mesh
    raise ValueError('Meshing error: unclaimed region detected!')
ValueError: Meshing error: unclaimed region detected!

2026-06-09 12:03:32,437 pid=567318 weight_fb=1.00e-04 params=[170.      10.      96.5161  10.     170.       0.4751   0.5751   0.8149
   1.       0.8316]
Traceback (most recent call last):
  File "/home/nl2951/alfven/PF_location_optimization/opt_comp_combined_boundary.py", line 185, in _free_boundary_cost
    make_mesh(scan_geom, mesh_file, lim)
  File "/home/nl2951/alfven/PF_location_optimization/opt_comp_combined_boundary.py", line 165, in make_mesh
    mesh_pts, mesh_lc, mesh_reg = gs_mesh.build_mesh()
                                  ^^^^^^^^^^^^^^^^^^^^
  File "/home/nl2951/OpenFUSIONToolkit/install_release/python/OpenFUSIONToolkit/TokaMaker/meshing.py", line 628, in build_mesh
    raise ValueError('Meshing error: unclaimed region detected!')
ValueError: Meshing error: unclaimed region detected!

2026-06-09 12:04:06,665 pid=567318 weight_fb=1.00e-04 params=[170.      10.      96.5161  10.     170.       0.4751   0.5751   0.8149
   1.       0.8316]
Traceback (most recent call last):
  File "/home/nl2951/alfven/PF_location_optimization/opt_comp_combined_boundary.py", line 185, in _free_boundary_cost
    make_mesh(scan_geom, mesh_file, lim)
  File "/home/nl2951/alfven/PF_location_optimization/opt_comp_combined_boundary.py", line 165, in make_mesh
    mesh_pts, mesh_lc, mesh_reg = gs_mesh.build_mesh()
                                  ^^^^^^^^^^^^^^^^^^^^
  File "/home/nl2951/OpenFUSIONToolkit/install_release/python/OpenFUSIONToolkit/TokaMaker/meshing.py", line 628, in build_mesh
    raise ValueError('Meshing error: unclaimed region detected!')
ValueError: Meshing error: unclaimed region detected!

2026-06-09 12:04:40,733 pid=567318 weight_fb=1.00e-04 params=[170.      10.      96.5161  10.     170.       0.4751   0.5751   0.8149
   1.       0.8316]
Traceback (most recent call last):
  File "/home/nl2951/alfven/PF_location_optimization/opt_comp_combined_boundary.py", line 185, in _free_boundary_cost
    make_mesh(scan_geom, mesh_file, lim)
  File "/home/nl2951/alfven/PF_location_optimization/opt_comp_combined_boundary.py", line 165, in make_mesh
    mesh_pts, mesh_lc, mesh_reg = gs_mesh.build_mesh()
                                  ^^^^^^^^^^^^^^^^^^^^
  File "/home/nl2951/OpenFUSIONToolkit/install_release/python/OpenFUSIONToolkit/TokaMaker/meshing.py", line 628, in build_mesh
    raise ValueError('Meshing error: unclaimed region detected!')
ValueError: Meshing error: unclaimed region detected!

2026-06-09 12:05:15,048 pid=567318 weight_fb=1.00e-04 params=[170.      10.      96.5161  10.     170.       0.4751   0.5751   0.8149
   1.       0.8316]
Traceback (most recent call last):
  File "/home/nl2951/alfven/PF_location_optimization/opt_comp_combined_boundary.py", line 185, in _free_boundary_cost
    make_mesh(scan_geom, mesh_file, lim)
  File "/home/nl2951/alfven/PF_location_optimization/opt_comp_combined_boundary.py", line 165, in make_mesh
    mesh_pts, mesh_lc, mesh_reg = gs_mesh.build_mesh()
                                  ^^^^^^^^^^^^^^^^^^^^
  File "/home/nl2951/OpenFUSIONToolkit/install_release/python/OpenFUSIONToolkit/TokaMaker/meshing.py", line 628, in build_mesh
    raise ValueError('Meshing error: unclaimed region detected!')
ValueError: Meshing error: unclaimed region detected!

2026-06-09 12:05:48,697 pid=567318 weight_fb=1.00e-04 params=[170.      10.      96.5161  10.     170.       0.4751   0.5751   0.8149
   1.       0.8316]
Traceback (most recent call last):
  File "/home/nl2951/alfven/PF_location_optimization/opt_comp_combined_boundary.py", line 185, in _free_boundary_cost
    make_mesh(scan_geom, mesh_file, lim)
  File "/home/nl2951/alfven/PF_location_optimization/opt_comp_combined_boundary.py", line 165, in make_mesh
    mesh_pts, mesh_lc, mesh_reg = gs_mesh.build_mesh()
                                  ^^^^^^^^^^^^^^^^^^^^
  File "/home/nl2951/OpenFUSIONToolkit/install_release/python/OpenFUSIONToolkit/TokaMaker/meshing.py", line 628, in build_mesh
    raise ValueError('Meshing error: unclaimed region detected!')
ValueError: Meshing error: unclaimed region detected!

2026-06-09 12:06:22,767 pid=567318 weight_fb=1.00e-04 params=[170.      10.      96.5161  10.     170.       0.4751   0.5751   0.8149
   1.       0.8316]
Traceback (most recent call last):
  File "/home/nl2951/alfven/PF_location_optimization/opt_comp_combined_boundary.py", line 185, in _free_boundary_cost
    make_mesh(scan_geom, mesh_file, lim)
  File "/home/nl2951/alfven/PF_location_optimization/opt_comp_combined_boundary.py", line 165, in make_mesh
    mesh_pts, mesh_lc, mesh_reg = gs_mesh.build_mesh()
                                  ^^^^^^^^^^^^^^^^^^^^
  File "/home/nl2951/OpenFUSIONToolkit/install_release/python/OpenFUSIONToolkit/TokaMaker/meshing.py", line 628, in build_mesh
    raise ValueError('Meshing error: unclaimed region detected!')
ValueError: Meshing error: unclaimed region detected!

2026-06-09 12:06:56,778 pid=567318 weight_fb=1.00e-04 params=[170.      10.      96.5161  10.     170.       0.4751   0.5751   0.8149
   1.       0.8316]
Traceback (most recent call last):
  File "/home/nl2951/alfven/PF_location_optimization/opt_comp_combined_boundary.py", line 185, in _free_boundary_cost
    make_mesh(scan_geom, mesh_file, lim)
  File "/home/nl2951/alfven/PF_location_optimization/opt_comp_combined_boundary.py", line 165, in make_mesh
    mesh_pts, mesh_lc, mesh_reg = gs_mesh.build_mesh()
                                  ^^^^^^^^^^^^^^^^^^^^
  File "/home/nl2951/OpenFUSIONToolkit/install_release/python/OpenFUSIONToolkit/TokaMaker/meshing.py", line 628, in build_mesh
    raise ValueError('Meshing error: unclaimed region detected!')
ValueError: Meshing error: unclaimed region detected!

2026-06-09 12:07:30,382 pid=567318 weight_fb=1.00e-04 params=[170.      10.      96.5161  10.     170.       0.4751   0.5751   0.8149
   1.       0.8316]
Traceback (most recent call last):
  File "/home/nl2951/alfven/PF_location_optimization/opt_comp_combined_boundary.py", line 185, in _free_boundary_cost
    make_mesh(scan_geom, mesh_file, lim)
  File "/home/nl2951/alfven/PF_location_optimization/opt_comp_combined_boundary.py", line 165, in make_mesh
    mesh_pts, mesh_lc, mesh_reg = gs_mesh.build_mesh()
                                  ^^^^^^^^^^^^^^^^^^^^
  File "/home/nl2951/OpenFUSIONToolkit/install_release/python/OpenFUSIONToolkit/TokaMaker/meshing.py", line 628, in build_mesh
    raise ValueError('Meshing error: unclaimed region detected!')
ValueError: Meshing error: unclaimed region detected!

2026-06-09 12:08:04,297 pid=567318 weight_fb=1.00e-04 params=[170.      10.      96.5161  10.     170.       0.4751   0.5751   0.8149
   1.       0.8316]
Traceback (most recent call last):
  File "/home/nl2951/alfven/PF_location_optimization/opt_comp_combined_boundary.py", line 185, in _free_boundary_cost
    make_mesh(scan_geom, mesh_file, lim)
  File "/home/nl2951/alfven/PF_location_optimization/opt_comp_combined_boundary.py", line 165, in make_mesh
    mesh_pts, mesh_lc, mesh_reg = gs_mesh.build_mesh()
                                  ^^^^^^^^^^^^^^^^^^^^
  File "/home/nl2951/OpenFUSIONToolkit/install_release/python/OpenFUSIONToolkit/TokaMaker/meshing.py", line 628, in build_mesh
    raise ValueError('Meshing error: unclaimed region detected!')
ValueError: Meshing error: unclaimed region detected!

2026-06-09 12:08:38,356 pid=567318 weight_fb=1.00e-04 params=[170.      10.      96.5161  10.     170.       0.4751   0.5751   0.8149
   1.       0.8316]
Traceback (most recent call last):
  File "/home/nl2951/alfven/PF_location_optimization/opt_comp_combined_boundary.py", line 185, in _free_boundary_cost
    make_mesh(scan_geom, mesh_file, lim)
  File "/home/nl2951/alfven/PF_location_optimization/opt_comp_combined_boundary.py", line 165, in make_mesh
    mesh_pts, mesh_lc, mesh_reg = gs_mesh.build_mesh()
                                  ^^^^^^^^^^^^^^^^^^^^
  File "/home/nl2951/OpenFUSIONToolkit/install_release/python/OpenFUSIONToolkit/TokaMaker/meshing.py", line 628, in build_mesh
    raise ValueError('Meshing error: unclaimed region detected!')
ValueError: Meshing error: unclaimed region detected!

2026-06-09 12:09:12,200 pid=567318 weight_fb=1.00e-04 params=[170.      10.      96.5161  10.     170.       0.4751   0.5751   0.8149
   1.       0.8316]
Traceback (most recent call last):
  File "/home/nl2951/alfven/PF_location_optimization/opt_comp_combined_boundary.py", line 185, in _free_boundary_cost
    make_mesh(scan_geom, mesh_file, lim)
  File "/home/nl2951/alfven/PF_location_optimization/opt_comp_combined_boundary.py", line 165, in make_mesh
    mesh_pts, mesh_lc, mesh_reg = gs_mesh.build_mesh()
                                  ^^^^^^^^^^^^^^^^^^^^
  File "/home/nl2951/OpenFUSIONToolkit/install_release/python/OpenFUSIONToolkit/TokaMaker/meshing.py", line 628, in build_mesh
    raise ValueError('Meshing error: unclaimed region detected!')
ValueError: Meshing error: unclaimed region detected!

2026-06-09 12:09:46,277 pid=567318 weight_fb=1.00e-04 params=[170.      10.      96.5161  10.     170.       0.4751   0.5751   0.8149
   1.       0.8316]
Traceback (most recent call last):
  File "/home/nl2951/alfven/PF_location_optimization/opt_comp_combined_boundary.py", line 185, in _free_boundary_cost
    make_mesh(scan_geom, mesh_file, lim)
  File "/home/nl2951/alfven/PF_location_optimization/opt_comp_combined_boundary.py", line 165, in make_mesh
    mesh_pts, mesh_lc, mesh_reg = gs_mesh.build_mesh()
                                  ^^^^^^^^^^^^^^^^^^^^
  File "/home/nl2951/OpenFUSIONToolkit/install_release/python/OpenFUSIONToolkit/TokaMaker/meshing.py", line 628, in build_mesh
    raise ValueError('Meshing error: unclaimed region detected!')
ValueError: Meshing error: unclaimed region detected!

2026-06-09 12:10:20,254 pid=567318 weight_fb=1.00e-04 params=[170.      10.      96.5161  10.     170.       0.4751   0.5751   0.8149
   1.       0.8316]
Traceback (most recent call last):
  File "/home/nl2951/alfven/PF_location_optimization/opt_comp_combined_boundary.py", line 185, in _free_boundary_cost
    make_mesh(scan_geom, mesh_file, lim)
  File "/home/nl2951/alfven/PF_location_optimization/opt_comp_combined_boundary.py", line 165, in make_mesh
    mesh_pts, mesh_lc, mesh_reg = gs_mesh.build_mesh()
                                  ^^^^^^^^^^^^^^^^^^^^
  File "/home/nl2951/OpenFUSIONToolkit/install_release/python/OpenFUSIONToolkit/TokaMaker/meshing.py", line 628, in build_mesh
    raise ValueError('Meshing error: unclaimed region detected!')
ValueError: Meshing error: unclaimed region detected!

2026-06-09 12:10:54,073 pid=567318 weight_fb=1.00e-04 params=[170.      10.      96.5161  10.     170.       0.4751   0.5751   0.8149
   1.       0.8316]
Traceback (most recent call last):
  File "/home/nl2951/alfven/PF_location_optimization/opt_comp_combined_boundary.py", line 185, in _free_boundary_cost
    make_mesh(scan_geom, mesh_file, lim)
  File "/home/nl2951/alfven/PF_location_optimization/opt_comp_combined_boundary.py", line 165, in make_mesh
    mesh_pts, mesh_lc, mesh_reg = gs_mesh.build_mesh()
                                  ^^^^^^^^^^^^^^^^^^^^
  File "/home/nl2951/OpenFUSIONToolkit/install_release/python/OpenFUSIONToolkit/TokaMaker/meshing.py", line 628, in build_mesh
    raise ValueError('Meshing error: unclaimed region detected!')
ValueError: Meshing error: unclaimed region detected!

2026-06-09 12:11:27,776 pid=567318 weight_fb=1.00e-04 params=[170.      10.      96.5161  10.     170.       0.4751   0.5751   0.8149
   1.       0.8316]
Traceback (most recent call last):
  File "/home/nl2951/alfven/PF_location_optimization/opt_comp_combined_boundary.py", line 185, in _free_boundary_cost
    make_mesh(scan_geom, mesh_file, lim)
  File "/home/nl2951/alfven/PF_location_optimization/opt_comp_combined_boundary.py", line 165, in make_mesh
    mesh_pts, mesh_lc, mesh_reg = gs_mesh.build_mesh()
                                  ^^^^^^^^^^^^^^^^^^^^
  File "/home/nl2951/OpenFUSIONToolkit/install_release/python/OpenFUSIONToolkit/TokaMaker/meshing.py", line 628, in build_mesh
    raise ValueError('Meshing error: unclaimed region detected!')
ValueError: Meshing error: unclaimed region detected!

2026-06-09 12:12:01,454 pid=567318 weight_fb=1.00e-04 params=[170.      10.      96.5161  10.     170.       0.4751   0.5751   0.8149
   1.       0.8316]
Traceback (most recent call last):
  File "/home/nl2951/alfven/PF_location_optimization/opt_comp_combined_boundary.py", line 185, in _free_boundary_cost
    make_mesh(scan_geom, mesh_file, lim)
  File "/home/nl2951/alfven/PF_location_optimization/opt_comp_combined_boundary.py", line 165, in make_mesh
    mesh_pts, mesh_lc, mesh_reg = gs_mesh.build_mesh()
                                  ^^^^^^^^^^^^^^^^^^^^
  File "/home/nl2951/OpenFUSIONToolkit/install_release/python/OpenFUSIONToolkit/TokaMaker/meshing.py", line 628, in build_mesh
    raise ValueError('Meshing error: unclaimed region detected!')
ValueError: Meshing error: unclaimed region detected!

2026-06-09 12:12:35,158 pid=567318 weight_fb=1.00e-04 params=[170.      10.      96.5161  10.     170.       0.4751   0.5751   0.8149
   1.       0.8316]
Traceback (most recent call last):
  File "/home/nl2951/alfven/PF_location_optimization/opt_comp_combined_boundary.py", line 185, in _free_boundary_cost
    make_mesh(scan_geom, mesh_file, lim)
  File "/home/nl2951/alfven/PF_location_optimization/opt_comp_combined_boundary.py", line 165, in make_mesh
    mesh_pts, mesh_lc, mesh_reg = gs_mesh.build_mesh()
                                  ^^^^^^^^^^^^^^^^^^^^
  File "/home/nl2951/OpenFUSIONToolkit/install_release/python/OpenFUSIONToolkit/TokaMaker/meshing.py", line 628, in build_mesh
    raise ValueError('Meshing error: unclaimed region detected!')
ValueError: Meshing error: unclaimed region detected!

2026-06-09 12:13:09,024 pid=567318 weight_fb=1.00e-04 params=[170.      10.      96.5161  10.     170.       0.4751   0.5751   0.8149
   1.       0.8316]
Traceback (most recent call last):
  File "/home/nl2951/alfven/PF_location_optimization/opt_comp_combined_boundary.py", line 185, in _free_boundary_cost
    make_mesh(scan_geom, mesh_file, lim)
  File "/home/nl2951/alfven/PF_location_optimization/opt_comp_combined_boundary.py", line 165, in make_mesh
    mesh_pts, mesh_lc, mesh_reg = gs_mesh.build_mesh()
                                  ^^^^^^^^^^^^^^^^^^^^
  File "/home/nl2951/OpenFUSIONToolkit/install_release/python/OpenFUSIONToolkit/TokaMaker/meshing.py", line 628, in build_mesh
    raise ValueError('Meshing error: unclaimed region detected!')
ValueError: Meshing error: unclaimed region detected!

2026-06-09 12:13:42,639 pid=567318 weight_fb=1.00e-04 params=[170.      10.      96.5161  10.     170.       0.4751   0.5751   0.8149
   1.       0.8316]
Traceback (most recent call last):
  File "/home/nl2951/alfven/PF_location_optimization/opt_comp_combined_boundary.py", line 185, in _free_boundary_cost
    make_mesh(scan_geom, mesh_file, lim)
  File "/home/nl2951/alfven/PF_location_optimization/opt_comp_combined_boundary.py", line 165, in make_mesh
    mesh_pts, mesh_lc, mesh_reg = gs_mesh.build_mesh()
                                  ^^^^^^^^^^^^^^^^^^^^
  File "/home/nl2951/OpenFUSIONToolkit/install_release/python/OpenFUSIONToolkit/TokaMaker/meshing.py", line 628, in build_mesh
    raise ValueError('Meshing error: unclaimed region detected!')
ValueError: Meshing error: unclaimed region detected!

2026-06-09 12:14:16,092 pid=567318 weight_fb=1.00e-04 params=[170.      10.      96.5161  10.     170.       0.4751   0.5751   0.8149
   1.       0.8316]
Traceback (most recent call last):
  File "/home/nl2951/alfven/PF_location_optimization/opt_comp_combined_boundary.py", line 185, in _free_boundary_cost
    make_mesh(scan_geom, mesh_file, lim)
  File "/home/nl2951/alfven/PF_location_optimization/opt_comp_combined_boundary.py", line 165, in make_mesh
    mesh_pts, mesh_lc, mesh_reg = gs_mesh.build_mesh()
                                  ^^^^^^^^^^^^^^^^^^^^
  File "/home/nl2951/OpenFUSIONToolkit/install_release/python/OpenFUSIONToolkit/TokaMaker/meshing.py", line 628, in build_mesh
    raise ValueError('Meshing error: unclaimed region detected!')
ValueError: Meshing error: unclaimed region detected!

2026-06-09 12:14:49,854 pid=567318 weight_fb=1.00e-04 params=[170.      10.      96.5161  10.     170.       0.4751   0.5751   0.8149
   1.       0.8316]
Traceback (most recent call last):
  File "/home/nl2951/alfven/PF_location_optimization/opt_comp_combined_boundary.py", line 185, in _free_boundary_cost
    make_mesh(scan_geom, mesh_file, lim)
  File "/home/nl2951/alfven/PF_location_optimization/opt_comp_combined_boundary.py", line 165, in make_mesh
    mesh_pts, mesh_lc, mesh_reg = gs_mesh.build_mesh()
                                  ^^^^^^^^^^^^^^^^^^^^
  File "/home/nl2951/OpenFUSIONToolkit/install_release/python/OpenFUSIONToolkit/TokaMaker/meshing.py", line 628, in build_mesh
    raise ValueError('Meshing error: unclaimed region detected!')
ValueError: Meshing error: unclaimed region detected!

2026-06-09 12:15:24,252 pid=567318 weight_fb=1.00e-04 params=[170.      10.      96.5161  10.     170.       0.4751   0.5751   0.8149
   1.       0.8316]
Traceback (most recent call last):
  File "/home/nl2951/alfven/PF_location_optimization/opt_comp_combined_boundary.py", line 185, in _free_boundary_cost
    make_mesh(scan_geom, mesh_file, lim)
  File "/home/nl2951/alfven/PF_location_optimization/opt_comp_combined_boundary.py", line 165, in make_mesh
    mesh_pts, mesh_lc, mesh_reg = gs_mesh.build_mesh()
                                  ^^^^^^^^^^^^^^^^^^^^
  File "/home/nl2951/OpenFUSIONToolkit/install_release/python/OpenFUSIONToolkit/TokaMaker/meshing.py", line 628, in build_mesh
    raise ValueError('Meshing error: unclaimed region detected!')
ValueError: Meshing error: unclaimed region detected!

2026-06-09 12:15:58,043 pid=567318 weight_fb=1.00e-04 params=[170.      10.      96.5161  10.     170.       0.4751   0.5751   0.8149
   1.       0.8316]
Traceback (most recent call last):
  File "/home/nl2951/alfven/PF_location_optimization/opt_comp_combined_boundary.py", line 185, in _free_boundary_cost
    make_mesh(scan_geom, mesh_file, lim)
  File "/home/nl2951/alfven/PF_location_optimization/opt_comp_combined_boundary.py", line 165, in make_mesh
    mesh_pts, mesh_lc, mesh_reg = gs_mesh.build_mesh()
                                  ^^^^^^^^^^^^^^^^^^^^
  File "/home/nl2951/OpenFUSIONToolkit/install_release/python/OpenFUSIONToolkit/TokaMaker/meshing.py", line 628, in build_mesh
    raise ValueError('Meshing error: unclaimed region detected!')
ValueError: Meshing error: unclaimed region detected!

2026-06-09 12:16:31,738 pid=567318 weight_fb=1.00e-04 params=[170.      10.      96.5161  10.     170.       0.4751   0.5751   0.8149
   1.       0.8316]
Traceback (most recent call last):
  File "/home/nl2951/alfven/PF_location_optimization/opt_comp_combined_boundary.py", line 185, in _free_boundary_cost
    make_mesh(scan_geom, mesh_file, lim)
  File "/home/nl2951/alfven/PF_location_optimization/opt_comp_combined_boundary.py", line 165, in make_mesh
    mesh_pts, mesh_lc, mesh_reg = gs_mesh.build_mesh()
                                  ^^^^^^^^^^^^^^^^^^^^
  File "/home/nl2951/OpenFUSIONToolkit/install_release/python/OpenFUSIONToolkit/TokaMaker/meshing.py", line 628, in build_mesh
    raise ValueError('Meshing error: unclaimed region detected!')
ValueError: Meshing error: unclaimed region detected!

2026-06-09 12:17:05,424 pid=567318 weight_fb=1.00e-04 params=[170.      10.      96.5161  10.     170.       0.4751   0.5751   0.8149
   1.       0.8316]
Traceback (most recent call last):
  File "/home/nl2951/alfven/PF_location_optimization/opt_comp_combined_boundary.py", line 185, in _free_boundary_cost
    make_mesh(scan_geom, mesh_file, lim)
  File "/home/nl2951/alfven/PF_location_optimization/opt_comp_combined_boundary.py", line 165, in make_mesh
    mesh_pts, mesh_lc, mesh_reg = gs_mesh.build_mesh()
                                  ^^^^^^^^^^^^^^^^^^^^
  File "/home/nl2951/OpenFUSIONToolkit/install_release/python/OpenFUSIONToolkit/TokaMaker/meshing.py", line 628, in build_mesh
    raise ValueError('Meshing error: unclaimed region detected!')
ValueError: Meshing error: unclaimed region detected!

2026-06-09 12:17:39,239 pid=567318 weight_fb=1.00e-04 params=[170.      10.      96.5161  10.     170.       0.4751   0.5751   0.8149
   1.       0.8316]
Traceback (most recent call last):
  File "/home/nl2951/alfven/PF_location_optimization/opt_comp_combined_boundary.py", line 185, in _free_boundary_cost
    make_mesh(scan_geom, mesh_file, lim)
  File "/home/nl2951/alfven/PF_location_optimization/opt_comp_combined_boundary.py", line 165, in make_mesh
    mesh_pts, mesh_lc, mesh_reg = gs_mesh.build_mesh()
                                  ^^^^^^^^^^^^^^^^^^^^
  File "/home/nl2951/OpenFUSIONToolkit/install_release/python/OpenFUSIONToolkit/TokaMaker/meshing.py", line 628, in build_mesh
    raise ValueError('Meshing error: unclaimed region detected!')
ValueError: Meshing error: unclaimed region detected!

2026-06-09 12:18:13,458 pid=567318 weight_fb=1.00e-04 params=[170.      10.      96.5161  10.     170.       0.4751   0.5751   0.8149
   1.       0.8316]
Traceback (most recent call last):
  File "/home/nl2951/alfven/PF_location_optimization/opt_comp_combined_boundary.py", line 185, in _free_boundary_cost
    make_mesh(scan_geom, mesh_file, lim)
  File "/home/nl2951/alfven/PF_location_optimization/opt_comp_combined_boundary.py", line 165, in make_mesh
    mesh_pts, mesh_lc, mesh_reg = gs_mesh.build_mesh()
                                  ^^^^^^^^^^^^^^^^^^^^
  File "/home/nl2951/OpenFUSIONToolkit/install_release/python/OpenFUSIONToolkit/TokaMaker/meshing.py", line 628, in build_mesh
    raise ValueError('Meshing error: unclaimed region detected!')
ValueError: Meshing error: unclaimed region detected!

2026-06-09 12:18:46,919 pid=567318 weight_fb=1.00e-04 params=[170.      10.      96.5161  10.     170.       0.4751   0.5751   0.8149
   1.       0.8316]
Traceback (most recent call last):
  File "/home/nl2951/alfven/PF_location_optimization/opt_comp_combined_boundary.py", line 185, in _free_boundary_cost
    make_mesh(scan_geom, mesh_file, lim)
  File "/home/nl2951/alfven/PF_location_optimization/opt_comp_combined_boundary.py", line 165, in make_mesh
    mesh_pts, mesh_lc, mesh_reg = gs_mesh.build_mesh()
                                  ^^^^^^^^^^^^^^^^^^^^
  File "/home/nl2951/OpenFUSIONToolkit/install_release/python/OpenFUSIONToolkit/TokaMaker/meshing.py", line 628, in build_mesh
    raise ValueError('Meshing error: unclaimed region detected!')
ValueError: Meshing error: unclaimed region detected!

2026-06-09 12:19:20,873 pid=567318 weight_fb=1.00e-04 params=[170.      10.      96.5161  10.     170.       0.4751   0.5751   0.8149
   1.       0.8316]
Traceback (most recent call last):
  File "/home/nl2951/alfven/PF_location_optimization/opt_comp_combined_boundary.py", line 185, in _free_boundary_cost
    make_mesh(scan_geom, mesh_file, lim)
  File "/home/nl2951/alfven/PF_location_optimization/opt_comp_combined_boundary.py", line 165, in make_mesh
    mesh_pts, mesh_lc, mesh_reg = gs_mesh.build_mesh()
                                  ^^^^^^^^^^^^^^^^^^^^
  File "/home/nl2951/OpenFUSIONToolkit/install_release/python/OpenFUSIONToolkit/TokaMaker/meshing.py", line 628, in build_mesh
    raise ValueError('Meshing error: unclaimed region detected!')
ValueError: Meshing error: unclaimed region detected!

2026-06-09 12:19:54,270 pid=567318 weight_fb=1.00e-04 params=[170.      10.      96.5161  10.     170.       0.4751   0.5751   0.8149
   1.       0.8316]
Traceback (most recent call last):
  File "/home/nl2951/alfven/PF_location_optimization/opt_comp_combined_boundary.py", line 185, in _free_boundary_cost
    make_mesh(scan_geom, mesh_file, lim)
  File "/home/nl2951/alfven/PF_location_optimization/opt_comp_combined_boundary.py", line 165, in make_mesh
    mesh_pts, mesh_lc, mesh_reg = gs_mesh.build_mesh()
                                  ^^^^^^^^^^^^^^^^^^^^
  File "/home/nl2951/OpenFUSIONToolkit/install_release/python/OpenFUSIONToolkit/TokaMaker/meshing.py", line 628, in build_mesh
    raise ValueError('Meshing error: unclaimed region detected!')
ValueError: Meshing error: unclaimed region detected!

2026-06-09 12:20:27,989 pid=567318 weight_fb=1.00e-04 params=[170.      10.      96.5161  10.     170.       0.4751   0.5751   0.8149
   1.       0.8316]
Traceback (most recent call last):
  File "/home/nl2951/alfven/PF_location_optimization/opt_comp_combined_boundary.py", line 185, in _free_boundary_cost
    make_mesh(scan_geom, mesh_file, lim)
  File "/home/nl2951/alfven/PF_location_optimization/opt_comp_combined_boundary.py", line 165, in make_mesh
    mesh_pts, mesh_lc, mesh_reg = gs_mesh.build_mesh()
                                  ^^^^^^^^^^^^^^^^^^^^
  File "/home/nl2951/OpenFUSIONToolkit/install_release/python/OpenFUSIONToolkit/TokaMaker/meshing.py", line 628, in build_mesh
    raise ValueError('Meshing error: unclaimed region detected!')
ValueError: Meshing error: unclaimed region detected!

2026-06-09 12:21:02,165 pid=567318 weight_fb=1.00e-04 params=[170.      10.      96.5161  10.     170.       0.4751   0.5751   0.8149
   1.       0.8316]
Traceback (most recent call last):
  File "/home/nl2951/alfven/PF_location_optimization/opt_comp_combined_boundary.py", line 185, in _free_boundary_cost
    make_mesh(scan_geom, mesh_file, lim)
  File "/home/nl2951/alfven/PF_location_optimization/opt_comp_combined_boundary.py", line 165, in make_mesh
    mesh_pts, mesh_lc, mesh_reg = gs_mesh.build_mesh()
                                  ^^^^^^^^^^^^^^^^^^^^
  File "/home/nl2951/OpenFUSIONToolkit/install_release/python/OpenFUSIONToolkit/TokaMaker/meshing.py", line 628, in build_mesh
    raise ValueError('Meshing error: unclaimed region detected!')
ValueError: Meshing error: unclaimed region detected!

2026-06-09 12:21:36,394 pid=567318 weight_fb=1.00e-04 params=[170.      10.      96.5161  10.     170.       0.4751   0.5751   0.8149
   1.       0.8316]
Traceback (most recent call last):
  File "/home/nl2951/alfven/PF_location_optimization/opt_comp_combined_boundary.py", line 185, in _free_boundary_cost
    make_mesh(scan_geom, mesh_file, lim)
  File "/home/nl2951/alfven/PF_location_optimization/opt_comp_combined_boundary.py", line 165, in make_mesh
    mesh_pts, mesh_lc, mesh_reg = gs_mesh.build_mesh()
                                  ^^^^^^^^^^^^^^^^^^^^
  File "/home/nl2951/OpenFUSIONToolkit/install_release/python/OpenFUSIONToolkit/TokaMaker/meshing.py", line 628, in build_mesh
    raise ValueError('Meshing error: unclaimed region detected!')
ValueError: Meshing error: unclaimed region detected!

2026-06-09 12:22:10,731 pid=567318 weight_fb=1.00e-04 params=[170.      10.      96.5161  10.     170.       0.4751   0.5751   0.8149
   1.       0.8316]
Traceback (most recent call last):
  File "/home/nl2951/alfven/PF_location_optimization/opt_comp_combined_boundary.py", line 185, in _free_boundary_cost
    make_mesh(scan_geom, mesh_file, lim)
  File "/home/nl2951/alfven/PF_location_optimization/opt_comp_combined_boundary.py", line 165, in make_mesh
    mesh_pts, mesh_lc, mesh_reg = gs_mesh.build_mesh()
                                  ^^^^^^^^^^^^^^^^^^^^
  File "/home/nl2951/OpenFUSIONToolkit/install_release/python/OpenFUSIONToolkit/TokaMaker/meshing.py", line 628, in build_mesh
    raise ValueError('Meshing error: unclaimed region detected!')
ValueError: Meshing error: unclaimed region detected!

2026-06-09 12:22:44,964 pid=567318 weight_fb=1.00e-04 params=[170.      10.      96.5161  10.     170.       0.4751   0.5751   0.8149
   1.       0.8316]
Traceback (most recent call last):
  File "/home/nl2951/alfven/PF_location_optimization/opt_comp_combined_boundary.py", line 185, in _free_boundary_cost
    make_mesh(scan_geom, mesh_file, lim)
  File "/home/nl2951/alfven/PF_location_optimization/opt_comp_combined_boundary.py", line 165, in make_mesh
    mesh_pts, mesh_lc, mesh_reg = gs_mesh.build_mesh()
                                  ^^^^^^^^^^^^^^^^^^^^
  File "/home/nl2951/OpenFUSIONToolkit/install_release/python/OpenFUSIONToolkit/TokaMaker/meshing.py", line 628, in build_mesh
    raise ValueError('Meshing error: unclaimed region detected!')
ValueError: Meshing error: unclaimed region detected!

2026-06-09 12:23:18,937 pid=567318 weight_fb=1.00e-04 params=[170.      10.      96.5161  10.     170.       0.4751   0.5751   0.8149
   1.       0.8316]
Traceback (most recent call last):
  File "/home/nl2951/alfven/PF_location_optimization/opt_comp_combined_boundary.py", line 185, in _free_boundary_cost
    make_mesh(scan_geom, mesh_file, lim)
  File "/home/nl2951/alfven/PF_location_optimization/opt_comp_combined_boundary.py", line 165, in make_mesh
    mesh_pts, mesh_lc, mesh_reg = gs_mesh.build_mesh()
                                  ^^^^^^^^^^^^^^^^^^^^
  File "/home/nl2951/OpenFUSIONToolkit/install_release/python/OpenFUSIONToolkit/TokaMaker/meshing.py", line 628, in build_mesh
    raise ValueError('Meshing error: unclaimed region detected!')
ValueError: Meshing error: unclaimed region detected!

2026-06-09 12:23:53,391 pid=567318 weight_fb=1.00e-04 params=[170.      10.      96.5161  10.     170.       0.4751   0.5751   0.8149
   1.       0.8316]
Traceback (most recent call last):
  File "/home/nl2951/alfven/PF_location_optimization/opt_comp_combined_boundary.py", line 185, in _free_boundary_cost
    make_mesh(scan_geom, mesh_file, lim)
  File "/home/nl2951/alfven/PF_location_optimization/opt_comp_combined_boundary.py", line 165, in make_mesh
    mesh_pts, mesh_lc, mesh_reg = gs_mesh.build_mesh()
                                  ^^^^^^^^^^^^^^^^^^^^
  File "/home/nl2951/OpenFUSIONToolkit/install_release/python/OpenFUSIONToolkit/TokaMaker/meshing.py", line 628, in build_mesh
    raise ValueError('Meshing error: unclaimed region detected!')
ValueError: Meshing error: unclaimed region detected!

2026-06-09 12:24:27,351 pid=567318 weight_fb=1.00e-04 params=[170.      10.      96.5161  10.     170.       0.4751   0.5751   0.8149
   1.       0.8316]
Traceback (most recent call last):
  File "/home/nl2951/alfven/PF_location_optimization/opt_comp_combined_boundary.py", line 185, in _free_boundary_cost
    make_mesh(scan_geom, mesh_file, lim)
  File "/home/nl2951/alfven/PF_location_optimization/opt_comp_combined_boundary.py", line 165, in make_mesh
    mesh_pts, mesh_lc, mesh_reg = gs_mesh.build_mesh()
                                  ^^^^^^^^^^^^^^^^^^^^
  File "/home/nl2951/OpenFUSIONToolkit/install_release/python/OpenFUSIONToolkit/TokaMaker/meshing.py", line 628, in build_mesh
    raise ValueError('Meshing error: unclaimed region detected!')
ValueError: Meshing error: unclaimed region detected!

2026-06-09 12:25:01,024 pid=567318 weight_fb=1.00e-04 params=[170.      10.      96.5161  10.     170.       0.4751   0.5751   0.8149
   1.       0.8316]
Traceback (most recent call last):
  File "/home/nl2951/alfven/PF_location_optimization/opt_comp_combined_boundary.py", line 185, in _free_boundary_cost
    make_mesh(scan_geom, mesh_file, lim)
  File "/home/nl2951/alfven/PF_location_optimization/opt_comp_combined_boundary.py", line 165, in make_mesh
    mesh_pts, mesh_lc, mesh_reg = gs_mesh.build_mesh()
                                  ^^^^^^^^^^^^^^^^^^^^
  File "/home/nl2951/OpenFUSIONToolkit/install_release/python/OpenFUSIONToolkit/TokaMaker/meshing.py", line 628, in build_mesh
    raise ValueError('Meshing error: unclaimed region detected!')
ValueError: Meshing error: unclaimed region detected!

2026-06-09 12:25:35,278 pid=567318 weight_fb=1.00e-04 params=[170.      10.      96.5161  10.     170.       0.4751   0.5751   0.8149
   1.       0.8316]
Traceback (most recent call last):
  File "/home/nl2951/alfven/PF_location_optimization/opt_comp_combined_boundary.py", line 185, in _free_boundary_cost
    make_mesh(scan_geom, mesh_file, lim)
  File "/home/nl2951/alfven/PF_location_optimization/opt_comp_combined_boundary.py", line 165, in make_mesh
    mesh_pts, mesh_lc, mesh_reg = gs_mesh.build_mesh()
                                  ^^^^^^^^^^^^^^^^^^^^
  File "/home/nl2951/OpenFUSIONToolkit/install_release/python/OpenFUSIONToolkit/TokaMaker/meshing.py", line 628, in build_mesh
    raise ValueError('Meshing error: unclaimed region detected!')
ValueError: Meshing error: unclaimed region detected!

2026-06-09 12:26:09,189 pid=567318 weight_fb=1.00e-04 params=[170.      10.      96.5161  10.     170.       0.4751   0.5751   0.8149
   1.       0.8316]
Traceback (most recent call last):
  File "/home/nl2951/alfven/PF_location_optimization/opt_comp_combined_boundary.py", line 185, in _free_boundary_cost
    make_mesh(scan_geom, mesh_file, lim)
  File "/home/nl2951/alfven/PF_location_optimization/opt_comp_combined_boundary.py", line 165, in make_mesh
    mesh_pts, mesh_lc, mesh_reg = gs_mesh.build_mesh()
                                  ^^^^^^^^^^^^^^^^^^^^
  File "/home/nl2951/OpenFUSIONToolkit/install_release/python/OpenFUSIONToolkit/TokaMaker/meshing.py", line 628, in build_mesh
    raise ValueError('Meshing error: unclaimed region detected!')
ValueError: Meshing error: unclaimed region detected!

2026-06-09 12:26:43,557 pid=567318 weight_fb=1.00e-04 params=[170.      10.      96.5161  10.     170.       0.4751   0.5751   0.8149
   1.       0.8316]
Traceback (most recent call last):
  File "/home/nl2951/alfven/PF_location_optimization/opt_comp_combined_boundary.py", line 185, in _free_boundary_cost
    make_mesh(scan_geom, mesh_file, lim)
  File "/home/nl2951/alfven/PF_location_optimization/opt_comp_combined_boundary.py", line 165, in make_mesh
    mesh_pts, mesh_lc, mesh_reg = gs_mesh.build_mesh()
                                  ^^^^^^^^^^^^^^^^^^^^
  File "/home/nl2951/OpenFUSIONToolkit/install_release/python/OpenFUSIONToolkit/TokaMaker/meshing.py", line 628, in build_mesh
    raise ValueError('Meshing error: unclaimed region detected!')
ValueError: Meshing error: unclaimed region detected!

2026-06-09 12:27:18,225 pid=567318 weight_fb=1.00e-04 params=[170.      10.      96.5161  10.     170.       0.4751   0.5751   0.8149
   1.       0.8316]
Traceback (most recent call last):
  File "/home/nl2951/alfven/PF_location_optimization/opt_comp_combined_boundary.py", line 185, in _free_boundary_cost
    make_mesh(scan_geom, mesh_file, lim)
  File "/home/nl2951/alfven/PF_location_optimization/opt_comp_combined_boundary.py", line 165, in make_mesh
    mesh_pts, mesh_lc, mesh_reg = gs_mesh.build_mesh()
                                  ^^^^^^^^^^^^^^^^^^^^
  File "/home/nl2951/OpenFUSIONToolkit/install_release/python/OpenFUSIONToolkit/TokaMaker/meshing.py", line 628, in build_mesh
    raise ValueError('Meshing error: unclaimed region detected!')
ValueError: Meshing error: unclaimed region detected!

2026-06-09 12:27:53,003 pid=567318 weight_fb=1.00e-04 params=[170.      10.      96.5161  10.     170.       0.4751   0.5751   0.8149
   1.       0.8316]
Traceback (most recent call last):
  File "/home/nl2951/alfven/PF_location_optimization/opt_comp_combined_boundary.py", line 185, in _free_boundary_cost
    make_mesh(scan_geom, mesh_file, lim)
  File "/home/nl2951/alfven/PF_location_optimization/opt_comp_combined_boundary.py", line 165, in make_mesh
    mesh_pts, mesh_lc, mesh_reg = gs_mesh.build_mesh()
                                  ^^^^^^^^^^^^^^^^^^^^
  File "/home/nl2951/OpenFUSIONToolkit/install_release/python/OpenFUSIONToolkit/TokaMaker/meshing.py", line 628, in build_mesh
    raise ValueError('Meshing error: unclaimed region detected!')
ValueError: Meshing error: unclaimed region detected!

2026-06-09 12:28:27,144 pid=567318 weight_fb=1.00e-04 params=[170.      10.      96.5161  10.     170.       0.4751   0.5751   0.8149
   1.       0.8316]
Traceback (most recent call last):
  File "/home/nl2951/alfven/PF_location_optimization/opt_comp_combined_boundary.py", line 185, in _free_boundary_cost
    make_mesh(scan_geom, mesh_file, lim)
  File "/home/nl2951/alfven/PF_location_optimization/opt_comp_combined_boundary.py", line 165, in make_mesh
    mesh_pts, mesh_lc, mesh_reg = gs_mesh.build_mesh()
                                  ^^^^^^^^^^^^^^^^^^^^
  File "/home/nl2951/OpenFUSIONToolkit/install_release/python/OpenFUSIONToolkit/TokaMaker/meshing.py", line 628, in build_mesh
    raise ValueError('Meshing error: unclaimed region detected!')
ValueError: Meshing error: unclaimed region detected!

2026-06-09 12:29:01,860 pid=567318 weight_fb=1.00e-04 params=[170.      10.      96.5161  10.     170.       0.4751   0.5751   0.8149
   1.       0.8316]
Traceback (most recent call last):
  File "/home/nl2951/alfven/PF_location_optimization/opt_comp_combined_boundary.py", line 185, in _free_boundary_cost
    make_mesh(scan_geom, mesh_file, lim)
  File "/home/nl2951/alfven/PF_location_optimization/opt_comp_combined_boundary.py", line 165, in make_mesh
    mesh_pts, mesh_lc, mesh_reg = gs_mesh.build_mesh()
                                  ^^^^^^^^^^^^^^^^^^^^
  File "/home/nl2951/OpenFUSIONToolkit/install_release/python/OpenFUSIONToolkit/TokaMaker/meshing.py", line 628, in build_mesh
    raise ValueError('Meshing error: unclaimed region detected!')
ValueError: Meshing error: unclaimed region detected!

2026-06-09 12:29:36,627 pid=567318 weight_fb=1.00e-04 params=[170.      10.      96.5161  10.     170.       0.4751   0.5751   0.8149
   1.       0.8316]
Traceback (most recent call last):
  File "/home/nl2951/alfven/PF_location_optimization/opt_comp_combined_boundary.py", line 185, in _free_boundary_cost
    make_mesh(scan_geom, mesh_file, lim)
  File "/home/nl2951/alfven/PF_location_optimization/opt_comp_combined_boundary.py", line 165, in make_mesh
    mesh_pts, mesh_lc, mesh_reg = gs_mesh.build_mesh()
                                  ^^^^^^^^^^^^^^^^^^^^
  File "/home/nl2951/OpenFUSIONToolkit/install_release/python/OpenFUSIONToolkit/TokaMaker/meshing.py", line 628, in build_mesh
    raise ValueError('Meshing error: unclaimed region detected!')
ValueError: Meshing error: unclaimed region detected!

2026-06-09 12:30:10,646 pid=567318 weight_fb=1.00e-04 params=[170.      10.      96.5161  10.     170.       0.4751   0.5751   0.8149
   1.       0.8316]
Traceback (most recent call last):
  File "/home/nl2951/alfven/PF_location_optimization/opt_comp_combined_boundary.py", line 185, in _free_boundary_cost
    make_mesh(scan_geom, mesh_file, lim)
  File "/home/nl2951/alfven/PF_location_optimization/opt_comp_combined_boundary.py", line 165, in make_mesh
    mesh_pts, mesh_lc, mesh_reg = gs_mesh.build_mesh()
                                  ^^^^^^^^^^^^^^^^^^^^
  File "/home/nl2951/OpenFUSIONToolkit/install_release/python/OpenFUSIONToolkit/TokaMaker/meshing.py", line 628, in build_mesh
    raise ValueError('Meshing error: unclaimed region detected!')
ValueError: Meshing error: unclaimed region detected!

2026-06-09 12:30:45,245 pid=567318 weight_fb=1.00e-04 params=[170.      10.      96.5161  10.     170.       0.4751   0.5751   0.8149
   1.       0.8316]
Traceback (most recent call last):
  File "/home/nl2951/alfven/PF_location_optimization/opt_comp_combined_boundary.py", line 185, in _free_boundary_cost
    make_mesh(scan_geom, mesh_file, lim)
  File "/home/nl2951/alfven/PF_location_optimization/opt_comp_combined_boundary.py", line 165, in make_mesh
    mesh_pts, mesh_lc, mesh_reg = gs_mesh.build_mesh()
                                  ^^^^^^^^^^^^^^^^^^^^
  File "/home/nl2951/OpenFUSIONToolkit/install_release/python/OpenFUSIONToolkit/TokaMaker/meshing.py", line 628, in build_mesh
    raise ValueError('Meshing error: unclaimed region detected!')
ValueError: Meshing error: unclaimed region detected!

2026-06-09 12:31:19,836 pid=567318 weight_fb=1.00e-04 params=[170.      10.      96.5161  10.     170.       0.4751   0.5751   0.8149
   1.       0.8316]
Traceback (most recent call last):
  File "/home/nl2951/alfven/PF_location_optimization/opt_comp_combined_boundary.py", line 185, in _free_boundary_cost
    make_mesh(scan_geom, mesh_file, lim)
  File "/home/nl2951/alfven/PF_location_optimization/opt_comp_combined_boundary.py", line 165, in make_mesh
    mesh_pts, mesh_lc, mesh_reg = gs_mesh.build_mesh()
                                  ^^^^^^^^^^^^^^^^^^^^
  File "/home/nl2951/OpenFUSIONToolkit/install_release/python/OpenFUSIONToolkit/TokaMaker/meshing.py", line 628, in build_mesh
    raise ValueError('Meshing error: unclaimed region detected!')
ValueError: Meshing error: unclaimed region detected!

2026-06-09 12:31:53,985 pid=567318 weight_fb=1.00e-04 params=[170.      10.      96.5161  10.     170.       0.4751   0.5751   0.8149
   1.       0.8316]
Traceback (most recent call last):
  File "/home/nl2951/alfven/PF_location_optimization/opt_comp_combined_boundary.py", line 185, in _free_boundary_cost
    make_mesh(scan_geom, mesh_file, lim)
  File "/home/nl2951/alfven/PF_location_optimization/opt_comp_combined_boundary.py", line 165, in make_mesh
    mesh_pts, mesh_lc, mesh_reg = gs_mesh.build_mesh()
                                  ^^^^^^^^^^^^^^^^^^^^
  File "/home/nl2951/OpenFUSIONToolkit/install_release/python/OpenFUSIONToolkit/TokaMaker/meshing.py", line 628, in build_mesh
    raise ValueError('Meshing error: unclaimed region detected!')
ValueError: Meshing error: unclaimed region detected!

2026-06-09 12:32:28,524 pid=567318 weight_fb=1.00e-04 params=[170.      10.      96.5161  10.     170.       0.4751   0.5751   0.8149
   1.       0.8316]
Traceback (most recent call last):
  File "/home/nl2951/alfven/PF_location_optimization/opt_comp_combined_boundary.py", line 185, in _free_boundary_cost
    make_mesh(scan_geom, mesh_file, lim)
  File "/home/nl2951/alfven/PF_location_optimization/opt_comp_combined_boundary.py", line 165, in make_mesh
    mesh_pts, mesh_lc, mesh_reg = gs_mesh.build_mesh()
                                  ^^^^^^^^^^^^^^^^^^^^
  File "/home/nl2951/OpenFUSIONToolkit/install_release/python/OpenFUSIONToolkit/TokaMaker/meshing.py", line 628, in build_mesh
    raise ValueError('Meshing error: unclaimed region detected!')
ValueError: Meshing error: unclaimed region detected!

2026-06-09 12:33:03,114 pid=567318 weight_fb=1.00e-04 params=[170.      10.      96.5161  10.     170.       0.4751   0.5751   0.8149
   1.       0.8316]
Traceback (most recent call last):
  File "/home/nl2951/alfven/PF_location_optimization/opt_comp_combined_boundary.py", line 185, in _free_boundary_cost
    make_mesh(scan_geom, mesh_file, lim)
  File "/home/nl2951/alfven/PF_location_optimization/opt_comp_combined_boundary.py", line 165, in make_mesh
    mesh_pts, mesh_lc, mesh_reg = gs_mesh.build_mesh()
                                  ^^^^^^^^^^^^^^^^^^^^
  File "/home/nl2951/OpenFUSIONToolkit/install_release/python/OpenFUSIONToolkit/TokaMaker/meshing.py", line 628, in build_mesh
    raise ValueError('Meshing error: unclaimed region detected!')
ValueError: Meshing error: unclaimed region detected!

2026-06-09 12:33:37,231 pid=567318 weight_fb=1.00e-04 params=[170.      10.      96.5161  10.     170.       0.4751   0.5751   0.8149
   1.       0.8316]
Traceback (most recent call last):
  File "/home/nl2951/alfven/PF_location_optimization/opt_comp_combined_boundary.py", line 185, in _free_boundary_cost
    make_mesh(scan_geom, mesh_file, lim)
  File "/home/nl2951/alfven/PF_location_optimization/opt_comp_combined_boundary.py", line 165, in make_mesh
    mesh_pts, mesh_lc, mesh_reg = gs_mesh.build_mesh()
                                  ^^^^^^^^^^^^^^^^^^^^
  File "/home/nl2951/OpenFUSIONToolkit/install_release/python/OpenFUSIONToolkit/TokaMaker/meshing.py", line 628, in build_mesh
    raise ValueError('Meshing error: unclaimed region detected!')
ValueError: Meshing error: unclaimed region detected!

2026-06-09 12:34:11,657 pid=567318 weight_fb=1.00e-04 params=[170.      10.      96.5161  10.     170.       0.4751   0.5751   0.8149
   1.       0.8316]
Traceback (most recent call last):
  File "/home/nl2951/alfven/PF_location_optimization/opt_comp_combined_boundary.py", line 185, in _free_boundary_cost
    make_mesh(scan_geom, mesh_file, lim)
  File "/home/nl2951/alfven/PF_location_optimization/opt_comp_combined_boundary.py", line 165, in make_mesh
    mesh_pts, mesh_lc, mesh_reg = gs_mesh.build_mesh()
                                  ^^^^^^^^^^^^^^^^^^^^
  File "/home/nl2951/OpenFUSIONToolkit/install_release/python/OpenFUSIONToolkit/TokaMaker/meshing.py", line 628, in build_mesh
    raise ValueError('Meshing error: unclaimed region detected!')
ValueError: Meshing error: unclaimed region detected!

2026-06-09 12:34:46,109 pid=567318 weight_fb=1.00e-04 params=[170.      10.      96.5161  10.     170.       0.4751   0.5751   0.8149
   1.       0.8316]
Traceback (most recent call last):
  File "/home/nl2951/alfven/PF_location_optimization/opt_comp_combined_boundary.py", line 185, in _free_boundary_cost
    make_mesh(scan_geom, mesh_file, lim)
  File "/home/nl2951/alfven/PF_location_optimization/opt_comp_combined_boundary.py", line 165, in make_mesh
    mesh_pts, mesh_lc, mesh_reg = gs_mesh.build_mesh()
                                  ^^^^^^^^^^^^^^^^^^^^
  File "/home/nl2951/OpenFUSIONToolkit/install_release/python/OpenFUSIONToolkit/TokaMaker/meshing.py", line 628, in build_mesh
    raise ValueError('Meshing error: unclaimed region detected!')
ValueError: Meshing error: unclaimed region detected!

2026-06-09 12:35:19,786 pid=567318 weight_fb=1.00e-04 params=[170.      10.      96.5161  10.     170.       0.4751   0.5751   0.8149
   1.       0.8316]
Traceback (most recent call last):
  File "/home/nl2951/alfven/PF_location_optimization/opt_comp_combined_boundary.py", line 185, in _free_boundary_cost
    make_mesh(scan_geom, mesh_file, lim)
  File "/home/nl2951/alfven/PF_location_optimization/opt_comp_combined_boundary.py", line 165, in make_mesh
    mesh_pts, mesh_lc, mesh_reg = gs_mesh.build_mesh()
                                  ^^^^^^^^^^^^^^^^^^^^
  File "/home/nl2951/OpenFUSIONToolkit/install_release/python/OpenFUSIONToolkit/TokaMaker/meshing.py", line 628, in build_mesh
    raise ValueError('Meshing error: unclaimed region detected!')
ValueError: Meshing error: unclaimed region detected!

2026-06-09 12:35:54,195 pid=567318 weight_fb=1.00e-04 params=[170.      10.      96.5161  10.     170.       0.4751   0.5751   0.8149
   1.       0.8316]
Traceback (most recent call last):
  File "/home/nl2951/alfven/PF_location_optimization/opt_comp_combined_boundary.py", line 185, in _free_boundary_cost
    make_mesh(scan_geom, mesh_file, lim)
  File "/home/nl2951/alfven/PF_location_optimization/opt_comp_combined_boundary.py", line 165, in make_mesh
    mesh_pts, mesh_lc, mesh_reg = gs_mesh.build_mesh()
                                  ^^^^^^^^^^^^^^^^^^^^
  File "/home/nl2951/OpenFUSIONToolkit/install_release/python/OpenFUSIONToolkit/TokaMaker/meshing.py", line 628, in build_mesh
    raise ValueError('Meshing error: unclaimed region detected!')
ValueError: Meshing error: unclaimed region detected!

2026-06-09 12:36:28,648 pid=567318 weight_fb=1.00e-04 params=[170.      10.      96.5161  10.     170.       0.4751   0.5751   0.8149
   1.       0.8316]
Traceback (most recent call last):
  File "/home/nl2951/alfven/PF_location_optimization/opt_comp_combined_boundary.py", line 185, in _free_boundary_cost
    make_mesh(scan_geom, mesh_file, lim)
  File "/home/nl2951/alfven/PF_location_optimization/opt_comp_combined_boundary.py", line 165, in make_mesh
    mesh_pts, mesh_lc, mesh_reg = gs_mesh.build_mesh()
                                  ^^^^^^^^^^^^^^^^^^^^
  File "/home/nl2951/OpenFUSIONToolkit/install_release/python/OpenFUSIONToolkit/TokaMaker/meshing.py", line 628, in build_mesh
    raise ValueError('Meshing error: unclaimed region detected!')
ValueError: Meshing error: unclaimed region detected!

2026-06-09 12:37:02,964 pid=567318 weight_fb=1.00e-04 params=[170.      10.      96.5161  10.     170.       0.4751   0.5751   0.8149
   1.       0.8316]
Traceback (most recent call last):
  File "/home/nl2951/alfven/PF_location_optimization/opt_comp_combined_boundary.py", line 185, in _free_boundary_cost
    make_mesh(scan_geom, mesh_file, lim)
  File "/home/nl2951/alfven/PF_location_optimization/opt_comp_combined_boundary.py", line 165, in make_mesh
    mesh_pts, mesh_lc, mesh_reg = gs_mesh.build_mesh()
                                  ^^^^^^^^^^^^^^^^^^^^
  File "/home/nl2951/OpenFUSIONToolkit/install_release/python/OpenFUSIONToolkit/TokaMaker/meshing.py", line 628, in build_mesh
    raise ValueError('Meshing error: unclaimed region detected!')
ValueError: Meshing error: unclaimed region detected!

2026-06-09 12:37:36,926 pid=567318 weight_fb=1.00e-04 params=[170.      10.      96.5161  10.     170.       0.4751   0.5751   0.8149
   1.       0.8316]
Traceback (most recent call last):
  File "/home/nl2951/alfven/PF_location_optimization/opt_comp_combined_boundary.py", line 185, in _free_boundary_cost
    make_mesh(scan_geom, mesh_file, lim)
  File "/home/nl2951/alfven/PF_location_optimization/opt_comp_combined_boundary.py", line 165, in make_mesh
    mesh_pts, mesh_lc, mesh_reg = gs_mesh.build_mesh()
                                  ^^^^^^^^^^^^^^^^^^^^
  File "/home/nl2951/OpenFUSIONToolkit/install_release/python/OpenFUSIONToolkit/TokaMaker/meshing.py", line 628, in build_mesh
    raise ValueError('Meshing error: unclaimed region detected!')
ValueError: Meshing error: unclaimed region detected!

2026-06-09 12:38:11,165 pid=567318 weight_fb=1.00e-04 params=[170.      10.      96.5161  10.     170.       0.4751   0.5751   0.8149
   1.       0.8316]
Traceback (most recent call last):
  File "/home/nl2951/alfven/PF_location_optimization/opt_comp_combined_boundary.py", line 185, in _free_boundary_cost
    make_mesh(scan_geom, mesh_file, lim)
  File "/home/nl2951/alfven/PF_location_optimization/opt_comp_combined_boundary.py", line 165, in make_mesh
    mesh_pts, mesh_lc, mesh_reg = gs_mesh.build_mesh()
                                  ^^^^^^^^^^^^^^^^^^^^
  File "/home/nl2951/OpenFUSIONToolkit/install_release/python/OpenFUSIONToolkit/TokaMaker/meshing.py", line 628, in build_mesh
    raise ValueError('Meshing error: unclaimed region detected!')
ValueError: Meshing error: unclaimed region detected!

2026-06-09 12:38:45,636 pid=567318 weight_fb=1.00e-04 params=[170.      10.      96.5161  10.     170.       0.4751   0.5751   0.8149
   1.       0.8316]
Traceback (most recent call last):
  File "/home/nl2951/alfven/PF_location_optimization/opt_comp_combined_boundary.py", line 185, in _free_boundary_cost
    make_mesh(scan_geom, mesh_file, lim)
  File "/home/nl2951/alfven/PF_location_optimization/opt_comp_combined_boundary.py", line 165, in make_mesh
    mesh_pts, mesh_lc, mesh_reg = gs_mesh.build_mesh()
                                  ^^^^^^^^^^^^^^^^^^^^
  File "/home/nl2951/OpenFUSIONToolkit/install_release/python/OpenFUSIONToolkit/TokaMaker/meshing.py", line 628, in build_mesh
    raise ValueError('Meshing error: unclaimed region detected!')
ValueError: Meshing error: unclaimed region detected!

2026-06-09 12:39:19,891 pid=567318 weight_fb=1.00e-04 params=[170.      10.      96.5161  10.     170.       0.4751   0.5751   0.8149
   1.       0.8316]
Traceback (most recent call last):
  File "/home/nl2951/alfven/PF_location_optimization/opt_comp_combined_boundary.py", line 185, in _free_boundary_cost
    make_mesh(scan_geom, mesh_file, lim)
  File "/home/nl2951/alfven/PF_location_optimization/opt_comp_combined_boundary.py", line 165, in make_mesh
    mesh_pts, mesh_lc, mesh_reg = gs_mesh.build_mesh()
                                  ^^^^^^^^^^^^^^^^^^^^
  File "/home/nl2951/OpenFUSIONToolkit/install_release/python/OpenFUSIONToolkit/TokaMaker/meshing.py", line 628, in build_mesh
    raise ValueError('Meshing error: unclaimed region detected!')
ValueError: Meshing error: unclaimed region detected!

2026-06-09 12:39:54,263 pid=567318 weight_fb=1.00e-04 params=[170.      10.      96.5161  10.     170.       0.4751   0.5751   0.8149
   1.       0.8316]
Traceback (most recent call last):
  File "/home/nl2951/alfven/PF_location_optimization/opt_comp_combined_boundary.py", line 185, in _free_boundary_cost
    make_mesh(scan_geom, mesh_file, lim)
  File "/home/nl2951/alfven/PF_location_optimization/opt_comp_combined_boundary.py", line 165, in make_mesh
    mesh_pts, mesh_lc, mesh_reg = gs_mesh.build_mesh()
                                  ^^^^^^^^^^^^^^^^^^^^
  File "/home/nl2951/OpenFUSIONToolkit/install_release/python/OpenFUSIONToolkit/TokaMaker/meshing.py", line 628, in build_mesh
    raise ValueError('Meshing error: unclaimed region detected!')
ValueError: Meshing error: unclaimed region detected!

2026-06-09 12:40:28,631 pid=567318 weight_fb=1.00e-04 params=[170.      10.      96.5161  10.     170.       0.4751   0.5751   0.8149
   1.       0.8316]
Traceback (most recent call last):
  File "/home/nl2951/alfven/PF_location_optimization/opt_comp_combined_boundary.py", line 185, in _free_boundary_cost
    make_mesh(scan_geom, mesh_file, lim)
  File "/home/nl2951/alfven/PF_location_optimization/opt_comp_combined_boundary.py", line 165, in make_mesh
    mesh_pts, mesh_lc, mesh_reg = gs_mesh.build_mesh()
                                  ^^^^^^^^^^^^^^^^^^^^
  File "/home/nl2951/OpenFUSIONToolkit/install_release/python/OpenFUSIONToolkit/TokaMaker/meshing.py", line 628, in build_mesh
    raise ValueError('Meshing error: unclaimed region detected!')
ValueError: Meshing error: unclaimed region detected!

2026-06-09 12:41:02,575 pid=567318 weight_fb=1.00e-04 params=[170.      10.      96.5161  10.     170.       0.4751   0.5751   0.8149
   1.       0.8316]
Traceback (most recent call last):
  File "/home/nl2951/alfven/PF_location_optimization/opt_comp_combined_boundary.py", line 185, in _free_boundary_cost
    make_mesh(scan_geom, mesh_file, lim)
  File "/home/nl2951/alfven/PF_location_optimization/opt_comp_combined_boundary.py", line 165, in make_mesh
    mesh_pts, mesh_lc, mesh_reg = gs_mesh.build_mesh()
                                  ^^^^^^^^^^^^^^^^^^^^
  File "/home/nl2951/OpenFUSIONToolkit/install_release/python/OpenFUSIONToolkit/TokaMaker/meshing.py", line 628, in build_mesh
    raise ValueError('Meshing error: unclaimed region detected!')
ValueError: Meshing error: unclaimed region detected!

2026-06-09 12:41:36,445 pid=567318 weight_fb=1.00e-04 params=[170.      10.      96.5161  10.     170.       0.4751   0.5751   0.8149
   1.       0.8316]
Traceback (most recent call last):
  File "/home/nl2951/alfven/PF_location_optimization/opt_comp_combined_boundary.py", line 185, in _free_boundary_cost
    make_mesh(scan_geom, mesh_file, lim)
  File "/home/nl2951/alfven/PF_location_optimization/opt_comp_combined_boundary.py", line 165, in make_mesh
    mesh_pts, mesh_lc, mesh_reg = gs_mesh.build_mesh()
                                  ^^^^^^^^^^^^^^^^^^^^
  File "/home/nl2951/OpenFUSIONToolkit/install_release/python/OpenFUSIONToolkit/TokaMaker/meshing.py", line 628, in build_mesh
    raise ValueError('Meshing error: unclaimed region detected!')
ValueError: Meshing error: unclaimed region detected!

2026-06-09 12:42:10,945 pid=567318 weight_fb=1.00e-04 params=[170.      10.      96.5161  10.     170.       0.4751   0.5751   0.8149
   1.       0.8316]
Traceback (most recent call last):
  File "/home/nl2951/alfven/PF_location_optimization/opt_comp_combined_boundary.py", line 185, in _free_boundary_cost
    make_mesh(scan_geom, mesh_file, lim)
  File "/home/nl2951/alfven/PF_location_optimization/opt_comp_combined_boundary.py", line 165, in make_mesh
    mesh_pts, mesh_lc, mesh_reg = gs_mesh.build_mesh()
                                  ^^^^^^^^^^^^^^^^^^^^
  File "/home/nl2951/OpenFUSIONToolkit/install_release/python/OpenFUSIONToolkit/TokaMaker/meshing.py", line 628, in build_mesh
    raise ValueError('Meshing error: unclaimed region detected!')
ValueError: Meshing error: unclaimed region detected!

2026-06-09 12:42:45,143 pid=567318 weight_fb=1.00e-04 params=[170.      10.      96.5161  10.     170.       0.4751   0.5751   0.8149
   1.       0.8316]
Traceback (most recent call last):
  File "/home/nl2951/alfven/PF_location_optimization/opt_comp_combined_boundary.py", line 185, in _free_boundary_cost
    make_mesh(scan_geom, mesh_file, lim)
  File "/home/nl2951/alfven/PF_location_optimization/opt_comp_combined_boundary.py", line 165, in make_mesh
    mesh_pts, mesh_lc, mesh_reg = gs_mesh.build_mesh()
                                  ^^^^^^^^^^^^^^^^^^^^
  File "/home/nl2951/OpenFUSIONToolkit/install_release/python/OpenFUSIONToolkit/TokaMaker/meshing.py", line 628, in build_mesh
    raise ValueError('Meshing error: unclaimed region detected!')
ValueError: Meshing error: unclaimed region detected!

2026-06-09 12:43:19,452 pid=567318 weight_fb=1.00e-04 params=[170.      10.      96.5161  10.     170.       0.4751   0.5751   0.8149
   1.       0.8316]
Traceback (most recent call last):
  File "/home/nl2951/alfven/PF_location_optimization/opt_comp_combined_boundary.py", line 185, in _free_boundary_cost
    make_mesh(scan_geom, mesh_file, lim)
  File "/home/nl2951/alfven/PF_location_optimization/opt_comp_combined_boundary.py", line 165, in make_mesh
    mesh_pts, mesh_lc, mesh_reg = gs_mesh.build_mesh()
                                  ^^^^^^^^^^^^^^^^^^^^
  File "/home/nl2951/OpenFUSIONToolkit/install_release/python/OpenFUSIONToolkit/TokaMaker/meshing.py", line 628, in build_mesh
    raise ValueError('Meshing error: unclaimed region detected!')
ValueError: Meshing error: unclaimed region detected!

2026-06-09 12:43:53,830 pid=567318 weight_fb=1.00e-04 params=[170.      10.      96.5161  10.     170.       0.4751   0.5751   0.8149
   1.       0.8316]
Traceback (most recent call last):
  File "/home/nl2951/alfven/PF_location_optimization/opt_comp_combined_boundary.py", line 185, in _free_boundary_cost
    make_mesh(scan_geom, mesh_file, lim)
  File "/home/nl2951/alfven/PF_location_optimization/opt_comp_combined_boundary.py", line 165, in make_mesh
    mesh_pts, mesh_lc, mesh_reg = gs_mesh.build_mesh()
                                  ^^^^^^^^^^^^^^^^^^^^
  File "/home/nl2951/OpenFUSIONToolkit/install_release/python/OpenFUSIONToolkit/TokaMaker/meshing.py", line 628, in build_mesh
    raise ValueError('Meshing error: unclaimed region detected!')
ValueError: Meshing error: unclaimed region detected!

2026-06-09 12:44:27,792 pid=567318 weight_fb=1.00e-04 params=[170.      10.      96.5161  10.     170.       0.4751   0.5751   0.8149
   1.       0.8316]
Traceback (most recent call last):
  File "/home/nl2951/alfven/PF_location_optimization/opt_comp_combined_boundary.py", line 185, in _free_boundary_cost
    make_mesh(scan_geom, mesh_file, lim)
  File "/home/nl2951/alfven/PF_location_optimization/opt_comp_combined_boundary.py", line 165, in make_mesh
    mesh_pts, mesh_lc, mesh_reg = gs_mesh.build_mesh()
                                  ^^^^^^^^^^^^^^^^^^^^
  File "/home/nl2951/OpenFUSIONToolkit/install_release/python/OpenFUSIONToolkit/TokaMaker/meshing.py", line 628, in build_mesh
    raise ValueError('Meshing error: unclaimed region detected!')
ValueError: Meshing error: unclaimed region detected!

2026-06-09 12:45:01,827 pid=567318 weight_fb=1.00e-04 params=[170.      10.      96.5161  10.     170.       0.4751   0.5751   0.8149
   1.       0.8316]
Traceback (most recent call last):
  File "/home/nl2951/alfven/PF_location_optimization/opt_comp_combined_boundary.py", line 185, in _free_boundary_cost
    make_mesh(scan_geom, mesh_file, lim)
  File "/home/nl2951/alfven/PF_location_optimization/opt_comp_combined_boundary.py", line 165, in make_mesh
    mesh_pts, mesh_lc, mesh_reg = gs_mesh.build_mesh()
                                  ^^^^^^^^^^^^^^^^^^^^
  File "/home/nl2951/OpenFUSIONToolkit/install_release/python/OpenFUSIONToolkit/TokaMaker/meshing.py", line 628, in build_mesh
    raise ValueError('Meshing error: unclaimed region detected!')
ValueError: Meshing error: unclaimed region detected!

2026-06-09 12:45:36,067 pid=567318 weight_fb=1.00e-04 params=[170.      10.      96.5161  10.     170.       0.4751   0.5751   0.8149
   1.       0.8316]
Traceback (most recent call last):
  File "/home/nl2951/alfven/PF_location_optimization/opt_comp_combined_boundary.py", line 185, in _free_boundary_cost
    make_mesh(scan_geom, mesh_file, lim)
  File "/home/nl2951/alfven/PF_location_optimization/opt_comp_combined_boundary.py", line 165, in make_mesh
    mesh_pts, mesh_lc, mesh_reg = gs_mesh.build_mesh()
                                  ^^^^^^^^^^^^^^^^^^^^
  File "/home/nl2951/OpenFUSIONToolkit/install_release/python/OpenFUSIONToolkit/TokaMaker/meshing.py", line 628, in build_mesh
    raise ValueError('Meshing error: unclaimed region detected!')
ValueError: Meshing error: unclaimed region detected!

2026-06-09 12:46:10,181 pid=567318 weight_fb=1.00e-04 params=[170.      10.      96.5161  10.     170.       0.4751   0.5751   0.8149
   1.       0.8316]
Traceback (most recent call last):
  File "/home/nl2951/alfven/PF_location_optimization/opt_comp_combined_boundary.py", line 185, in _free_boundary_cost
    make_mesh(scan_geom, mesh_file, lim)
  File "/home/nl2951/alfven/PF_location_optimization/opt_comp_combined_boundary.py", line 165, in make_mesh
    mesh_pts, mesh_lc, mesh_reg = gs_mesh.build_mesh()
                                  ^^^^^^^^^^^^^^^^^^^^
  File "/home/nl2951/OpenFUSIONToolkit/install_release/python/OpenFUSIONToolkit/TokaMaker/meshing.py", line 628, in build_mesh
    raise ValueError('Meshing error: unclaimed region detected!')
ValueError: Meshing error: unclaimed region detected!

2026-06-09 12:46:44,143 pid=567318 weight_fb=1.00e-04 params=[170.      10.      96.5161  10.     170.       0.4751   0.5751   0.8149
   1.       0.8316]
Traceback (most recent call last):
  File "/home/nl2951/alfven/PF_location_optimization/opt_comp_combined_boundary.py", line 185, in _free_boundary_cost
    make_mesh(scan_geom, mesh_file, lim)
  File "/home/nl2951/alfven/PF_location_optimization/opt_comp_combined_boundary.py", line 165, in make_mesh
    mesh_pts, mesh_lc, mesh_reg = gs_mesh.build_mesh()
                                  ^^^^^^^^^^^^^^^^^^^^
  File "/home/nl2951/OpenFUSIONToolkit/install_release/python/OpenFUSIONToolkit/TokaMaker/meshing.py", line 628, in build_mesh
    raise ValueError('Meshing error: unclaimed region detected!')
ValueError: Meshing error: unclaimed region detected!

2026-06-09 12:47:18,619 pid=567318 weight_fb=1.00e-04 params=[170.      10.      96.5161  10.     170.       0.4751   0.5751   0.8149
   1.       0.8316]
Traceback (most recent call last):
  File "/home/nl2951/alfven/PF_location_optimization/opt_comp_combined_boundary.py", line 185, in _free_boundary_cost
    make_mesh(scan_geom, mesh_file, lim)
  File "/home/nl2951/alfven/PF_location_optimization/opt_comp_combined_boundary.py", line 165, in make_mesh
    mesh_pts, mesh_lc, mesh_reg = gs_mesh.build_mesh()
                                  ^^^^^^^^^^^^^^^^^^^^
  File "/home/nl2951/OpenFUSIONToolkit/install_release/python/OpenFUSIONToolkit/TokaMaker/meshing.py", line 628, in build_mesh
    raise ValueError('Meshing error: unclaimed region detected!')
ValueError: Meshing error: unclaimed region detected!

2026-06-09 12:47:52,786 pid=567318 weight_fb=1.00e-04 params=[170.      10.      96.5161  10.     170.       0.4751   0.5751   0.8149
   1.       0.8316]
Traceback (most recent call last):
  File "/home/nl2951/alfven/PF_location_optimization/opt_comp_combined_boundary.py", line 185, in _free_boundary_cost
    make_mesh(scan_geom, mesh_file, lim)
  File "/home/nl2951/alfven/PF_location_optimization/opt_comp_combined_boundary.py", line 165, in make_mesh
    mesh_pts, mesh_lc, mesh_reg = gs_mesh.build_mesh()
                                  ^^^^^^^^^^^^^^^^^^^^
  File "/home/nl2951/OpenFUSIONToolkit/install_release/python/OpenFUSIONToolkit/TokaMaker/meshing.py", line 628, in build_mesh
    raise ValueError('Meshing error: unclaimed region detected!')
ValueError: Meshing error: unclaimed region detected!

2026-06-09 12:48:26,865 pid=567318 weight_fb=1.00e-04 params=[170.      10.      96.5161  10.     170.       0.4751   0.5751   0.8149
   1.       0.8316]
Traceback (most recent call last):
  File "/home/nl2951/alfven/PF_location_optimization/opt_comp_combined_boundary.py", line 185, in _free_boundary_cost
    make_mesh(scan_geom, mesh_file, lim)
  File "/home/nl2951/alfven/PF_location_optimization/opt_comp_combined_boundary.py", line 165, in make_mesh
    mesh_pts, mesh_lc, mesh_reg = gs_mesh.build_mesh()
                                  ^^^^^^^^^^^^^^^^^^^^
  File "/home/nl2951/OpenFUSIONToolkit/install_release/python/OpenFUSIONToolkit/TokaMaker/meshing.py", line 628, in build_mesh
    raise ValueError('Meshing error: unclaimed region detected!')
ValueError: Meshing error: unclaimed region detected!

2026-06-09 12:49:01,419 pid=567318 weight_fb=1.00e-04 params=[170.      10.      96.5161  10.     170.       0.4751   0.5751   0.8149
   1.       0.8316]
Traceback (most recent call last):
  File "/home/nl2951/alfven/PF_location_optimization/opt_comp_combined_boundary.py", line 185, in _free_boundary_cost
    make_mesh(scan_geom, mesh_file, lim)
  File "/home/nl2951/alfven/PF_location_optimization/opt_comp_combined_boundary.py", line 165, in make_mesh
    mesh_pts, mesh_lc, mesh_reg = gs_mesh.build_mesh()
                                  ^^^^^^^^^^^^^^^^^^^^
  File "/home/nl2951/OpenFUSIONToolkit/install_release/python/OpenFUSIONToolkit/TokaMaker/meshing.py", line 628, in build_mesh
    raise ValueError('Meshing error: unclaimed region detected!')
ValueError: Meshing error: unclaimed region detected!

2026-06-09 12:49:34,806 pid=567318 weight_fb=1.00e-04 params=[170.      10.      96.5161  10.     170.       0.4751   0.5751   0.8149
   1.       0.8316]
Traceback (most recent call last):
  File "/home/nl2951/alfven/PF_location_optimization/opt_comp_combined_boundary.py", line 185, in _free_boundary_cost
    make_mesh(scan_geom, mesh_file, lim)
  File "/home/nl2951/alfven/PF_location_optimization/opt_comp_combined_boundary.py", line 165, in make_mesh
    mesh_pts, mesh_lc, mesh_reg = gs_mesh.build_mesh()
                                  ^^^^^^^^^^^^^^^^^^^^
  File "/home/nl2951/OpenFUSIONToolkit/install_release/python/OpenFUSIONToolkit/TokaMaker/meshing.py", line 628, in build_mesh
    raise ValueError('Meshing error: unclaimed region detected!')
ValueError: Meshing error: unclaimed region detected!

2026-06-09 12:50:09,271 pid=567318 weight_fb=1.00e-04 params=[170.      10.      96.5161  10.     170.       0.4751   0.5751   0.8149
   1.       0.8316]
Traceback (most recent call last):
  File "/home/nl2951/alfven/PF_location_optimization/opt_comp_combined_boundary.py", line 185, in _free_boundary_cost
    make_mesh(scan_geom, mesh_file, lim)
  File "/home/nl2951/alfven/PF_location_optimization/opt_comp_combined_boundary.py", line 165, in make_mesh
    mesh_pts, mesh_lc, mesh_reg = gs_mesh.build_mesh()
                                  ^^^^^^^^^^^^^^^^^^^^
  File "/home/nl2951/OpenFUSIONToolkit/install_release/python/OpenFUSIONToolkit/TokaMaker/meshing.py", line 628, in build_mesh
    raise ValueError('Meshing error: unclaimed region detected!')
ValueError: Meshing error: unclaimed region detected!

2026-06-09 12:50:43,466 pid=567318 weight_fb=1.00e-04 params=[170.      10.      96.5161  10.     170.       0.4751   0.5751   0.8149
   1.       0.8316]
Traceback (most recent call last):
  File "/home/nl2951/alfven/PF_location_optimization/opt_comp_combined_boundary.py", line 185, in _free_boundary_cost
    make_mesh(scan_geom, mesh_file, lim)
  File "/home/nl2951/alfven/PF_location_optimization/opt_comp_combined_boundary.py", line 165, in make_mesh
    mesh_pts, mesh_lc, mesh_reg = gs_mesh.build_mesh()
                                  ^^^^^^^^^^^^^^^^^^^^
  File "/home/nl2951/OpenFUSIONToolkit/install_release/python/OpenFUSIONToolkit/TokaMaker/meshing.py", line 628, in build_mesh
    raise ValueError('Meshing error: unclaimed region detected!')
ValueError: Meshing error: unclaimed region detected!

2026-06-09 12:51:16,954 pid=567318 weight_fb=1.00e-04 params=[170.      10.      96.5161  10.     170.       0.4751   0.5751   0.8149
   1.       0.8316]
Traceback (most recent call last):
  File "/home/nl2951/alfven/PF_location_optimization/opt_comp_combined_boundary.py", line 185, in _free_boundary_cost
    make_mesh(scan_geom, mesh_file, lim)
  File "/home/nl2951/alfven/PF_location_optimization/opt_comp_combined_boundary.py", line 165, in make_mesh
    mesh_pts, mesh_lc, mesh_reg = gs_mesh.build_mesh()
                                  ^^^^^^^^^^^^^^^^^^^^
  File "/home/nl2951/OpenFUSIONToolkit/install_release/python/OpenFUSIONToolkit/TokaMaker/meshing.py", line 628, in build_mesh
    raise ValueError('Meshing error: unclaimed region detected!')
ValueError: Meshing error: unclaimed region detected!

2026-06-09 12:51:51,252 pid=567318 weight_fb=1.00e-04 params=[170.      10.      96.5161  10.     170.       0.4751   0.5751   0.8149
   1.       0.8316]
Traceback (most recent call last):
  File "/home/nl2951/alfven/PF_location_optimization/opt_comp_combined_boundary.py", line 185, in _free_boundary_cost
    make_mesh(scan_geom, mesh_file, lim)
  File "/home/nl2951/alfven/PF_location_optimization/opt_comp_combined_boundary.py", line 165, in make_mesh
    mesh_pts, mesh_lc, mesh_reg = gs_mesh.build_mesh()
                                  ^^^^^^^^^^^^^^^^^^^^
  File "/home/nl2951/OpenFUSIONToolkit/install_release/python/OpenFUSIONToolkit/TokaMaker/meshing.py", line 628, in build_mesh
    raise ValueError('Meshing error: unclaimed region detected!')
ValueError: Meshing error: unclaimed region detected!

2026-06-09 12:52:25,357 pid=567318 weight_fb=1.00e-04 params=[170.      10.      96.5161  10.     170.       0.4751   0.5751   0.8149
   1.       0.8316]
Traceback (most recent call last):
  File "/home/nl2951/alfven/PF_location_optimization/opt_comp_combined_boundary.py", line 185, in _free_boundary_cost
    make_mesh(scan_geom, mesh_file, lim)
  File "/home/nl2951/alfven/PF_location_optimization/opt_comp_combined_boundary.py", line 165, in make_mesh
    mesh_pts, mesh_lc, mesh_reg = gs_mesh.build_mesh()
                                  ^^^^^^^^^^^^^^^^^^^^
  File "/home/nl2951/OpenFUSIONToolkit/install_release/python/OpenFUSIONToolkit/TokaMaker/meshing.py", line 628, in build_mesh
    raise ValueError('Meshing error: unclaimed region detected!')
ValueError: Meshing error: unclaimed region detected!

2026-06-09 12:52:59,269 pid=567318 weight_fb=1.00e-04 params=[170.      10.      96.5161  10.     170.       0.4751   0.5751   0.8149
   1.       0.8316]
Traceback (most recent call last):
  File "/home/nl2951/alfven/PF_location_optimization/opt_comp_combined_boundary.py", line 185, in _free_boundary_cost
    make_mesh(scan_geom, mesh_file, lim)
  File "/home/nl2951/alfven/PF_location_optimization/opt_comp_combined_boundary.py", line 165, in make_mesh
    mesh_pts, mesh_lc, mesh_reg = gs_mesh.build_mesh()
                                  ^^^^^^^^^^^^^^^^^^^^
  File "/home/nl2951/OpenFUSIONToolkit/install_release/python/OpenFUSIONToolkit/TokaMaker/meshing.py", line 628, in build_mesh
    raise ValueError('Meshing error: unclaimed region detected!')
ValueError: Meshing error: unclaimed region detected!

2026-06-09 12:53:33,667 pid=567318 weight_fb=1.00e-04 params=[170.      10.      96.5161  10.     170.       0.4751   0.5751   0.8149
   1.       0.8316]
Traceback (most recent call last):
  File "/home/nl2951/alfven/PF_location_optimization/opt_comp_combined_boundary.py", line 185, in _free_boundary_cost
    make_mesh(scan_geom, mesh_file, lim)
  File "/home/nl2951/alfven/PF_location_optimization/opt_comp_combined_boundary.py", line 165, in make_mesh
    mesh_pts, mesh_lc, mesh_reg = gs_mesh.build_mesh()
                                  ^^^^^^^^^^^^^^^^^^^^
  File "/home/nl2951/OpenFUSIONToolkit/install_release/python/OpenFUSIONToolkit/TokaMaker/meshing.py", line 628, in build_mesh
    raise ValueError('Meshing error: unclaimed region detected!')
ValueError: Meshing error: unclaimed region detected!

2026-06-09 12:54:08,436 pid=567318 weight_fb=1.00e-04 params=[170.      10.      96.5161  10.     170.       0.4751   0.5751   0.8149
   1.       0.8316]
Traceback (most recent call last):
  File "/home/nl2951/alfven/PF_location_optimization/opt_comp_combined_boundary.py", line 185, in _free_boundary_cost
    make_mesh(scan_geom, mesh_file, lim)
  File "/home/nl2951/alfven/PF_location_optimization/opt_comp_combined_boundary.py", line 165, in make_mesh
    mesh_pts, mesh_lc, mesh_reg = gs_mesh.build_mesh()
                                  ^^^^^^^^^^^^^^^^^^^^
  File "/home/nl2951/OpenFUSIONToolkit/install_release/python/OpenFUSIONToolkit/TokaMaker/meshing.py", line 628, in build_mesh
    raise ValueError('Meshing error: unclaimed region detected!')
ValueError: Meshing error: unclaimed region detected!

2026-06-09 12:54:41,914 pid=567318 weight_fb=1.00e-04 params=[170.      10.      96.5161  10.     170.       0.4751   0.5751   0.8149
   1.       0.8316]
Traceback (most recent call last):
  File "/home/nl2951/alfven/PF_location_optimization/opt_comp_combined_boundary.py", line 185, in _free_boundary_cost
    make_mesh(scan_geom, mesh_file, lim)
  File "/home/nl2951/alfven/PF_location_optimization/opt_comp_combined_boundary.py", line 165, in make_mesh
    mesh_pts, mesh_lc, mesh_reg = gs_mesh.build_mesh()
                                  ^^^^^^^^^^^^^^^^^^^^
  File "/home/nl2951/OpenFUSIONToolkit/install_release/python/OpenFUSIONToolkit/TokaMaker/meshing.py", line 628, in build_mesh
    raise ValueError('Meshing error: unclaimed region detected!')
ValueError: Meshing error: unclaimed region detected!

2026-06-09 12:55:16,210 pid=567318 weight_fb=1.00e-04 params=[170.      10.      96.5161  10.     170.       0.4751   0.5751   0.8149
   1.       0.8316]
Traceback (most recent call last):
  File "/home/nl2951/alfven/PF_location_optimization/opt_comp_combined_boundary.py", line 185, in _free_boundary_cost
    make_mesh(scan_geom, mesh_file, lim)
  File "/home/nl2951/alfven/PF_location_optimization/opt_comp_combined_boundary.py", line 165, in make_mesh
    mesh_pts, mesh_lc, mesh_reg = gs_mesh.build_mesh()
                                  ^^^^^^^^^^^^^^^^^^^^
  File "/home/nl2951/OpenFUSIONToolkit/install_release/python/OpenFUSIONToolkit/TokaMaker/meshing.py", line 628, in build_mesh
    raise ValueError('Meshing error: unclaimed region detected!')
ValueError: Meshing error: unclaimed region detected!

2026-06-09 12:55:50,777 pid=567318 weight_fb=1.00e-04 params=[170.      10.      96.5161  10.     170.       0.4751   0.5751   0.8149
   1.       0.8316]
Traceback (most recent call last):
  File "/home/nl2951/alfven/PF_location_optimization/opt_comp_combined_boundary.py", line 185, in _free_boundary_cost
    make_mesh(scan_geom, mesh_file, lim)
  File "/home/nl2951/alfven/PF_location_optimization/opt_comp_combined_boundary.py", line 165, in make_mesh
    mesh_pts, mesh_lc, mesh_reg = gs_mesh.build_mesh()
                                  ^^^^^^^^^^^^^^^^^^^^
  File "/home/nl2951/OpenFUSIONToolkit/install_release/python/OpenFUSIONToolkit/TokaMaker/meshing.py", line 628, in build_mesh
    raise ValueError('Meshing error: unclaimed region detected!')
ValueError: Meshing error: unclaimed region detected!

2026-06-09 12:56:24,535 pid=567318 weight_fb=1.00e-04 params=[170.      10.      96.5161  10.     170.       0.4751   0.5751   0.8149
   1.       0.8316]
Traceback (most recent call last):
  File "/home/nl2951/alfven/PF_location_optimization/opt_comp_combined_boundary.py", line 185, in _free_boundary_cost
    make_mesh(scan_geom, mesh_file, lim)
  File "/home/nl2951/alfven/PF_location_optimization/opt_comp_combined_boundary.py", line 165, in make_mesh
    mesh_pts, mesh_lc, mesh_reg = gs_mesh.build_mesh()
                                  ^^^^^^^^^^^^^^^^^^^^
  File "/home/nl2951/OpenFUSIONToolkit/install_release/python/OpenFUSIONToolkit/TokaMaker/meshing.py", line 628, in build_mesh
    raise ValueError('Meshing error: unclaimed region detected!')
ValueError: Meshing error: unclaimed region detected!

2026-06-09 12:56:58,168 pid=567318 weight_fb=1.00e-04 params=[170.      10.      96.5161  10.     170.       0.4751   0.5751   0.8149
   1.       0.8316]
Traceback (most recent call last):
  File "/home/nl2951/alfven/PF_location_optimization/opt_comp_combined_boundary.py", line 185, in _free_boundary_cost
    make_mesh(scan_geom, mesh_file, lim)
  File "/home/nl2951/alfven/PF_location_optimization/opt_comp_combined_boundary.py", line 165, in make_mesh
    mesh_pts, mesh_lc, mesh_reg = gs_mesh.build_mesh()
                                  ^^^^^^^^^^^^^^^^^^^^
  File "/home/nl2951/OpenFUSIONToolkit/install_release/python/OpenFUSIONToolkit/TokaMaker/meshing.py", line 628, in build_mesh
    raise ValueError('Meshing error: unclaimed region detected!')
ValueError: Meshing error: unclaimed region detected!

2026-06-09 12:57:32,211 pid=567318 weight_fb=1.00e-04 params=[170.      10.      96.5161  10.     170.       0.4751   0.5751   0.8149
   1.       0.8316]
Traceback (most recent call last):
  File "/home/nl2951/alfven/PF_location_optimization/opt_comp_combined_boundary.py", line 185, in _free_boundary_cost
    make_mesh(scan_geom, mesh_file, lim)
  File "/home/nl2951/alfven/PF_location_optimization/opt_comp_combined_boundary.py", line 165, in make_mesh
    mesh_pts, mesh_lc, mesh_reg = gs_mesh.build_mesh()
                                  ^^^^^^^^^^^^^^^^^^^^
  File "/home/nl2951/OpenFUSIONToolkit/install_release/python/OpenFUSIONToolkit/TokaMaker/meshing.py", line 628, in build_mesh
    raise ValueError('Meshing error: unclaimed region detected!')
ValueError: Meshing error: unclaimed region detected!

2026-06-09 12:58:07,144 pid=567318 weight_fb=1.00e-04 params=[170.      10.      96.5161  10.     170.       0.4751   0.5751   0.8149
   1.       0.8316]
Traceback (most recent call last):
  File "/home/nl2951/alfven/PF_location_optimization/opt_comp_combined_boundary.py", line 185, in _free_boundary_cost
    make_mesh(scan_geom, mesh_file, lim)
  File "/home/nl2951/alfven/PF_location_optimization/opt_comp_combined_boundary.py", line 165, in make_mesh
    mesh_pts, mesh_lc, mesh_reg = gs_mesh.build_mesh()
                                  ^^^^^^^^^^^^^^^^^^^^
  File "/home/nl2951/OpenFUSIONToolkit/install_release/python/OpenFUSIONToolkit/TokaMaker/meshing.py", line 628, in build_mesh
    raise ValueError('Meshing error: unclaimed region detected!')
ValueError: Meshing error: unclaimed region detected!

2026-06-09 12:58:41,338 pid=567318 weight_fb=1.00e-04 params=[170.      10.      96.5161  10.     170.       0.4751   0.5751   0.8149
   1.       0.8316]
Traceback (most recent call last):
  File "/home/nl2951/alfven/PF_location_optimization/opt_comp_combined_boundary.py", line 185, in _free_boundary_cost
    make_mesh(scan_geom, mesh_file, lim)
  File "/home/nl2951/alfven/PF_location_optimization/opt_comp_combined_boundary.py", line 165, in make_mesh
    mesh_pts, mesh_lc, mesh_reg = gs_mesh.build_mesh()
                                  ^^^^^^^^^^^^^^^^^^^^
  File "/home/nl2951/OpenFUSIONToolkit/install_release/python/OpenFUSIONToolkit/TokaMaker/meshing.py", line 628, in build_mesh
    raise ValueError('Meshing error: unclaimed region detected!')
ValueError: Meshing error: unclaimed region detected!

2026-06-09 12:59:15,562 pid=567318 weight_fb=1.00e-04 params=[170.      10.      96.5161  10.     170.       0.4751   0.5751   0.8149
   1.       0.8316]
Traceback (most recent call last):
  File "/home/nl2951/alfven/PF_location_optimization/opt_comp_combined_boundary.py", line 185, in _free_boundary_cost
    make_mesh(scan_geom, mesh_file, lim)
  File "/home/nl2951/alfven/PF_location_optimization/opt_comp_combined_boundary.py", line 165, in make_mesh
    mesh_pts, mesh_lc, mesh_reg = gs_mesh.build_mesh()
                                  ^^^^^^^^^^^^^^^^^^^^
  File "/home/nl2951/OpenFUSIONToolkit/install_release/python/OpenFUSIONToolkit/TokaMaker/meshing.py", line 628, in build_mesh
    raise ValueError('Meshing error: unclaimed region detected!')
ValueError: Meshing error: unclaimed region detected!

2026-06-09 12:59:50,108 pid=567318 weight_fb=1.00e-04 params=[170.      10.      96.5161  10.     170.       0.4751   0.5751   0.8149
   1.       0.8316]
Traceback (most recent call last):
  File "/home/nl2951/alfven/PF_location_optimization/opt_comp_combined_boundary.py", line 185, in _free_boundary_cost
    make_mesh(scan_geom, mesh_file, lim)
  File "/home/nl2951/alfven/PF_location_optimization/opt_comp_combined_boundary.py", line 165, in make_mesh
    mesh_pts, mesh_lc, mesh_reg = gs_mesh.build_mesh()
                                  ^^^^^^^^^^^^^^^^^^^^
  File "/home/nl2951/OpenFUSIONToolkit/install_release/python/OpenFUSIONToolkit/TokaMaker/meshing.py", line 628, in build_mesh
    raise ValueError('Meshing error: unclaimed region detected!')
ValueError: Meshing error: unclaimed region detected!

2026-06-09 13:00:24,984 pid=567318 weight_fb=1.00e-04 params=[170.      10.      96.5161  10.     170.       0.4751   0.5751   0.8149
   1.       0.8316]
Traceback (most recent call last):
  File "/home/nl2951/alfven/PF_location_optimization/opt_comp_combined_boundary.py", line 185, in _free_boundary_cost
    make_mesh(scan_geom, mesh_file, lim)
  File "/home/nl2951/alfven/PF_location_optimization/opt_comp_combined_boundary.py", line 165, in make_mesh
    mesh_pts, mesh_lc, mesh_reg = gs_mesh.build_mesh()
                                  ^^^^^^^^^^^^^^^^^^^^
  File "/home/nl2951/OpenFUSIONToolkit/install_release/python/OpenFUSIONToolkit/TokaMaker/meshing.py", line 628, in build_mesh
    raise ValueError('Meshing error: unclaimed region detected!')
ValueError: Meshing error: unclaimed region detected!

2026-06-09 13:00:59,564 pid=567318 weight_fb=1.00e-04 params=[170.      10.      96.5161  10.     170.       0.4751   0.5751   0.8149
   1.       0.8316]
Traceback (most recent call last):
  File "/home/nl2951/alfven/PF_location_optimization/opt_comp_combined_boundary.py", line 185, in _free_boundary_cost
    make_mesh(scan_geom, mesh_file, lim)
  File "/home/nl2951/alfven/PF_location_optimization/opt_comp_combined_boundary.py", line 165, in make_mesh
    mesh_pts, mesh_lc, mesh_reg = gs_mesh.build_mesh()
                                  ^^^^^^^^^^^^^^^^^^^^
  File "/home/nl2951/OpenFUSIONToolkit/install_release/python/OpenFUSIONToolkit/TokaMaker/meshing.py", line 628, in build_mesh
    raise ValueError('Meshing error: unclaimed region detected!')
ValueError: Meshing error: unclaimed region detected!

2026-06-09 13:01:33,889 pid=567318 weight_fb=1.00e-04 params=[170.      10.      96.5161  10.     170.       0.4751   0.5751   0.8149
   1.       0.8316]
Traceback (most recent call last):
  File "/home/nl2951/alfven/PF_location_optimization/opt_comp_combined_boundary.py", line 185, in _free_boundary_cost
    make_mesh(scan_geom, mesh_file, lim)
  File "/home/nl2951/alfven/PF_location_optimization/opt_comp_combined_boundary.py", line 165, in make_mesh
    mesh_pts, mesh_lc, mesh_reg = gs_mesh.build_mesh()
                                  ^^^^^^^^^^^^^^^^^^^^
  File "/home/nl2951/OpenFUSIONToolkit/install_release/python/OpenFUSIONToolkit/TokaMaker/meshing.py", line 628, in build_mesh
    raise ValueError('Meshing error: unclaimed region detected!')
ValueError: Meshing error: unclaimed region detected!

2026-06-09 13:02:08,085 pid=567318 weight_fb=1.00e-04 params=[170.      10.      96.5161  10.     170.       0.4751   0.5751   0.8149
   1.       0.8316]
Traceback (most recent call last):
  File "/home/nl2951/alfven/PF_location_optimization/opt_comp_combined_boundary.py", line 185, in _free_boundary_cost
    make_mesh(scan_geom, mesh_file, lim)
  File "/home/nl2951/alfven/PF_location_optimization/opt_comp_combined_boundary.py", line 165, in make_mesh
    mesh_pts, mesh_lc, mesh_reg = gs_mesh.build_mesh()
                                  ^^^^^^^^^^^^^^^^^^^^
  File "/home/nl2951/OpenFUSIONToolkit/install_release/python/OpenFUSIONToolkit/TokaMaker/meshing.py", line 628, in build_mesh
    raise ValueError('Meshing error: unclaimed region detected!')
ValueError: Meshing error: unclaimed region detected!

2026-06-09 13:02:42,029 pid=567318 weight_fb=1.00e-04 params=[170.      10.      96.5161  10.     170.       0.4751   0.5751   0.8149
   1.       0.8316]
Traceback (most recent call last):
  File "/home/nl2951/alfven/PF_location_optimization/opt_comp_combined_boundary.py", line 185, in _free_boundary_cost
    make_mesh(scan_geom, mesh_file, lim)
  File "/home/nl2951/alfven/PF_location_optimization/opt_comp_combined_boundary.py", line 165, in make_mesh
    mesh_pts, mesh_lc, mesh_reg = gs_mesh.build_mesh()
                                  ^^^^^^^^^^^^^^^^^^^^
  File "/home/nl2951/OpenFUSIONToolkit/install_release/python/OpenFUSIONToolkit/TokaMaker/meshing.py", line 628, in build_mesh
    raise ValueError('Meshing error: unclaimed region detected!')
ValueError: Meshing error: unclaimed region detected!

2026-06-09 13:03:16,194 pid=567318 weight_fb=1.00e-04 params=[170.      10.      96.5161  10.     170.       0.4751   0.5751   0.8149
   1.       0.8316]
Traceback (most recent call last):
  File "/home/nl2951/alfven/PF_location_optimization/opt_comp_combined_boundary.py", line 185, in _free_boundary_cost
    make_mesh(scan_geom, mesh_file, lim)
  File "/home/nl2951/alfven/PF_location_optimization/opt_comp_combined_boundary.py", line 165, in make_mesh
    mesh_pts, mesh_lc, mesh_reg = gs_mesh.build_mesh()
                                  ^^^^^^^^^^^^^^^^^^^^
  File "/home/nl2951/OpenFUSIONToolkit/install_release/python/OpenFUSIONToolkit/TokaMaker/meshing.py", line 628, in build_mesh
    raise ValueError('Meshing error: unclaimed region detected!')
ValueError: Meshing error: unclaimed region detected!

2026-06-09 13:03:50,944 pid=567318 weight_fb=1.00e-04 params=[170.      10.      96.5161  10.     170.       0.4751   0.5751   0.8149
   1.       0.8316]
Traceback (most recent call last):
  File "/home/nl2951/alfven/PF_location_optimization/opt_comp_combined_boundary.py", line 185, in _free_boundary_cost
    make_mesh(scan_geom, mesh_file, lim)
  File "/home/nl2951/alfven/PF_location_optimization/opt_comp_combined_boundary.py", line 165, in make_mesh
    mesh_pts, mesh_lc, mesh_reg = gs_mesh.build_mesh()
                                  ^^^^^^^^^^^^^^^^^^^^
  File "/home/nl2951/OpenFUSIONToolkit/install_release/python/OpenFUSIONToolkit/TokaMaker/meshing.py", line 628, in build_mesh
    raise ValueError('Meshing error: unclaimed region detected!')
ValueError: Meshing error: unclaimed region detected!

2026-06-09 13:04:25,143 pid=567318 weight_fb=1.00e-04 params=[170.      10.      96.5161  10.     170.       0.4751   0.5751   0.8149
   1.       0.8316]
Traceback (most recent call last):
  File "/home/nl2951/alfven/PF_location_optimization/opt_comp_combined_boundary.py", line 185, in _free_boundary_cost
    make_mesh(scan_geom, mesh_file, lim)
  File "/home/nl2951/alfven/PF_location_optimization/opt_comp_combined_boundary.py", line 165, in make_mesh
    mesh_pts, mesh_lc, mesh_reg = gs_mesh.build_mesh()
                                  ^^^^^^^^^^^^^^^^^^^^
  File "/home/nl2951/OpenFUSIONToolkit/install_release/python/OpenFUSIONToolkit/TokaMaker/meshing.py", line 628, in build_mesh
    raise ValueError('Meshing error: unclaimed region detected!')
ValueError: Meshing error: unclaimed region detected!

2026-06-09 13:04:59,651 pid=567318 weight_fb=1.00e-04 params=[170.      10.      96.5161  10.     170.       0.4751   0.5751   0.8149
   1.       0.8316]
Traceback (most recent call last):
  File "/home/nl2951/alfven/PF_location_optimization/opt_comp_combined_boundary.py", line 185, in _free_boundary_cost
    make_mesh(scan_geom, mesh_file, lim)
  File "/home/nl2951/alfven/PF_location_optimization/opt_comp_combined_boundary.py", line 165, in make_mesh
    mesh_pts, mesh_lc, mesh_reg = gs_mesh.build_mesh()
                                  ^^^^^^^^^^^^^^^^^^^^
  File "/home/nl2951/OpenFUSIONToolkit/install_release/python/OpenFUSIONToolkit/TokaMaker/meshing.py", line 628, in build_mesh
    raise ValueError('Meshing error: unclaimed region detected!')
ValueError: Meshing error: unclaimed region detected!

2026-06-09 13:05:34,672 pid=567318 weight_fb=1.00e-04 params=[170.      10.      96.5161  10.     170.       0.4751   0.5751   0.8149
   1.       0.8316]
Traceback (most recent call last):
  File "/home/nl2951/alfven/PF_location_optimization/opt_comp_combined_boundary.py", line 185, in _free_boundary_cost
    make_mesh(scan_geom, mesh_file, lim)
  File "/home/nl2951/alfven/PF_location_optimization/opt_comp_combined_boundary.py", line 165, in make_mesh
    mesh_pts, mesh_lc, mesh_reg = gs_mesh.build_mesh()
                                  ^^^^^^^^^^^^^^^^^^^^
  File "/home/nl2951/OpenFUSIONToolkit/install_release/python/OpenFUSIONToolkit/TokaMaker/meshing.py", line 628, in build_mesh
    raise ValueError('Meshing error: unclaimed region detected!')
ValueError: Meshing error: unclaimed region detected!

2026-06-09 13:06:09,116 pid=567318 weight_fb=1.00e-04 params=[170.      10.      96.5161  10.     170.       0.4751   0.5751   0.8149
   1.       0.8316]
Traceback (most recent call last):
  File "/home/nl2951/alfven/PF_location_optimization/opt_comp_combined_boundary.py", line 185, in _free_boundary_cost
    make_mesh(scan_geom, mesh_file, lim)
  File "/home/nl2951/alfven/PF_location_optimization/opt_comp_combined_boundary.py", line 165, in make_mesh
    mesh_pts, mesh_lc, mesh_reg = gs_mesh.build_mesh()
                                  ^^^^^^^^^^^^^^^^^^^^
  File "/home/nl2951/OpenFUSIONToolkit/install_release/python/OpenFUSIONToolkit/TokaMaker/meshing.py", line 628, in build_mesh
    raise ValueError('Meshing error: unclaimed region detected!')
ValueError: Meshing error: unclaimed region detected!

2026-06-09 13:06:43,305 pid=567318 weight_fb=1.00e-04 params=[170.      10.      96.5161  10.     170.       0.4751   0.5751   0.8149
   1.       0.8316]
Traceback (most recent call last):
  File "/home/nl2951/alfven/PF_location_optimization/opt_comp_combined_boundary.py", line 185, in _free_boundary_cost
    make_mesh(scan_geom, mesh_file, lim)
  File "/home/nl2951/alfven/PF_location_optimization/opt_comp_combined_boundary.py", line 165, in make_mesh
    mesh_pts, mesh_lc, mesh_reg = gs_mesh.build_mesh()
                                  ^^^^^^^^^^^^^^^^^^^^
  File "/home/nl2951/OpenFUSIONToolkit/install_release/python/OpenFUSIONToolkit/TokaMaker/meshing.py", line 628, in build_mesh
    raise ValueError('Meshing error: unclaimed region detected!')
ValueError: Meshing error: unclaimed region detected!

2026-06-09 13:07:17,785 pid=567318 weight_fb=1.00e-04 params=[170.      10.      96.5161  10.     170.       0.4751   0.5751   0.8149
   1.       0.8316]
Traceback (most recent call last):
  File "/home/nl2951/alfven/PF_location_optimization/opt_comp_combined_boundary.py", line 185, in _free_boundary_cost
    make_mesh(scan_geom, mesh_file, lim)
  File "/home/nl2951/alfven/PF_location_optimization/opt_comp_combined_boundary.py", line 165, in make_mesh
    mesh_pts, mesh_lc, mesh_reg = gs_mesh.build_mesh()
                                  ^^^^^^^^^^^^^^^^^^^^
  File "/home/nl2951/OpenFUSIONToolkit/install_release/python/OpenFUSIONToolkit/TokaMaker/meshing.py", line 628, in build_mesh
    raise ValueError('Meshing error: unclaimed region detected!')
ValueError: Meshing error: unclaimed region detected!

2026-06-09 13:07:52,013 pid=567318 weight_fb=1.00e-04 params=[170.      10.      96.5161  10.     170.       0.4751   0.5751   0.8149
   1.       0.8316]
Traceback (most recent call last):
  File "/home/nl2951/alfven/PF_location_optimization/opt_comp_combined_boundary.py", line 185, in _free_boundary_cost
    make_mesh(scan_geom, mesh_file, lim)
  File "/home/nl2951/alfven/PF_location_optimization/opt_comp_combined_boundary.py", line 165, in make_mesh
    mesh_pts, mesh_lc, mesh_reg = gs_mesh.build_mesh()
                                  ^^^^^^^^^^^^^^^^^^^^
  File "/home/nl2951/OpenFUSIONToolkit/install_release/python/OpenFUSIONToolkit/TokaMaker/meshing.py", line 628, in build_mesh
    raise ValueError('Meshing error: unclaimed region detected!')
ValueError: Meshing error: unclaimed region detected!

2026-06-09 13:08:27,199 pid=567318 weight_fb=1.00e-04 params=[170.      10.      96.5161  10.     170.       0.4751   0.5751   0.8149
   1.       0.8316]
Traceback (most recent call last):
  File "/home/nl2951/alfven/PF_location_optimization/opt_comp_combined_boundary.py", line 185, in _free_boundary_cost
    make_mesh(scan_geom, mesh_file, lim)
  File "/home/nl2951/alfven/PF_location_optimization/opt_comp_combined_boundary.py", line 165, in make_mesh
    mesh_pts, mesh_lc, mesh_reg = gs_mesh.build_mesh()
                                  ^^^^^^^^^^^^^^^^^^^^
  File "/home/nl2951/OpenFUSIONToolkit/install_release/python/OpenFUSIONToolkit/TokaMaker/meshing.py", line 628, in build_mesh
    raise ValueError('Meshing error: unclaimed region detected!')
ValueError: Meshing error: unclaimed region detected!

2026-06-09 13:09:01,490 pid=567318 weight_fb=1.00e-04 params=[170.      10.      96.5161  10.     170.       0.4751   0.5751   0.8149
   1.       0.8316]
Traceback (most recent call last):
  File "/home/nl2951/alfven/PF_location_optimization/opt_comp_combined_boundary.py", line 185, in _free_boundary_cost
    make_mesh(scan_geom, mesh_file, lim)
  File "/home/nl2951/alfven/PF_location_optimization/opt_comp_combined_boundary.py", line 165, in make_mesh
    mesh_pts, mesh_lc, mesh_reg = gs_mesh.build_mesh()
                                  ^^^^^^^^^^^^^^^^^^^^
  File "/home/nl2951/OpenFUSIONToolkit/install_release/python/OpenFUSIONToolkit/TokaMaker/meshing.py", line 628, in build_mesh
    raise ValueError('Meshing error: unclaimed region detected!')
ValueError: Meshing error: unclaimed region detected!

2026-06-09 13:09:35,850 pid=567318 weight_fb=1.00e-04 params=[170.      10.      96.5161  10.     170.       0.4751   0.5751   0.8149
   1.       0.8316]
Traceback (most recent call last):
  File "/home/nl2951/alfven/PF_location_optimization/opt_comp_combined_boundary.py", line 185, in _free_boundary_cost
    make_mesh(scan_geom, mesh_file, lim)
  File "/home/nl2951/alfven/PF_location_optimization/opt_comp_combined_boundary.py", line 165, in make_mesh
    mesh_pts, mesh_lc, mesh_reg = gs_mesh.build_mesh()
                                  ^^^^^^^^^^^^^^^^^^^^
  File "/home/nl2951/OpenFUSIONToolkit/install_release/python/OpenFUSIONToolkit/TokaMaker/meshing.py", line 628, in build_mesh
    raise ValueError('Meshing error: unclaimed region detected!')
ValueError: Meshing error: unclaimed region detected!

2026-06-09 13:10:10,125 pid=567318 weight_fb=1.00e-04 params=[170.      10.      96.5161  10.     170.       0.4751   0.5751   0.8149
   1.       0.8316]
Traceback (most recent call last):
  File "/home/nl2951/alfven/PF_location_optimization/opt_comp_combined_boundary.py", line 185, in _free_boundary_cost
    make_mesh(scan_geom, mesh_file, lim)
  File "/home/nl2951/alfven/PF_location_optimization/opt_comp_combined_boundary.py", line 165, in make_mesh
    mesh_pts, mesh_lc, mesh_reg = gs_mesh.build_mesh()
                                  ^^^^^^^^^^^^^^^^^^^^
  File "/home/nl2951/OpenFUSIONToolkit/install_release/python/OpenFUSIONToolkit/TokaMaker/meshing.py", line 628, in build_mesh
    raise ValueError('Meshing error: unclaimed region detected!')
ValueError: Meshing error: unclaimed region detected!

2026-06-09 13:10:44,041 pid=567318 weight_fb=1.00e-04 params=[170.      10.      96.5161  10.     170.       0.4751   0.5751   0.8149
   1.       0.8316]
Traceback (most recent call last):
  File "/home/nl2951/alfven/PF_location_optimization/opt_comp_combined_boundary.py", line 185, in _free_boundary_cost
    make_mesh(scan_geom, mesh_file, lim)
  File "/home/nl2951/alfven/PF_location_optimization/opt_comp_combined_boundary.py", line 165, in make_mesh
    mesh_pts, mesh_lc, mesh_reg = gs_mesh.build_mesh()
                                  ^^^^^^^^^^^^^^^^^^^^
  File "/home/nl2951/OpenFUSIONToolkit/install_release/python/OpenFUSIONToolkit/TokaMaker/meshing.py", line 628, in build_mesh
    raise ValueError('Meshing error: unclaimed region detected!')
ValueError: Meshing error: unclaimed region detected!

2026-06-09 13:11:17,996 pid=567318 weight_fb=1.00e-04 params=[170.      10.      96.5161  10.     170.       0.4751   0.5751   0.8149
   1.       0.8316]
Traceback (most recent call last):
  File "/home/nl2951/alfven/PF_location_optimization/opt_comp_combined_boundary.py", line 185, in _free_boundary_cost
    make_mesh(scan_geom, mesh_file, lim)
  File "/home/nl2951/alfven/PF_location_optimization/opt_comp_combined_boundary.py", line 165, in make_mesh
    mesh_pts, mesh_lc, mesh_reg = gs_mesh.build_mesh()
                                  ^^^^^^^^^^^^^^^^^^^^
  File "/home/nl2951/OpenFUSIONToolkit/install_release/python/OpenFUSIONToolkit/TokaMaker/meshing.py", line 628, in build_mesh
    raise ValueError('Meshing error: unclaimed region detected!')
ValueError: Meshing error: unclaimed region detected!

2026-06-09 13:11:52,934 pid=567318 weight_fb=1.00e-04 params=[170.      10.      96.5161  10.     170.       0.4751   0.5751   0.8149
   1.       0.8316]
Traceback (most recent call last):
  File "/home/nl2951/alfven/PF_location_optimization/opt_comp_combined_boundary.py", line 185, in _free_boundary_cost
    make_mesh(scan_geom, mesh_file, lim)
  File "/home/nl2951/alfven/PF_location_optimization/opt_comp_combined_boundary.py", line 165, in make_mesh
    mesh_pts, mesh_lc, mesh_reg = gs_mesh.build_mesh()
                                  ^^^^^^^^^^^^^^^^^^^^
  File "/home/nl2951/OpenFUSIONToolkit/install_release/python/OpenFUSIONToolkit/TokaMaker/meshing.py", line 628, in build_mesh
    raise ValueError('Meshing error: unclaimed region detected!')
ValueError: Meshing error: unclaimed region detected!

2026-06-09 13:12:27,251 pid=567318 weight_fb=1.00e-04 params=[170.      10.      96.5161  10.     170.       0.4751   0.5751   0.8149
   1.       0.8316]
Traceback (most recent call last):
  File "/home/nl2951/alfven/PF_location_optimization/opt_comp_combined_boundary.py", line 185, in _free_boundary_cost
    make_mesh(scan_geom, mesh_file, lim)
  File "/home/nl2951/alfven/PF_location_optimization/opt_comp_combined_boundary.py", line 165, in make_mesh
    mesh_pts, mesh_lc, mesh_reg = gs_mesh.build_mesh()
                                  ^^^^^^^^^^^^^^^^^^^^
  File "/home/nl2951/OpenFUSIONToolkit/install_release/python/OpenFUSIONToolkit/TokaMaker/meshing.py", line 628, in build_mesh
    raise ValueError('Meshing error: unclaimed region detected!')
ValueError: Meshing error: unclaimed region detected!

2026-06-09 13:13:01,087 pid=567318 weight_fb=1.00e-04 params=[170.      10.      96.5161  10.     170.       0.4751   0.5751   0.8149
   1.       0.8316]
Traceback (most recent call last):
  File "/home/nl2951/alfven/PF_location_optimization/opt_comp_combined_boundary.py", line 185, in _free_boundary_cost
    make_mesh(scan_geom, mesh_file, lim)
  File "/home/nl2951/alfven/PF_location_optimization/opt_comp_combined_boundary.py", line 165, in make_mesh
    mesh_pts, mesh_lc, mesh_reg = gs_mesh.build_mesh()
                                  ^^^^^^^^^^^^^^^^^^^^
  File "/home/nl2951/OpenFUSIONToolkit/install_release/python/OpenFUSIONToolkit/TokaMaker/meshing.py", line 628, in build_mesh
    raise ValueError('Meshing error: unclaimed region detected!')
ValueError: Meshing error: unclaimed region detected!

2026-06-09 13:13:34,924 pid=567318 weight_fb=1.00e-04 params=[170.      10.      96.5161  10.     170.       0.4751   0.5751   0.8149
   1.       0.8316]
Traceback (most recent call last):
  File "/home/nl2951/alfven/PF_location_optimization/opt_comp_combined_boundary.py", line 185, in _free_boundary_cost
    make_mesh(scan_geom, mesh_file, lim)
  File "/home/nl2951/alfven/PF_location_optimization/opt_comp_combined_boundary.py", line 165, in make_mesh
    mesh_pts, mesh_lc, mesh_reg = gs_mesh.build_mesh()
                                  ^^^^^^^^^^^^^^^^^^^^
  File "/home/nl2951/OpenFUSIONToolkit/install_release/python/OpenFUSIONToolkit/TokaMaker/meshing.py", line 628, in build_mesh
    raise ValueError('Meshing error: unclaimed region detected!')
ValueError: Meshing error: unclaimed region detected!

2026-06-09 13:14:08,822 pid=567318 weight_fb=1.00e-04 params=[170.      10.      96.5161  10.     170.       0.4751   0.5751   0.8149
   1.       0.8316]
Traceback (most recent call last):
  File "/home/nl2951/alfven/PF_location_optimization/opt_comp_combined_boundary.py", line 185, in _free_boundary_cost
    make_mesh(scan_geom, mesh_file, lim)
  File "/home/nl2951/alfven/PF_location_optimization/opt_comp_combined_boundary.py", line 165, in make_mesh
    mesh_pts, mesh_lc, mesh_reg = gs_mesh.build_mesh()
                                  ^^^^^^^^^^^^^^^^^^^^
  File "/home/nl2951/OpenFUSIONToolkit/install_release/python/OpenFUSIONToolkit/TokaMaker/meshing.py", line 628, in build_mesh
    raise ValueError('Meshing error: unclaimed region detected!')
ValueError: Meshing error: unclaimed region detected!

2026-06-09 13:14:42,630 pid=567318 weight_fb=1.00e-04 params=[170.      10.      96.5161  10.     170.       0.4751   0.5751   0.8149
   1.       0.8316]
Traceback (most recent call last):
  File "/home/nl2951/alfven/PF_location_optimization/opt_comp_combined_boundary.py", line 185, in _free_boundary_cost
    make_mesh(scan_geom, mesh_file, lim)
  File "/home/nl2951/alfven/PF_location_optimization/opt_comp_combined_boundary.py", line 165, in make_mesh
    mesh_pts, mesh_lc, mesh_reg = gs_mesh.build_mesh()
                                  ^^^^^^^^^^^^^^^^^^^^
  File "/home/nl2951/OpenFUSIONToolkit/install_release/python/OpenFUSIONToolkit/TokaMaker/meshing.py", line 628, in build_mesh
    raise ValueError('Meshing error: unclaimed region detected!')
ValueError: Meshing error: unclaimed region detected!

2026-06-09 13:15:15,898 pid=567318 weight_fb=1.00e-04 params=[170.      10.      96.5161  10.     170.       0.4751   0.5751   0.8149
   1.       0.8316]
Traceback (most recent call last):
  File "/home/nl2951/alfven/PF_location_optimization/opt_comp_combined_boundary.py", line 185, in _free_boundary_cost
    make_mesh(scan_geom, mesh_file, lim)
  File "/home/nl2951/alfven/PF_location_optimization/opt_comp_combined_boundary.py", line 165, in make_mesh
    mesh_pts, mesh_lc, mesh_reg = gs_mesh.build_mesh()
                                  ^^^^^^^^^^^^^^^^^^^^
  File "/home/nl2951/OpenFUSIONToolkit/install_release/python/OpenFUSIONToolkit/TokaMaker/meshing.py", line 628, in build_mesh
    raise ValueError('Meshing error: unclaimed region detected!')
ValueError: Meshing error: unclaimed region detected!

2026-06-09 13:15:50,096 pid=567318 weight_fb=1.00e-04 params=[170.      10.      96.5161  10.     170.       0.4751   0.5751   0.8149
   1.       0.8316]
Traceback (most recent call last):
  File "/home/nl2951/alfven/PF_location_optimization/opt_comp_combined_boundary.py", line 185, in _free_boundary_cost
    make_mesh(scan_geom, mesh_file, lim)
  File "/home/nl2951/alfven/PF_location_optimization/opt_comp_combined_boundary.py", line 165, in make_mesh
    mesh_pts, mesh_lc, mesh_reg = gs_mesh.build_mesh()
                                  ^^^^^^^^^^^^^^^^^^^^
  File "/home/nl2951/OpenFUSIONToolkit/install_release/python/OpenFUSIONToolkit/TokaMaker/meshing.py", line 628, in build_mesh
    raise ValueError('Meshing error: unclaimed region detected!')
ValueError: Meshing error: unclaimed region detected!

2026-06-09 13:16:23,790 pid=567318 weight_fb=1.00e-04 params=[170.      10.      96.5161  10.     170.       0.4751   0.5751   0.8149
   1.       0.8316]
Traceback (most recent call last):
  File "/home/nl2951/alfven/PF_location_optimization/opt_comp_combined_boundary.py", line 185, in _free_boundary_cost
    make_mesh(scan_geom, mesh_file, lim)
  File "/home/nl2951/alfven/PF_location_optimization/opt_comp_combined_boundary.py", line 165, in make_mesh
    mesh_pts, mesh_lc, mesh_reg = gs_mesh.build_mesh()
                                  ^^^^^^^^^^^^^^^^^^^^
  File "/home/nl2951/OpenFUSIONToolkit/install_release/python/OpenFUSIONToolkit/TokaMaker/meshing.py", line 628, in build_mesh
    raise ValueError('Meshing error: unclaimed region detected!')
ValueError: Meshing error: unclaimed region detected!

2026-06-09 13:16:57,469 pid=567318 weight_fb=1.00e-04 params=[170.      10.      96.5161  10.     170.       0.4751   0.5751   0.8149
   1.       0.8316]
Traceback (most recent call last):
  File "/home/nl2951/alfven/PF_location_optimization/opt_comp_combined_boundary.py", line 185, in _free_boundary_cost
    make_mesh(scan_geom, mesh_file, lim)
  File "/home/nl2951/alfven/PF_location_optimization/opt_comp_combined_boundary.py", line 165, in make_mesh
    mesh_pts, mesh_lc, mesh_reg = gs_mesh.build_mesh()
                                  ^^^^^^^^^^^^^^^^^^^^
  File "/home/nl2951/OpenFUSIONToolkit/install_release/python/OpenFUSIONToolkit/TokaMaker/meshing.py", line 628, in build_mesh
    raise ValueError('Meshing error: unclaimed region detected!')
ValueError: Meshing error: unclaimed region detected!

2026-06-09 13:17:30,867 pid=567318 weight_fb=1.00e-04 params=[170.      10.      96.5161  10.     170.       0.4751   0.5751   0.8149
   1.       0.8316]
Traceback (most recent call last):
  File "/home/nl2951/alfven/PF_location_optimization/opt_comp_combined_boundary.py", line 185, in _free_boundary_cost
    make_mesh(scan_geom, mesh_file, lim)
  File "/home/nl2951/alfven/PF_location_optimization/opt_comp_combined_boundary.py", line 165, in make_mesh
    mesh_pts, mesh_lc, mesh_reg = gs_mesh.build_mesh()
                                  ^^^^^^^^^^^^^^^^^^^^
  File "/home/nl2951/OpenFUSIONToolkit/install_release/python/OpenFUSIONToolkit/TokaMaker/meshing.py", line 628, in build_mesh
    raise ValueError('Meshing error: unclaimed region detected!')
ValueError: Meshing error: unclaimed region detected!

2026-06-09 13:18:04,312 pid=567318 weight_fb=1.00e-04 params=[170.      10.      96.5161  10.     170.       0.4751   0.5751   0.8149
   1.       0.8316]
Traceback (most recent call last):
  File "/home/nl2951/alfven/PF_location_optimization/opt_comp_combined_boundary.py", line 185, in _free_boundary_cost
    make_mesh(scan_geom, mesh_file, lim)
  File "/home/nl2951/alfven/PF_location_optimization/opt_comp_combined_boundary.py", line 165, in make_mesh
    mesh_pts, mesh_lc, mesh_reg = gs_mesh.build_mesh()
                                  ^^^^^^^^^^^^^^^^^^^^
  File "/home/nl2951/OpenFUSIONToolkit/install_release/python/OpenFUSIONToolkit/TokaMaker/meshing.py", line 628, in build_mesh
    raise ValueError('Meshing error: unclaimed region detected!')
ValueError: Meshing error: unclaimed region detected!

2026-06-09 13:18:37,512 pid=567318 weight_fb=1.00e-04 params=[170.      10.      96.5161  10.     170.       0.4751   0.5751   0.8149
   1.       0.8316]
Traceback (most recent call last):
  File "/home/nl2951/alfven/PF_location_optimization/opt_comp_combined_boundary.py", line 185, in _free_boundary_cost
    make_mesh(scan_geom, mesh_file, lim)
  File "/home/nl2951/alfven/PF_location_optimization/opt_comp_combined_boundary.py", line 165, in make_mesh
    mesh_pts, mesh_lc, mesh_reg = gs_mesh.build_mesh()
                                  ^^^^^^^^^^^^^^^^^^^^
  File "/home/nl2951/OpenFUSIONToolkit/install_release/python/OpenFUSIONToolkit/TokaMaker/meshing.py", line 628, in build_mesh
    raise ValueError('Meshing error: unclaimed region detected!')
ValueError: Meshing error: unclaimed region detected!

2026-06-09 13:19:10,577 pid=567318 weight_fb=1.00e-04 params=[170.      10.      96.5161  10.     170.       0.4751   0.5751   0.8149
   1.       0.8316]
Traceback (most recent call last):
  File "/home/nl2951/alfven/PF_location_optimization/opt_comp_combined_boundary.py", line 185, in _free_boundary_cost
    make_mesh(scan_geom, mesh_file, lim)
  File "/home/nl2951/alfven/PF_location_optimization/opt_comp_combined_boundary.py", line 165, in make_mesh
    mesh_pts, mesh_lc, mesh_reg = gs_mesh.build_mesh()
                                  ^^^^^^^^^^^^^^^^^^^^
  File "/home/nl2951/OpenFUSIONToolkit/install_release/python/OpenFUSIONToolkit/TokaMaker/meshing.py", line 628, in build_mesh
    raise ValueError('Meshing error: unclaimed region detected!')
ValueError: Meshing error: unclaimed region detected!

2026-06-09 13:19:44,363 pid=567318 weight_fb=1.00e-04 params=[170.      10.      96.5161  10.     170.       0.4751   0.5751   0.8149
   1.       0.8316]
Traceback (most recent call last):
  File "/home/nl2951/alfven/PF_location_optimization/opt_comp_combined_boundary.py", line 185, in _free_boundary_cost
    make_mesh(scan_geom, mesh_file, lim)
  File "/home/nl2951/alfven/PF_location_optimization/opt_comp_combined_boundary.py", line 165, in make_mesh
    mesh_pts, mesh_lc, mesh_reg = gs_mesh.build_mesh()
                                  ^^^^^^^^^^^^^^^^^^^^
  File "/home/nl2951/OpenFUSIONToolkit/install_release/python/OpenFUSIONToolkit/TokaMaker/meshing.py", line 628, in build_mesh
    raise ValueError('Meshing error: unclaimed region detected!')
ValueError: Meshing error: unclaimed region detected!

2026-06-09 13:20:17,335 pid=567318 weight_fb=1.00e-04 params=[170.      10.      96.5161  10.     170.       0.4751   0.5751   0.8149
   1.       0.8316]
Traceback (most recent call last):
  File "/home/nl2951/alfven/PF_location_optimization/opt_comp_combined_boundary.py", line 185, in _free_boundary_cost
    make_mesh(scan_geom, mesh_file, lim)
  File "/home/nl2951/alfven/PF_location_optimization/opt_comp_combined_boundary.py", line 165, in make_mesh
    mesh_pts, mesh_lc, mesh_reg = gs_mesh.build_mesh()
                                  ^^^^^^^^^^^^^^^^^^^^
  File "/home/nl2951/OpenFUSIONToolkit/install_release/python/OpenFUSIONToolkit/TokaMaker/meshing.py", line 628, in build_mesh
    raise ValueError('Meshing error: unclaimed region detected!')
ValueError: Meshing error: unclaimed region detected!

2026-06-09 13:20:50,464 pid=567318 weight_fb=1.00e-04 params=[170.      10.      96.5161  10.     170.       0.4751   0.5751   0.8149
   1.       0.8316]
Traceback (most recent call last):
  File "/home/nl2951/alfven/PF_location_optimization/opt_comp_combined_boundary.py", line 185, in _free_boundary_cost
    make_mesh(scan_geom, mesh_file, lim)
  File "/home/nl2951/alfven/PF_location_optimization/opt_comp_combined_boundary.py", line 165, in make_mesh
    mesh_pts, mesh_lc, mesh_reg = gs_mesh.build_mesh()
                                  ^^^^^^^^^^^^^^^^^^^^
  File "/home/nl2951/OpenFUSIONToolkit/install_release/python/OpenFUSIONToolkit/TokaMaker/meshing.py", line 628, in build_mesh
    raise ValueError('Meshing error: unclaimed region detected!')
ValueError: Meshing error: unclaimed region detected!

2026-06-09 13:21:23,947 pid=567318 weight_fb=1.00e-04 params=[170.      10.      96.5161  10.     170.       0.4751   0.5751   0.8149
   1.       0.8316]
Traceback (most recent call last):
  File "/home/nl2951/alfven/PF_location_optimization/opt_comp_combined_boundary.py", line 185, in _free_boundary_cost
    make_mesh(scan_geom, mesh_file, lim)
  File "/home/nl2951/alfven/PF_location_optimization/opt_comp_combined_boundary.py", line 165, in make_mesh
    mesh_pts, mesh_lc, mesh_reg = gs_mesh.build_mesh()
                                  ^^^^^^^^^^^^^^^^^^^^
  File "/home/nl2951/OpenFUSIONToolkit/install_release/python/OpenFUSIONToolkit/TokaMaker/meshing.py", line 628, in build_mesh
    raise ValueError('Meshing error: unclaimed region detected!')
ValueError: Meshing error: unclaimed region detected!

