{
  "optimization_settings": {
    "method": "brute_force_sobol",
    "num_coils": 2,
    "n_samples": 262144,
    "omega": 1e-07,
    "dist_th": 5.0,
    "reg_in": 5e-06,
    "rfil": 0.01
  },
  "best_cost": 0.023580325075360366,
  "best_flux_err": 0.023580325075360366,
  "n_evals": 262144,
  "time": 287.13901805877686,
  "parameters": {
    "thetas": [
      152.44897052645683,
      12.01869934797287
    ],
    "radials": [
      0.05582562834024429,
      0.0014970190823078156
    ]
  },
  "coil_positions_top": [
    [
      0.9155819039311915,
      0.7690892937470536
    ],
    [
      2.4261381552809693,
      0.3769007224433771
    ]
  ],
  "coil_currents": [
    7202.444940633736,
    7929.72403479474,
    10098.643781162033,
    11174.204105279594
  ]
}