{
  "optimization_settings": {
    "method": "brute_force_sobol",
    "num_coils": 5,
    "n_samples": 262144,
    "omega": 1e-07,
    "dist_th": 5.0,
    "reg_in": 1e-06,
    "rfil": 0.01
  },
  "best_cost": 0.0017845489524715111,
  "best_flux_err": 0.0017844191009128065,
  "n_evals": 262144,
  "time": 741.4386219978333,
  "parameters": {
    "thetas": [
      83.61249640583992,
      16.247313916683197,
      152.57693380117416,
      44.1378989815712,
      148.7164580821991
    ],
    "radials": [
      0.21648755948990583,
      0.4243078036233783,
      0.08793514594435692,
      0.17601656448096037,
      0.004828476347029209
    ]
  },
  "coil_positions_top": [
    [
      1.3136317954433674,
      1.4746764479031234
    ],
    [
      2.6300598726030335,
      0.5323645416383777
    ],
    [
      0.9130160146791452,
      0.7686128093551822
    ],
    [
      2.078344118887856,
      1.169070780262325
    ],
    [
      0.9196151048801247,
      0.8456760587064113
    ]
  ],
  "coil_currents": [
    6559.637780843225,
    8399.860978103346,
    14081.777599369278,
    17554.739198035957,
    13561.978263487183,
    12673.587044954382,
    -6251.787493130041,
    -7931.611774459945,
    13303.537692255166,
    14765.8438415801
  ]
}