{
  "1e-01": 0.0024807403483644123,
  "1e-02": 0.001527240974564926,
  "1e-03": 0.0015181621711483893,
  "1e-04": 0.0015180719329687124
}