{"method": "L-BFGS", "n_evals": 1026, "current_start": 5, "elapsed": 52441.298436164856, "best_cost": 0.10190114117409803, "best_flux_err": 0.04048349424634829, "best_fb_cost": 0.547653942581954, "initial_fixed_cost": 0.20760270419716353, "initial_fb_cost": 9.521497551679637, "best_norm_fixed": 0.19500465758818095, "best_norm_fb": 0.057517626781865346, "best_params": [19.683181699281548, 105.19179271575172, 107.02765670561344, 0.99999999, 0.8490721321446958, 0.14738816845580605]}