{"method": "L-BFGS", "n_evals": 55, "elapsed": 2724.463531970978, "best_cost": 1.0038934881375343, "best_flux_err": 0.20758794929778926, "best_fb_cost": 8.257444365852326, "initial_fixed_cost": 0.20760270419716353, "initial_fb_cost": 8.258180783361604, "best_norm_fixed": 0.9999289272293859, "best_norm_fb": 0.9999108256977418, "best_params": [34.87444347515542, 104.19967172632461, 107.20514495115172, 0.24245677221608392, 0.8456936224422634, 0.26259157977341857]}