{
  "optimization_settings": {
    "method": "brute_force_sobol",
    "num_coils": 6,
    "n_samples": 262144,
    "omega": 1e-07,
    "dist_th": 5.0,
    "reg_in": 1e-05,
    "rfil": 0.01
  },
  "best_cost": 0.027170625058299303,
  "best_flux_err": 0.02716852047591988,
  "n_evals": 262144,
  "time": 855.6280748844147,
  "parameters": {
    "thetas": [
      15.613014250993729,
      72.92585641145706,
      10.894464999437332,
      42.749828547239304,
      45.61879172921181,
      12.122889310121536
    ],
    "radials": [
      0.2202079612761736,
      0.8386296723037958,
      0.07517233211547136,
      0.9933015564456582,
      0.07325540762394667,
      0.04947851598262787
    ]
  },
  "coil_positions_top": [
    [
      2.5231237396531023,
      0.4989317784348505
    ],
    [
      1.5897784476821497,
      1.5572421114969202
    ],
    [
      2.4740695738431535,
      0.346161141443059
    ],
    [
      2.4216106832783773,
      1.270532633048491
    ],
    [
      2.011173094532838,
      1.1761044482972514
    ],
    [
      2.4525667944596705,
      0.3825993222508436
    ]
  ],
  "coil_currents": [
    2482.9510971023838,
    3965.65384064794,
    966.6215983754568,
    2010.483446280138,
    3325.365367161053,
    4257.1808111315695,
    838.6467706726032,
    489.9960743948682,
    635.7285368096274,
    -2297.871696018449,
    3167.3449771438936,
    4362.15632085526
  ]
}