{"method": "L-BFGS", "n_evals": 1044, "current_start": 4, "elapsed": 52431.284283638, "best_cost": 0.25031935416159184, "best_flux_err": 0.010422338530156311, "best_fb_cost": 2.6180473618364446, "initial_fixed_cost": 0.20760270419716353, "initial_fb_cost": 8.258180783361604, "best_norm_fixed": 0.05020328887555363, "best_norm_fb": 0.31702470925693793, "best_params": [149.48386734697988, 10.00000001, 142.32811509682008, 0.9993271160326163, 0.0, 0.0]}