{
  "optimization_settings": {
    "method": "brute_force_sobol",
    "num_coils": 5,
    "n_samples": 262144,
    "omega": 1e-07,
    "dist_th": 5.0,
    "reg_in": 1e-07,
    "rfil": 0.01
  },
  "best_cost": 5.966173037068992e-05,
  "best_flux_err": 5.876610590943846e-05,
  "n_evals": 262144,
  "time": 855.3489010334015,
  "parameters": {
    "thetas": [
      56.496100425720215,
      111.19506657123566,
      146.71938493847847,
      17.082721143960953,
      148.72668638825417
    ],
    "radials": [
      0.8493157550692558,
      0.5140216210857034,
      0.7644570516422391,
      0.48690836504101753,
      0.18797113373875618
    ]
  },
  "coil_positions_top": [
    [
      2.0065526139399497,
      1.4419584697066083
    ],
    [
      0.9637080206950778,
      1.4436111144914214
    ],
    [
      0.858854030308828,
      0.9524737289244136
    ],
    [
      2.6562964798370445,
      0.5626205306266394
    ],
    [
      0.9049638458751826,
      0.860765134554333
    ]
  ],
  "coil_currents": [
    -13089.258534960627,
    -16396.570158565573,
    16047.383980073275,
    31403.866029792473,
    16377.628944555976,
    19431.15387491357,
    15770.569844312253,
    18910.615412557374,
    17566.804038924045,
    9387.641451890955
  ]
}