{
  "optimization_settings": {
    "method": "brute_force_sobol",
    "num_coils": 8,
    "n_samples": 262144,
    "omega": 1e-07,
    "dist_th": 5.0,
    "reg_in": 1e-05,
    "rfil": 0.01
  },
  "best_cost": 0.025659083530000272,
  "best_flux_err": 0.025654750102043964,
  "n_evals": 262144,
  "time": 1168.4903800487518,
  "parameters": {
    "thetas": [
      133.11676919460297,
      46.78480550646782,
      68.70377376675606,
      12.351439595222473,
      10.755113661289215,
      11.730354577302933,
      19.10174399614334,
      130.9382399916649
    ],
    "radials": [
      0.812460646033287,
      0.48775854986160994,
      0.6813370557501912,
      0.007304028607904911,
      0.7415810571983457,
      0.04744984861463308,
      0.0009108483791351318,
      0.40059162117540836
    ]
  },
  "coil_positions_top": [
    [
      0.8584651285415362,
      1.2011522680011069
    ],
    [
      2.1351662716150637,
      1.2590618386943089
    ],
    [
      1.6616691969549622,
      1.5083705992867698
    ],
    [
      2.427458801849558,
      0.3872915213597456
    ],
    [
      2.852625487386921,
      0.3732209001097362
    ],
    [
      2.453720763142712,
      0.3705002823097776
    ],
    [
      2.372992792861591,
      0.5842971805180927
    ],
    [
      0.8924772368482021,
      1.1850723854158223
    ]
  ],
  "coil_currents": [
    696.1066523459443,
    1946.639983019363,
    503.8833140362188,
    -2754.2979683845692,
    1001.8751582853033,
    574.9496778765852,
    3052.499088079317,
    3888.488849563696,
    2484.6862277763307,
    2570.772410018773,
    3188.086757799827,
    3901.3354844239802,
    1307.1643507631836,
    2744.024105698629,
    784.3783621525359,
    2171.5521210602137
  ]
}