{"method": "L-BFGS", "n_evals": 50, "elapsed": 2721.1080055236816, "best_cost": 0.11513071033424029, "best_flux_err": 0.02886578585995114, "best_fb_cost": 1.01891310564263, "initial_fixed_cost": 0.20760270419716353, "initial_fb_cost": 9.521497551679637, "best_norm_fixed": 0.13904340009240368, "best_norm_fb": 0.10701185397699219, "best_params": [10.0, 102.36129903353132, 107.0281776916824, 0.99999999, 0.84967486616996, 0.37926150024160377]}