{
  "optimization_settings": {
    "method": "brute_force_sobol",
    "num_coils": 6,
    "n_samples": 262144,
    "omega": 1e-07,
    "dist_th": 5.0,
    "reg_in": 5e-06,
    "rfil": 0.01
  },
  "best_cost": 0.014646490760515753,
  "best_flux_err": 0.014646154277150426,
  "n_evals": 262144,
  "time": 856.1238741874695,
  "parameters": {
    "thetas": [
      11.974361836910248,
      146.3120947778225,
      43.313986361026764,
      136.48359656333923,
      15.140013545751572,
      169.89670395851135
    ],
    "radials": [
      0.0508896941319108,
      0.32061091158539057,
      0.3619724754244089,
      0.6822294043377042,
      0.10147940367460251,
      0.10310981143265963
    ]
  },
  "coil_positions_top": [
    [
      2.454240358175657,
      0.37813856081791103
    ],
    [
      0.8943669389666484,
      0.9218090392284866
    ],
    [
      2.1657431815278976,
      1.1841269692737473
    ],
    [
      0.8670101421781449,
      1.1344083445160589
    ],
    [
      2.4611886976360093,
      0.4768105895896481
    ],
    [
      0.9118412706756744,
      0.3120982671021868
    ]
  ],
  "coil_currents": [
    5802.442656582425,
    6452.122897608366,
    3134.426957315137,
    5687.310409673488,
    -1578.6820874131474,
    -5344.483488905111,
    2285.0746298211766,
    4068.543773048583,
    3747.2612953507432,
    6827.761562224458,
    -6097.7908064938465,
    -5023.2796701435245
  ]
}