{
  "optimization_settings": {
    "method": "brute_force_sobol",
    "num_coils": 8,
    "n_samples": 262144,
    "omega": 1e-07,
    "dist_th": 5.0,
    "reg_in": 5e-06,
    "rfil": 0.01
  },
  "best_cost": 0.013396438202460245,
  "best_flux_err": 0.013395330708145295,
  "n_evals": 262144,
  "time": 1138.6218230724335,
  "parameters": {
    "thetas": [
      139.82149332761765,
      11.18713766336441,
      145.21169796586037,
      14.524032771587372,
      88.8885135948658,
      16.641494780778885,
      79.19734105467796,
      42.94820562005043
    ],
    "radials": [
      0.7295806854963303,
      0.03573657479137182,
      0.02272881753742695,
      0.43184880167245865,
      0.2313084453344345,
      0.2343251332640648,
      0.4816690543666482,
      0.048909627832472324
    ]
  },
  "coil_positions_top": [
    [
      0.8622811639138988,
      1.0829570975936507
    ],
    [
      2.450148660474519,
      0.3532703834720122
    ],
    [
      0.9182218724709703,
      0.9166285548037071
    ],
    [
      2.6495087719984305,
      0.47919139934677507
    ],
    [
      1.2374444225295254,
      1.482037895605386
    ],
    [
      2.5220965526543533,
      0.5308441045223768
    ],
    [
      1.413640037964733,
      1.5140610966944936
    ],
    [
      2.0530429875777285,
      1.1302276027223777
    ]
  ],
  "coil_currents": [
    2739.9146508578397,
    4613.625500542097,
    4569.145987416905,
    4564.349101784201,
    3819.5303835141403,
    6431.788221793027,
    2828.2742158474757,
    4596.727044832888,
    2672.9574415370025,
    4016.5185922974683,
    2558.5070466962743,
    5477.288567635611,
    2587.312366525436,
    3545.574081177508,
    -1135.0993670381479,
    -5541.292223306193
  ]
}