{
  "optimization_settings": {
    "method": "brute_force_sobol",
    "num_coils": 6,
    "n_samples": 262144,
    "omega": 1e-07,
    "dist_th": 5.0,
    "reg_in": 1e-06,
    "rfil": 0.01
  },
  "best_cost": 0.001664892209322577,
  "best_flux_err": 0.00166379952778796,
  "n_evals": 262144,
  "time": 859.4378879070282,
  "parameters": {
    "thetas": [
      47.57868051528931,
      15.915184020996094,
      151.52301624417305,
      138.40258717536926,
      11.806207448244095,
      149.70623672008514
    ],
    "radials": [
      0.20147802215069532,
      0.15064141619950533,
      0.6928221397101879,
      0.3768122559413314,
      0.8208151571452618,
      0.35389722883701324
    ]
  },
  "coil_positions_top": [
    [
      2.0173008659114227,
      1.2251074486679912
    ],
    [
      2.4822510359915846,
      0.5032567664267155
    ],
    [
      0.8646153044553972,
      0.8392130696359423
    ],
    [
      0.8907250752531375,
      1.07118096692809
    ],
    [
      2.8896482743704537,
      0.4127086502999904
    ],
    [
      0.8916978050009456,
      0.8534564813923873
    ]
  ],
  "coil_currents": [
    -4777.9283735500285,
    -6403.470321241378,
    7177.378187985392,
    8774.012008150787,
    12818.585092085255,
    11498.514993728972,
    11388.240959971828,
    16720.47464086506,
    5865.781081818355,
    8098.607332118191,
    14113.868798549664,
    13770.606506368225
  ]
}