{
  "6_coils_lambda_1.00e-05_Multi-start L-BFGS": {
    "num_coils": 6,
    "lambda": 1e-05,
    "method": "Multi-start L-BFGS",
    "total_current": 1064079.480403101,
    "flux_error_fixed_boundary": 0.022148597334776178,
    "coil_params": {
      "thetas": [
        10.0,
        170.0,
        10.0,
        12.006725095866834,
        18.537293069858613,
        42.69552995653039
      ],
      "radials": [
        0.0,
        0.0,
        0.0,
        0.0,
        0.0,
        0.0
      ]
    },
    "success": true
  },
  "6_coils_lambda_1.00e-05_Bayesian": {
    "num_coils": 6,
    "lambda": 1e-05,
    "method": "Bayesian",
    "total_current": 1064876.7756348397,
    "flux_error_fixed_boundary": 0.022148598420697652,
    "coil_params": {
      "thetas": [
        42.69920850354366,
        12.009807569336132,
        170.0,
        18.522022423848288,
        10.0,
        10.0
      ],
      "radials": [
        0.0,
        0.0,
        0.0,
        0.0,
        0.0,
        0.0
      ]
    },
    "success": true
  },
  "6_coils_lambda_1.00e-06_Multi-start L-BFGS": {
    "num_coils": 6,
    "lambda": 1e-06,
    "method": "Multi-start L-BFGS",
    "total_current": NaN,
    "flux_error_fixed_boundary": 0.0010978130264651586,
    "coil_params": {
      "thetas": [
        150.22427502539693,
        14.93274218791768,
        170.0,
        149.01471286899042,
        151.3570119936331,
        45.74557089235441
      ],
      "radials": [
        0.0,
        0.29547924165168515,
        0.0,
        0.0,
        0.0,
        0.0
      ]
    },
    "success": false
  },
  "6_coils_lambda_1.00e-06_Bayesian": {
    "num_coils": 6,
    "lambda": 1e-06,
    "method": "Bayesian",
    "total_current": NaN,
    "flux_error_fixed_boundary": 0.0011564611416507173,
    "coil_params": {
      "thetas": [
        20.173123532228885,
        144.42008966922947,
        146.109539048123,
        44.56679137589168,
        145.2969520840295,
        10.0
      ],
      "radials": [
        0.07890207076852149,
        0.0,
        0.0,
        0.0,
        0.0,
        0.16972517280733293
      ]
    },
    "success": false
  },
  "6_coils_lambda_1.00e-07_Multi-start L-BFGS": {
    "num_coils": 6,
    "lambda": 1e-07,
    "method": "Multi-start L-BFGS",
    "total_current": 1457566.409534635,
    "flux_error_fixed_boundary": 3.071908418688441e-05,
    "coil_params": {
      "thetas": [
        37.41296452933544,
        139.16070961015066,
        153.60158691888444,
        96.12303176512661,
        16.401415409045033,
        53.50263999290128
      ],
      "radials": [
        0.0,
        0.0,
        0.0,
        0.0,
        0.43061084558413065,
        0.0
      ]
    },
    "success": true
  },
  "6_coils_lambda_1.00e-07_Bayesian": {
    "num_coils": 6,
    "lambda": 1e-07,
    "method": "Bayesian",
    "total_current": 1474862.3886316225,
    "flux_error_fixed_boundary": 3.289490882718048e-05,
    "coil_params": {
      "thetas": [
        141.84523987901102,
        162.70678191684394,
        37.75425275382358,
        16.33598045092582,
        53.73831865111907,
        95.78819429794126
      ],
      "radials": [
        0.0,
        0.0,
        0.0,
        0.4277565402050806,
        0.0,
        0.0
      ]
    },
    "success": true
  },
  "6_coils_lambda_1.00e-08_Multi-start L-BFGS": {
    "num_coils": 6,
    "lambda": 1e-08,
    "method": "Multi-start L-BFGS",
    "total_current": 1947428.7168000427,
    "flux_error_fixed_boundary": 4.826327458039462e-06,
    "coil_params": {
      "thetas": [
        40.34444417120315,
        35.8698345896623,
        102.54055148392142,
        159.24145632684775,
        16.43768104233215,
        58.888774808518896
      ],
      "radials": [
        0.24461554871526708,
        0.4189172371616447,
        0.0,
        1.0,
        0.43475574068935263,
        0.0
      ]
    },
    "success": true
  },
  "6_coils_lambda_1.00e-08_Bayesian": {
    "num_coils": 6,
    "lambda": 1e-08,
    "method": "Bayesian",
    "total_current": 1809234.3996953503,
    "flux_error_fixed_boundary": 4.374026180118183e-06,
    "coil_params": {
      "thetas": [
        16.265244393102932,
        27.745875507403998,
        44.78265141045884,
        54.03557879777358,
        121.44412514450325,
        163.72338820748695
      ],
      "radials": [
        0.4367844442902524,
        0.002591476552755345,
        0.0,
        0.6306399807759353,
        0.0,
        0.9962056040174498
      ]
    },
    "success": true
  },
  "6_coils_lambda_5.00e-06_Multi-start L-BFGS": {
    "num_coils": 6,
    "lambda": 4.9999999999999996e-06,
    "method": "Multi-start L-BFGS",
    "total_current": 887346.289527939,
    "flux_error_fixed_boundary": 0.011340563297541824,
    "coil_params": {
      "thetas": [
        170.0,
        43.76854147309133,
        151.48458241230136,
        17.177375644428203,
        170.0,
        10.0
      ],
      "radials": [
        0.0,
        0.0,
        0.0,
        0.0,
        0.0,
        0.009655187130631192
      ]
    },
    "success": true
  },
  "6_coils_lambda_5.00e-06_Bayesian": {
    "num_coils": 6,
    "lambda": 4.9999999999999996e-06,
    "method": "Bayesian",
    "total_current": 887338.9400840409,
    "flux_error_fixed_boundary": 0.011340563302274771,
    "coil_params": {
      "thetas": [
        10.0,
        17.176931111160084,
        151.48461934525193,
        43.76882659293173,
        170.0,
        170.0
      ],
      "radials": [
        0.009662971351713517,
        0.0,
        0.0,
        0.0,
        0.0,
        0.0
      ]
    },
    "success": true
  }
}