{
  "optimization_settings": {
    "method": "brute_force_sobol",
    "num_coils": 5,
    "n_samples": 262144,
    "omega": 1e-07,
    "dist_th": 5.0,
    "reg_in": 5e-06,
    "rfil": 0.01
  },
  "best_cost": 0.01689916887507504,
  "best_flux_err": 0.01689916887507504,
  "n_evals": 262144,
  "time": 740.3759303092957,
  "parameters": {
    "thetas": [
      20.61343625187874,
      144.24880415201187,
      44.80070635676384,
      11.095304489135742,
      97.6041179895401
    ],
    "radials": [
      0.05845281109213829,
      0.16507386416196823,
      0.14467237144708633,
      0.017556517384946346,
      0.14169329963624477
    ]
  },
  "coil_positions_top": [
    [
      2.3892636873629334,
      0.6313929376267833
    ],
    [
      0.9068759378941635,
      0.9478110554510967
    ],
    [
      2.0534553942727563,
      1.1747046084284274
    ],
    [
      2.440356280537911,
      0.34956946884582557
    ],
    [
      1.1236197672394632,
      1.4583374115180021
    ]
  ],
  "coil_currents": [
    1826.6697026889512,
    5198.107154540147,
    4014.7222205393996,
    8257.464817246748,
    651.445174896733,
    -4472.825706385857,
    7725.916933699284,
    8103.219777906779,
    3287.7691859169495,
    6129.816864516332
  ]
}