{
  "optimization_settings": {
    "method": "brute_force_sobol",
    "num_coils": 8,
    "n_samples": 262144,
    "omega": 1e-07,
    "dist_th": 5.0,
    "reg_in": 1e-07,
    "rfil": 0.01
  },
  "best_cost": 3.295579185671106e-05,
  "best_flux_err": 3.295579185671106e-05,
  "n_evals": 262144,
  "time": 1167.907398223877,
  "parameters": {
    "thetas": [
      16.119758188724518,
      146.54140695929527,
      57.98403337597847,
      105.05536705255508,
      94.9029552936554,
      45.10784670710564,
      132.76372000575066,
      153.0720317363739
    ],
    "radials": [
      0.40923239663243294,
      0.017311520874500275,
      0.1303380150347948,
      0.030218870379030704,
      0.01616181991994381,
      0.3715069033205509,
      0.25379743706434965,
      0.18828208092600107
    ]
  },
  "coil_positions_top": [
    [
      2.622949193470957,
      0.5273781049770186
    ],
    [
      0.9186255568551219,
      0.8905099853706315
    ],
    [
      1.7776897407898675,
      1.3339384408931394
    ],
    [
      1.0397581464651346,
      1.4088041367770472
    ],
    [
      1.1523921113084212,
      1.4400537826856405
    ],
    [
      2.13073263845185,
      1.2148746680305096
    ],
    [
      0.902727516968271,
      1.143069697115722
    ],
    [
      0.9049994394190983,
      0.7647600189072465
    ]
  ],
  "coil_currents": [
    14334.488510810477,
    17006.15453375319,
    8957.81506513171,
    7470.425500304105,
    -6738.935605341776,
    -11918.915327201643,
    7135.460435971783,
    13783.166191352368,
    7956.319557283422,
    16376.510425297987,
    -4063.1762546575824,
    -3670.969366763329,
    7465.865162777634,
    10868.265103855312,
    13549.157389328673,
    7900.128237171588
  ]
}