{
  "optimization_settings": {
    "method": "brute_force_sobol",
    "num_coils": 8,
    "n_samples": 262144,
    "omega": 1e-07,
    "dist_th": 5.0,
    "reg_in": 1e-08,
    "rfil": 0.01
  },
  "best_cost": 4.483192649397919e-06,
  "best_flux_err": 4.483192649397919e-06,
  "n_evals": 262144,
  "time": 1148.8672161102295,
  "parameters": {
    "thetas": [
      16.188451945781708,
      82.37805485725403,
      160.63759565353394,
      117.80488133430481,
      30.64829871058464,
      91.6086995601654,
      37.16042324900627,
      63.698961436748505
    ],
    "radials": [
      0.42549669556319714,
      0.9172776807099581,
      0.6390432687476277,
      0.18473765440285206,
      0.37241117656230927,
      0.9843041216954589,
      0.012019434943795204,
      0.46342460811138153
    ]
  },
  "coil_positions_top": [
    [
      2.6312632139629795,
      0.5306316604215285
    ],
    [
      1.3957526297643434,
      1.600209593717811
    ],
    [
      0.8690653608558705,
      0.6014390389175657
    ],
    [
      0.9356667971167973,
      1.315287004765768
    ],
    [
      2.4137437709834595,
      0.9262063583937103
    ],
    [
      1.2324118179151256,
      1.619347605320066
    ],
    [
      2.1409319346312703,
      1.0205588123086387
    ],
    [
      1.7334650235239475,
      1.4381939509240782
    ]
  ],
  "coil_currents": [
    14335.54761284063,
    16759.361227181973,
    13223.555522115488,
    8045.775821316193,
    13378.537481110203,
    8942.409424453293,
    35712.61883115245,
    51302.70637491963,
    176.1979804489622,
    874.9253992361479,
    20457.87817384023,
    18724.692917352106,
    -1048.0593460728924,
    -1742.1742325526814,
    -26643.939565220116,
    -26382.320361700233
  ]
}