{
  "optimization_settings": {
    "method": "brute_force_sobol",
    "num_coils": 5,
    "n_samples": 262144,
    "omega": 1e-07,
    "dist_th": 5.0,
    "reg_in": 1e-05,
    "rfil": 0.01
  },
  "best_cost": 0.028218959971065615,
  "best_flux_err": 0.028216833560277352,
  "n_evals": 262144,
  "time": 743.6163120269775,
  "parameters": {
    "thetas": [
      12.782903909683228,
      142.79827430844307,
      45.305993407964706,
      15.405365079641342,
      11.734032481908798
    ],
    "radials": [
      0.2959069740027189,
      0.4608854055404663,
      0.0927099036052823,
      0.5805135276168585,
      0.006256455555558205
    ]
  },
  "coil_positions_top": [
    [
      2.586904419594515,
      0.4164127608668702
    ],
    [
      0.8833232367237591,
      1.002659735418698
    ],
    [
      2.0243704708387016,
      1.1744053953957108
    ],
    [
      2.7241297391381116,
      0.5167025333179176
    ],
    [
      2.430448534929085,
      0.3685008395340848
    ]
  ],
  "coil_currents": [
    3241.473950500582,
    4514.148881501074,
    815.7883658985551,
    2985.8243514644755,
    1128.2916238871514,
    -1918.3090962572842,
    2778.323491727113,
    3822.8373293501368,
    3753.9764467322075,
    5315.019298356017
  ]
}