{
  "optimization_settings": {
    "method": "brute_force_sobol",
    "num_coils": 6,
    "n_samples": 262144,
    "omega": 1e-07,
    "dist_th": 5.0,
    "reg_in": 1e-08,
    "rfil": 0.01
  },
  "best_cost": 7.792821623411938e-06,
  "best_flux_err": 7.792821623411938e-06,
  "n_evals": 262144,
  "time": 854.2204489707947,
  "parameters": {
    "thetas": [
      161.21512562036514,
      35.56478187441826,
      17.588669657707214,
      64.3918789923191,
      167.2566495835781,
      103.63049611449242
    ],
    "radials": [
      0.767464991658926,
      0.6144481897354126,
      0.48548418655991554,
      0.5585426772013307,
      0.01305675134062767,
      0.0008952636271715164
    ]
  },
  "coil_positions_top": [
    [
      0.8588015203665065,
      0.5923388825190938
    ],
    [
      2.432932154311946,
      1.070951238849363
    ],
    [
      2.650358536527724,
      0.5780531381673878
    ],
    [
      1.7380252610476754,
      1.4597728688099727
    ],
    [
      0.9190741569644093,
      0.3854074986421851
    ],
    [
      1.055118546695445,
      1.4114675251812965
    ]
  ],
  "coil_currents": [
    15476.041839831047,
    13313.675673142841,
    -3389.793593197727,
    -3724.5760297611578,
    16879.96387088106,
    19945.384725946635,
    -21068.38014694767,
    -24454.923156211815,
    -665.3242321836201,
    -1521.3364108932988,
    56687.27205732386,
    66480.70276782625
  ]
}