{
  "optimization_settings": {
    "method": "brute_force_sobol",
    "num_coils": 2,
    "n_samples": 262144,
    "omega": 1e-07,
    "dist_th": 5.0,
    "reg_in": 1e-06,
    "rfil": 0.01
  },
  "best_cost": 0.006304271919046357,
  "best_flux_err": 0.006304271919046357,
  "n_evals": 262144,
  "time": 286.2480709552765,
  "parameters": {
    "thetas": [
      13.393090814352036,
      154.86434191465378
    ],
    "radials": [
      0.16161308903247118,
      0.026759890839457512
    ]
  },
  "coil_positions_top": [
    [
      2.5073718315381335,
      0.42767728096142116
    ],
    [
      0.9179481380640511,
      0.7111492424808226
    ]
  ],
  "coil_currents": [
    11637.023083945905,
    13222.36744083444,
    33995.054124471346,
    33886.715012467634
  ]
}