{
  "optimization_settings": {
    "method": "brute_force_sobol",
    "num_coils": 6,
    "n_samples": 262144,
    "omega": 1e-07,
    "dist_th": 5.0,
    "reg_in": 1e-07,
    "rfil": 0.01
  },
  "best_cost": 4.347080443578263e-05,
  "best_flux_err": 4.347080443578263e-05,
  "n_evals": 262144,
  "time": 853.8359811306,
  "parameters": {
    "thetas": [
      136.85684710741043,
      16.702834516763687,
      130.8842435479164,
      58.293399810791016,
      115.09613826870918,
      157.09286093711853
    ],
    "radials": [
      0.4104991341009736,
      0.45125050377100706,
      0.19913673400878906,
      0.9062801050022244,
      0.8335031094029546,
      0.6608058596029878
    ]
  },
  "coil_positions_top": [
    [
      0.8884784980693086,
      1.0995713094598134
    ],
    [
      2.640521556204053,
      0.548321637656354
    ],
    [
      0.9082815141234306,
      1.1622138837559846
    ],
    [
      1.9737463402651687,
      1.4697612575523638
    ],
    [
      0.9133447469538432,
      1.4504312401794661
    ],
    [
      0.8672894043357198,
      0.6983942354701879
    ]
  ],
  "coil_currents": [
    15069.750571302011,
    21297.960327437748,
    15410.484169268493,
    18406.596852791357,
    15965.996887361403,
    21869.35039864782,
    -13858.577738770426,
    -16192.134658080146,
    12616.685647377715,
    12569.004139339351,
    12309.451052498567,
    5610.831057876686
  ]
}