{
  "optimization_settings": {
    "method": "brute_force_sobol",
    "num_coils": 7,
    "n_samples": 262144,
    "omega": 1e-07,
    "dist_th": 5.0,
    "reg_in": 1e-08,
    "rfil": 0.01
  },
  "best_cost": 6.662738028776323e-06,
  "best_flux_err": 6.662738028776323e-06,
  "n_evals": 262144,
  "time": 1001.8604347705841,
  "parameters": {
    "thetas": [
      61.917813420295715,
      17.522305101156235,
      164.22791421413422,
      109.56834077835083,
      44.34863343834877,
      38.3247572183609,
      152.36535385251045
    ],
    "radials": [
      0.3691699979826808,
      0.4935834240168333,
      0.4757516123354435,
      0.9990522367879748,
      0.6950949570164084,
      0.4564926130697131,
      0.7121600853279233
    ]
  },
  "coil_positions_top": [
    [
      1.7522693660457724,
      1.4084505784352974
    ],
    [
      2.6554577004609303,
      0.5766302120521276
    ],
    [
      0.8821124511516318,
      0.49162957367795546
    ],
    [
      0.9653118077687375,
      1.5455773189117612
    ],
    [
      2.2680978710683166,
      1.2527951470306689
    ],
    [
      2.308105456383816,
      1.1065761684356703
    ],
    [
      0.8630862050210439,
      0.820692516823663
    ]
  ],
  "coil_currents": [
    -19887.041354746154,
    -21223.601805802842,
    16130.860772143644,
    19133.96576743131,
    6004.835982545881,
    3269.712215417408,
    73305.85773447697,
    85126.89206602532,
    3507.445316882293,
    -1017.8124628085261,
    -5967.881605317633,
    -3282.7606813928874,
    12085.792926610753,
    12132.792999586673
  ]
}