{
  "optimization_settings": {
    "method": "brute_force_sobol",
    "num_coils": 4,
    "n_samples": 262144,
    "omega": 1e-07,
    "dist_th": 5.0,
    "reg_in": 1e-05,
    "rfil": 0.01
  },
  "best_cost": 0.029114445500717585,
  "best_flux_err": 0.029112367355840944,
  "n_evals": 262144,
  "time": 591.2074282169342,
  "parameters": {
    "thetas": [
      11.387027502059937,
      37.71972879767418,
      15.46759694814682,
      16.002611368894577
    ],
    "radials": [
      0.22170005924999714,
      0.0010024495422840118,
      0.04413479473441839,
      0.10560708027333021
    ]
  },
  "coil_positions_top": [
    [
      2.554180034107185,
      0.3686559609137491
    ],
    [
      2.126818170028103,
      1.029849302249589
    ],
    [
      2.426965400900614,
      0.4827373887706393
    ],
    [
      2.4567179669528723,
      0.5027442090612799
    ]
  ],
  "coil_currents": [
    4208.076449018858,
    4911.099670549333,
    367.93266875137016,
    -1979.838477581266,
    3019.6861028104795,
    4414.268448105859,
    2916.054153616272,
    4240.571531675282
  ]
}