{
  "optimization_settings": {
    "method": "brute_force_sobol",
    "num_coils": 3,
    "n_samples": 262144,
    "omega": 1e-07,
    "dist_th": 5.0,
    "reg_in": 1e-07,
    "rfil": 0.01
  },
  "best_cost": 0.00010623550915523646,
  "best_flux_err": 0.00010623550915523646,
  "n_evals": 262144,
  "time": 442.0250868797302,
  "parameters": {
    "thetas": [
      48.502680361270905,
      143.96017536520958,
      15.858047008514404
    ],
    "radials": [
      0.15459503792226315,
      0.5103897899389267,
      0.3894638456404209
    ]
  },
  "coil_positions_top": [
    [
      1.9820524871603762,
      1.2304707278054048
    ],
    [
      0.8792786640980379,
      0.9853115899941868
    ],
    [
      2.6144368462856966,
      0.5179414109972006
    ]
  ],
  "coil_currents": [
    -7532.837061941917,
    -7707.535870860474,
    44640.88849870716,
    45462.752182126686,
    14055.88951146103,
    16537.477266029768
  ]
}