{
  "optimization_settings": {
    "method": "brute_force_sobol",
    "num_coils": 4,
    "n_samples": 262144,
    "omega": 1e-07,
    "dist_th": 5.0,
    "reg_in": 1e-07,
    "rfil": 0.01
  },
  "best_cost": 7.17183445420062e-05,
  "best_flux_err": 7.17183445420062e-05,
  "n_evals": 262144,
  "time": 592.6116960048676,
  "parameters": {
    "thetas": [
      132.41476774215698,
      53.231511265039444,
      16.15479737520218,
      154.98614981770515
    ],
    "radials": [
      0.5117861945182085,
      0.4878087528049946,
      0.3967925179749727,
      0.7266028802841902
    ]
  },
  "coil_positions_top": [
    [
      0.8826383063333711,
      1.177345117003433
    ],
    [
      1.9842922511951642,
      1.3450072036603058
    ],
    [
      2.615776548142524,
      0.527588032370333
    ],
    [
      0.8619890348980934,
      0.7571113286044779
    ]
  ],
  "coil_currents": [
    33624.82205224441,
    47439.94859103865,
    -9522.959967393821,
    -11487.747649994035,
    14456.518427663983,
    17285.86175776963,
    17755.047989230727,
    10263.06779425482
  ]
}