{
  "optimization_settings": {
    "method": "brute_force_sobol",
    "num_coils": 5,
    "n_samples": 262144,
    "omega": 1e-07,
    "dist_th": 5.0,
    "reg_in": 1e-08,
    "rfil": 0.01
  },
  "best_cost": 1.1802813643383423e-05,
  "best_flux_err": 1.1802813643383423e-05,
  "n_evals": 262144,
  "time": 1422.851550102234,
  "parameters": {
    "thetas": [
      136.43126115202904,
      66.54783248901367,
      166.81605026125908,
      16.81043490767479,
      61.431960463523865
    ],
    "radials": [
      0.14854239858686924,
      0.33776351157575846,
      0.08235372602939606,
      0.4657074585556984,
      0.993899405002594
    ]
  },
  "coil_positions_top": [
    [
      0.909437239744513,
      1.0782960672050734
    ],
    [
      1.644894405827453,
      1.4348864763060005
    ],
    [
      0.9135386471260313,
      0.40063773530446356
    ],
    [
      2.6473962593101543,
      0.5526816824206742
    ],
    [
      1.9104848018802534,
      1.5131980473595397
    ]
  ],
  "coil_currents": [
    47197.93722449226,
    51718.99244845572,
    4861.391313079488,
    7018.343614140114,
    4739.077072745494,
    2348.8435344499985,
    15770.762023267505,
    18787.348069778174,
    -18249.834436352296,
    -21732.423521617387
  ]
}