{
  "optimization_settings": {
    "method": "brute_force_sobol",
    "num_coils": 3,
    "n_samples": 262144,
    "omega": 1e-07,
    "dist_th": 5.0,
    "reg_in": 5e-06,
    "rfil": 0.01
  },
  "best_cost": 0.02121977451778371,
  "best_flux_err": 0.02121977451778371,
  "n_evals": 262144,
  "time": 446.25312423706055,
  "parameters": {
    "thetas": [
      40.048703104257584,
      13.016141653060913,
      169.5383207499981
    ],
    "radials": [
      0.24012773483991623,
      0.014151566661894321,
      0.5561039857566357
    ]
  },
  "coil_positions_top": [
    [
      2.184108403111988,
      1.1082572290785966
    ],
    [
      2.427238709300606,
      0.4077415565303191
    ],
    [
      0.8756236867661734,
      0.3369441208860307
    ]
  ],
  "coil_currents": [
    -824.1987476742937,
    -3689.170886829614,
    8974.350164091036,
    12362.225091197086,
    -8674.440181904507,
    -5268.780209221424
  ]
}