{
  "optimization_settings": {
    "method": "brute_force_sobol",
    "num_coils": 4,
    "n_samples": 262144,
    "omega": 1e-07,
    "dist_th": 5.0,
    "reg_in": 5e-06,
    "rfil": 0.01
  },
  "best_cost": 0.018297126870602625,
  "best_flux_err": 0.018297126870602625,
  "n_evals": 262144,
  "time": 592.0601680278778,
  "parameters": {
    "thetas": [
      10.254936218261719,
      17.62417048215866,
      46.882685869932175,
      149.3371945619583
    ],
    "radials": [
      0.20448913797736168,
      0.060532365925610065,
      0.48585524037480354,
      0.012970799580216408
    ]
  },
  "coil_positions_top": [
    [
      2.550899642270987,
      0.3321514268319944
    ],
    [
      2.418455740490396,
      0.5469004520591131
    ],
    [
      2.1322423124717975,
      1.2602325816267814
    ],
    [
      0.9189675081519344,
      0.8334388310200236
    ]
  ],
  "coil_currents": [
    6740.735897509339,
    7293.992703850096,
    3295.8577213293015,
    6583.110141118124,
    1309.3303560224338,
    -3658.9067939056754,
    4666.367414360574,
    9978.002622125825
  ]
}