{
  "optimization_settings": {
    "method": "brute_force_sobol",
    "num_coils": 4,
    "n_samples": 262144,
    "omega": 1e-07,
    "dist_th": 5.0,
    "reg_in": 1e-08,
    "rfil": 0.01
  },
  "best_cost": 2.596326430191161e-05,
  "best_flux_err": 2.596326430191161e-05,
  "n_evals": 262144,
  "time": 597.9830930233002,
  "parameters": {
    "thetas": [
      154.06583338975906,
      15.693856179714203,
      93.66282224655151,
      64.15063291788101
    ],
    "radials": [
      0.861836414784193,
      0.3585988925769925,
      0.7060257056728005,
      0.60684107337147
    ]
  },
  "coil_positions_top": [
    [
      0.8511545389757251,
      0.7899401644956713
    ],
    [
      2.598866711910727,
      0.5107782680875891
    ],
    [
      1.1897624092624983,
      1.5672235384795141
    ],
    [
      1.7540231042782197,
      1.466562278124053
    ]
  ],
  "coil_currents": [
    25340.476428520797,
    19848.24983459242,
    13854.416229547114,
    16398.46783339459,
    48969.54362860419,
    66915.76930359026,
    -25775.88459233199,
    -32539.036874640908
  ]
}